county,county_fips,year,registration_type,total
Aurora,46003,2025,boat,18
Aurora,46003,2025,bus,0
Aurora,46003,2025,commercial_plate,7
Aurora,46003,2025,electric,0
Aurora,46003,2025,gross_vehicle_weight,32
Aurora,46003,2025,irp_with_prorate_plate,4
Aurora,46003,2025,motorcycle,14
Aurora,46003,2025,off_road,24
Aurora,46003,2025,passenger_low_speed,126
Aurora,46003,2025,pickup_suv_van,366
Aurora,46003,2025,recreational,3
Aurora,46003,2025,snowmobile,7
Aurora,46003,2025,titles,66
Aurora,46003,2025,trailer,170
Aurora,46003,2025,truck,34
Aurora,46003,2024,boat,250
Aurora,46003,2024,bus,15
Aurora,46003,2024,commercial_plate,185
Aurora,46003,2024,electric,4
Aurora,46003,2024,gross_vehicle_weight,381
Aurora,46003,2024,irp_with_prorate_plate,81
Aurora,46003,2024,motorcycle,122
Aurora,46003,2024,off_road,252
Aurora,46003,2024,passenger_low_speed,979
Aurora,46003,2024,pickup_suv_van,3077
Aurora,46003,2024,recreational,28
Aurora,46003,2024,snowmobile,37
Aurora,46003,2024,titles,1155
Aurora,46003,2024,trailer,1580
Aurora,46003,2024,truck,516
Aurora,46003,2023,boat,263
Aurora,46003,2023,bus,13
Aurora,46003,2023,commercial_plate,174
Aurora,46003,2023,electric,1
Aurora,46003,2023,gross_vehicle_weight,377
Aurora,46003,2023,irp_with_prorate_plate,78
Aurora,46003,2023,motorcycle,120
Aurora,46003,2023,off_road,242
Aurora,46003,2023,passenger_low_speed,1068
Aurora,46003,2023,pickup_suv_van,3201
Aurora,46003,2023,recreational,30
Aurora,46003,2023,snowmobile,60
Aurora,46003,2023,titles,1457
Aurora,46003,2023,trailer,1531
Aurora,46003,2023,truck,491
Aurora,46003,2022,boat,263
Aurora,46003,2022,boat,264
Aurora,46003,2022,bus,12
Aurora,46003,2022,commercial_plate,159
Aurora,46003,2022,electric,1
Aurora,46003,2022,gross_vehicle_weight,350
Aurora,46003,2022,gross_vehicle_weight,352
Aurora,46003,2022,irp_with_prorate_plate,72
Aurora,46003,2022,motorcycle,134
Aurora,46003,2022,off_road,225
Aurora,46003,2022,passenger_low_speed,1109
Aurora,46003,2022,passenger_low_speed,1111
Aurora,46003,2022,pickup_suv_van,3002
Aurora,46003,2022,pickup_suv_van,3005
Aurora,46003,2022,recreational,30
Aurora,46003,2022,snowmobile,46
Aurora,46003,2022,titles,1314
Aurora,46003,2022,trailer,1491
Aurora,46003,2022,trailer,1492
Aurora,46003,2022,truck,458
Aurora,46003,2021,boat,239
Aurora,46003,2021,bus,13
Aurora,46003,2021,commercial_plate,150
Aurora,46003,2021,electric,0
Aurora,46003,2021,gross_vehicle_weight,363
Aurora,46003,2021,gross_vehicle_weight,365
Aurora,46003,2021,irp_with_prorate_plate,52
Aurora,46003,2021,motorcycle,125
Aurora,46003,2021,off_road,201
Aurora,46003,2021,passenger_low_speed,1125
Aurora,46003,2021,pickup_suv_van,2993
Aurora,46003,2021,recreational,33
Aurora,46003,2021,snowmobile,25
Aurora,46003,2021,titles,1419
Aurora,46003,2021,trailer,1450
Aurora,46003,2021,truck,450
Aurora,46003,2020,boat,228
Aurora,46003,2020,bus,7
Aurora,46003,2020,commercial_plate,132
Aurora,46003,2020,electric,0
Aurora,46003,2020,gross_vehicle_weight,339
Aurora,46003,2020,gross_vehicle_weight,344
Aurora,46003,2020,irp_with_prorate_plate,54
Aurora,46003,2020,motorcycle,109
Aurora,46003,2020,off_road,189
Aurora,46003,2020,passenger_low_speed,1180
Aurora,46003,2020,pickup_suv_van,2818
Aurora,46003,2020,recreational,23
Aurora,46003,2020,snowmobile,50
Aurora,46003,2020,titles,1241
Aurora,46003,2020,trailer,1355
Aurora,46003,2020,truck,421
Aurora,46003,2019,boat,210
Aurora,46003,2019,bus,14
Aurora,46003,2019,commercial_plate,138
Aurora,46003,2019,electric,0
Aurora,46003,2019,gross_vehicle_weight,366
Aurora,46003,2019,gross_vehicle_weight,370
Aurora,46003,2019,irp_with_prorate_plate,50
Aurora,46003,2019,motorcycle,109
Aurora,46003,2019,off_road,172
Aurora,46003,2019,passenger_low_speed,1229
Aurora,46003,2019,pickup_suv_van,2676
Aurora,46003,2019,recreational,31
Aurora,46003,2019,snowmobile,68
Aurora,46003,2019,titles,1163
Aurora,46003,2019,trailer,1319
Aurora,46003,2019,truck,434
Aurora,46003,2018,boat,213
Aurora,46003,2018,bus,22
Aurora,46003,2018,commercial_plate,177
Aurora,46003,2018,electric,1
Aurora,46003,2018,gross_vehicle_weight,400
Aurora,46003,2018,gross_vehicle_weight,404
Aurora,46003,2018,irp_with_prorate_plate,50
Aurora,46003,2018,motorcycle,131
Aurora,46003,2018,off_road,165
Aurora,46003,2018,passenger_low_speed,1275
Aurora,46003,2018,pickup_suv_van,2752
Aurora,46003,2018,recreational,28
Aurora,46003,2018,snowmobile,77
Aurora,46003,2018,titles,1192
Aurora,46003,2018,trailer,1407
Aurora,46003,2018,truck,499
Aurora,46003,2018,truck,500
Aurora,46003,2017,boat,215
Aurora,46003,2017,bus,10
Aurora,46003,2017,commercial_plate,167
Aurora,46003,2017,electric,1
Aurora,46003,2017,gross_vehicle_weight,391
Aurora,46003,2017,irp_with_prorate_plate,58
Aurora,46003,2017,motorcycle,134
Aurora,46003,2017,off_road,162
Aurora,46003,2017,passenger_low_speed,1339
Aurora,46003,2017,pickup_suv_van,2685
Aurora,46003,2017,recreational,23
Aurora,46003,2017,snowmobile,54
Aurora,46003,2017,titles,1164
Aurora,46003,2017,trailer,1332
Aurora,46003,2017,truck,467
Aurora,46003,2016,boat,235
Aurora,46003,2016,bus,10
Aurora,46003,2016,commercial_plate,154
Aurora,46003,2016,electric,1
Aurora,46003,2016,gross_vehicle_weight,385
Aurora,46003,2016,irp_with_prorate_plate,74
Aurora,46003,2016,motorcycle,129
Aurora,46003,2016,off_road,153
Aurora,46003,2016,passenger_low_speed,1387
Aurora,46003,2016,pickup_suv_van,2679
Aurora,46003,2016,recreational,27
Aurora,46003,2016,snowmobile,64
Aurora,46003,2016,titles,1216
Aurora,46003,2016,trailer,1406
Aurora,46003,2016,truck,480
Aurora,46003,2015,boat,233
Aurora,46003,2015,bus,21
Aurora,46003,2015,commercial_plate,143
Aurora,46003,2015,electric,0
Aurora,46003,2015,gross_vehicle_weight,393
Aurora,46003,2015,irp_with_prorate_plate,91
Aurora,46003,2015,motorcycle,140
Aurora,46003,2015,off_road,154
Aurora,46003,2015,passenger_low_speed,1439
Aurora,46003,2015,pickup_suv_van,2625
Aurora,46003,2015,recreational,32
Aurora,46003,2015,snowmobile,72
Aurora,46003,2015,titles,1320
Aurora,46003,2015,trailer,1396
Aurora,46003,2015,truck,512
Beadle,46005,2025,boat,80
Beadle,46005,2025,bus,1
Beadle,46005,2025,commercial_plate,184
Beadle,46005,2025,electric,1
Beadle,46005,2025,gross_vehicle_weight,117
Beadle,46005,2025,irp_with_prorate_plate,4
Beadle,46005,2025,motorcycle,132
Beadle,46005,2025,off_road,135
Beadle,46005,2025,passenger_low_speed,534
Beadle,46005,2025,pickup_suv_van,1845
Beadle,46005,2025,recreational,10
Beadle,46005,2025,snowmobile,39
Beadle,46005,2025,titles,369
Beadle,46005,2025,trailer,749
Beadle,46005,2025,truck,175
Beadle,46005,2024,boat,1111
Beadle,46005,2024,bus,20
Beadle,46005,2024,commercial_plate,1179
Beadle,46005,2024,electric,7
Beadle,46005,2024,gross_vehicle_weight,996
Beadle,46005,2024,irp_with_prorate_plate,102
Beadle,46005,2024,motorcycle,1103
Beadle,46005,2024,off_road,1207
Beadle,46005,2024,passenger_low_speed,4761
Beadle,46005,2024,pickup_suv_van,15054
Beadle,46005,2024,recreational,133
Beadle,46005,2024,snowmobile,174
Beadle,46005,2024,titles,6313
Beadle,46005,2024,trailer,6496
Beadle,46005,2024,truck,1525
Beadle,46005,2023,boat,1134
Beadle,46005,2023,bus,13
Beadle,46005,2023,commercial_plate,1128
Beadle,46005,2023,electric,6
Beadle,46005,2023,gross_vehicle_weight,1002
Beadle,46005,2023,irp_with_prorate_plate,102
Beadle,46005,2023,motorcycle,1053
Beadle,46005,2023,off_road,1210
Beadle,46005,2023,passenger_low_speed,5152
Beadle,46005,2023,pickup_suv_van,15455
Beadle,46005,2023,recreational,139
Beadle,46005,2023,snowmobile,214
Beadle,46005,2023,titles,7561
Beadle,46005,2023,trailer,6689
Beadle,46005,2023,truck,1440
Beadle,46005,2022,boat,1140
Beadle,46005,2022,bus,17
Beadle,46005,2022,commercial_plate,1115
Beadle,46005,2022,electric,9
Beadle,46005,2022,gross_vehicle_weight,975
Beadle,46005,2022,gross_vehicle_weight,987
Beadle,46005,2022,irp_with_prorate_plate,106
Beadle,46005,2022,motorcycle,1064
Beadle,46005,2022,off_road,1185
Beadle,46005,2022,passenger_low_speed,5294
Beadle,46005,2022,passenger_low_speed,5298
Beadle,46005,2022,pickup_suv_van,14832
Beadle,46005,2022,pickup_suv_van,14842
Beadle,46005,2022,recreational,145
Beadle,46005,2022,snowmobile,203
Beadle,46005,2022,titles,6720
Beadle,46005,2022,trailer,6583
Beadle,46005,2022,truck,1445
Beadle,46005,2021,boat,1202
Beadle,46005,2021,bus,18
Beadle,46005,2021,commercial_plate,1159
Beadle,46005,2021,electric,7
Beadle,46005,2021,gross_vehicle_weight,1063
Beadle,46005,2021,gross_vehicle_weight,1076
Beadle,46005,2021,irp_with_prorate_plate,115
Beadle,46005,2021,motorcycle,1078
Beadle,46005,2021,off_road,1220
Beadle,46005,2021,passenger_low_speed,5703
Beadle,46005,2021,pickup_suv_van,15341
Beadle,46005,2021,recreational,159
Beadle,46005,2021,snowmobile,259
Beadle,46005,2021,titles,8221
Beadle,46005,2021,trailer,6802
Beadle,46005,2021,truck,1502
Beadle,46005,2020,boat,1164
Beadle,46005,2020,bus,11
Beadle,46005,2020,commercial_plate,1117
Beadle,46005,2020,electric,6
Beadle,46005,2020,gross_vehicle_weight,1017
Beadle,46005,2020,gross_vehicle_weight,1040
Beadle,46005,2020,irp_with_prorate_plate,99
Beadle,46005,2020,motorcycle,1044
Beadle,46005,2020,off_road,1118
Beadle,46005,2020,passenger_low_speed,5739
Beadle,46005,2020,pickup_suv_van,14564
Beadle,46005,2020,recreational,159
Beadle,46005,2020,snowmobile,272
Beadle,46005,2020,titles,7131
Beadle,46005,2020,trailer,6508
Beadle,46005,2020,truck,1436
Beadle,46005,2019,boat,1112
Beadle,46005,2019,bus,34
Beadle,46005,2019,commercial_plate,1114
Beadle,46005,2019,electric,4
Beadle,46005,2019,gross_vehicle_weight,1043
Beadle,46005,2019,gross_vehicle_weight,1056
Beadle,46005,2019,irp_with_prorate_plate,117
Beadle,46005,2019,motorcycle,1087
Beadle,46005,2019,off_road,1041
Beadle,46005,2019,passenger_low_speed,6246
Beadle,46005,2019,pickup_suv_van,14419
Beadle,46005,2019,recreational,144
Beadle,46005,2019,snowmobile,302
Beadle,46005,2019,titles,7607
Beadle,46005,2019,trailer,6475
Beadle,46005,2019,truck,1460
Beadle,46005,2018,boat,1160
Beadle,46005,2018,bus,31
Beadle,46005,2018,commercial_plate,1106
Beadle,46005,2018,electric,4
Beadle,46005,2018,gross_vehicle_weight,1138
Beadle,46005,2018,gross_vehicle_weight,1143
Beadle,46005,2018,irp_with_prorate_plate,110
Beadle,46005,2018,motorcycle,1069
Beadle,46005,2018,off_road,983
Beadle,46005,2018,passenger_low_speed,6695
Beadle,46005,2018,pickup_suv_van,14093
Beadle,46005,2018,recreational,150
Beadle,46005,2018,snowmobile,287
Beadle,46005,2018,titles,7319
Beadle,46005,2018,trailer,6426
Beadle,46005,2018,truck,1573
Beadle,46005,2017,boat,1189
Beadle,46005,2017,bus,16
Beadle,46005,2017,commercial_plate,1059
Beadle,46005,2017,electric,3
Beadle,46005,2017,gross_vehicle_weight,1108
Beadle,46005,2017,irp_with_prorate_plate,107
Beadle,46005,2017,motorcycle,1104
Beadle,46005,2017,off_road,894
Beadle,46005,2017,passenger_low_speed,6907
Beadle,46005,2017,pickup_suv_van,13590
Beadle,46005,2017,recreational,140
Beadle,46005,2017,snowmobile,321
Beadle,46005,2017,titles,7458
Beadle,46005,2017,trailer,6435
Beadle,46005,2017,truck,1478
Beadle,46005,2016,boat,1235
Beadle,46005,2016,bus,16
Beadle,46005,2016,commercial_plate,1050
Beadle,46005,2016,electric,3
Beadle,46005,2016,gross_vehicle_weight,1149
Beadle,46005,2016,irp_with_prorate_plate,109
Beadle,46005,2016,motorcycle,1086
Beadle,46005,2016,off_road,869
Beadle,46005,2016,passenger_low_speed,7197
Beadle,46005,2016,pickup_suv_van,13600
Beadle,46005,2016,recreational,169
Beadle,46005,2016,snowmobile,323
Beadle,46005,2016,titles,7437
Beadle,46005,2016,trailer,6486
Beadle,46005,2016,truck,1483
Beadle,46005,2015,boat,1246
Beadle,46005,2015,bus,63
Beadle,46005,2015,commercial_plate,1023
Beadle,46005,2015,electric,6
Beadle,46005,2015,gross_vehicle_weight,1206
Beadle,46005,2015,irp_with_prorate_plate,120
Beadle,46005,2015,motorcycle,1158
Beadle,46005,2015,off_road,850
Beadle,46005,2015,passenger_low_speed,7439
Beadle,46005,2015,pickup_suv_van,13355
Beadle,46005,2015,recreational,175
Beadle,46005,2015,snowmobile,344
Beadle,46005,2015,titles,8319
Beadle,46005,2015,trailer,6490
Beadle,46005,2015,truck,1602
Bennett,46007,2025,boat,5
Bennett,46007,2025,bus,0
Bennett,46007,2025,commercial_plate,2
Bennett,46007,2025,electric,4
Bennett,46007,2025,gross_vehicle_weight,16
Bennett,46007,2025,irp_with_prorate_plate,0
Bennett,46007,2025,motorcycle,12
Bennett,46007,2025,off_road,9
Bennett,46007,2025,passenger_low_speed,79
Bennett,46007,2025,pickup_suv_van,291
Bennett,46007,2025,recreational,1
Bennett,46007,2025,snowmobile,5
Bennett,46007,2025,titles,80
Bennett,46007,2025,trailer,83
Bennett,46007,2025,truck,13
Bennett,46007,2024,boat,128
Bennett,46007,2024,bus,3
Bennett,46007,2024,commercial_plate,112
Bennett,46007,2024,electric,10
Bennett,46007,2024,gross_vehicle_weight,258
Bennett,46007,2024,irp_with_prorate_plate,4
Bennett,46007,2024,motorcycle,118
Bennett,46007,2024,off_road,128
Bennett,46007,2024,passenger_low_speed,766
Bennett,46007,2024,pickup_suv_van,2634
Bennett,46007,2024,recreational,21
Bennett,46007,2024,snowmobile,14
Bennett,46007,2024,titles,1212
Bennett,46007,2024,trailer,913
Bennett,46007,2024,truck,252
Bennett,46007,2023,boat,123
Bennett,46007,2023,bus,3
Bennett,46007,2023,commercial_plate,104
Bennett,46007,2023,electric,2
Bennett,46007,2023,gross_vehicle_weight,273
Bennett,46007,2023,irp_with_prorate_plate,5
Bennett,46007,2023,motorcycle,93
Bennett,46007,2023,off_road,128
Bennett,46007,2023,passenger_low_speed,783
Bennett,46007,2023,pickup_suv_van,2596
Bennett,46007,2023,recreational,24
Bennett,46007,2023,snowmobile,15
Bennett,46007,2023,titles,1314
Bennett,46007,2023,trailer,896
Bennett,46007,2023,truck,268
Bennett,46007,2022,boat,132
Bennett,46007,2022,bus,2
Bennett,46007,2022,commercial_plate,90
Bennett,46007,2022,electric,1
Bennett,46007,2022,gross_vehicle_weight,237
Bennett,46007,2022,gross_vehicle_weight,236
Bennett,46007,2022,irp_with_prorate_plate,6
Bennett,46007,2022,motorcycle,90
Bennett,46007,2022,off_road,86
Bennett,46007,2022,passenger_low_speed,746
Bennett,46007,2022,passenger_low_speed,748
Bennett,46007,2022,pickup_suv_van,2461
Bennett,46007,2022,pickup_suv_van,2468
Bennett,46007,2022,recreational,14
Bennett,46007,2022,snowmobile,16
Bennett,46007,2022,titles,1076
Bennett,46007,2022,trailer,905
Bennett,46007,2022,truck,215
Bennett,46007,2021,boat,141
Bennett,46007,2021,bus,4
Bennett,46007,2021,commercial_plate,82
Bennett,46007,2021,electric,1
Bennett,46007,2021,gross_vehicle_weight,258
Bennett,46007,2021,gross_vehicle_weight,257
Bennett,46007,2021,irp_with_prorate_plate,8
Bennett,46007,2021,motorcycle,85
Bennett,46007,2021,off_road,71
Bennett,46007,2021,passenger_low_speed,870
Bennett,46007,2021,pickup_suv_van,2610
Bennett,46007,2021,pickup_suv_van,2608
Bennett,46007,2021,recreational,15
Bennett,46007,2021,snowmobile,11
Bennett,46007,2021,titles,1351
Bennett,46007,2021,trailer,909
Bennett,46007,2021,truck,226
Bennett,46007,2020,boat,141
Bennett,46007,2020,bus,2
Bennett,46007,2020,commercial_plate,90
Bennett,46007,2020,electric,1
Bennett,46007,2020,gross_vehicle_weight,273
Bennett,46007,2020,gross_vehicle_weight,269
Bennett,46007,2020,irp_with_prorate_plate,4
Bennett,46007,2020,motorcycle,83
Bennett,46007,2020,off_road,58
Bennett,46007,2020,passenger_low_speed,845
Bennett,46007,2020,pickup_suv_van,2355
Bennett,46007,2020,recreational,14
Bennett,46007,2020,snowmobile,21
Bennett,46007,2020,titles,1085
Bennett,46007,2020,trailer,833
Bennett,46007,2020,truck,249
Bennett,46007,2019,boat,121
Bennett,46007,2019,bus,0
Bennett,46007,2019,commercial_plate,82
Bennett,46007,2019,electric,0
Bennett,46007,2019,gross_vehicle_weight,240
Bennett,46007,2019,gross_vehicle_weight,236
Bennett,46007,2019,irp_with_prorate_plate,5
Bennett,46007,2019,motorcycle,75
Bennett,46007,2019,off_road,44
Bennett,46007,2019,passenger_low_speed,911
Bennett,46007,2019,pickup_suv_van,2280
Bennett,46007,2019,recreational,12
Bennett,46007,2019,snowmobile,18
Bennett,46007,2019,titles,1101
Bennett,46007,2019,trailer,769
Bennett,46007,2019,truck,215
Bennett,46007,2018,boat,124
Bennett,46007,2018,bus,10
Bennett,46007,2018,commercial_plate,84
Bennett,46007,2018,electric,0
Bennett,46007,2018,gross_vehicle_weight,245
Bennett,46007,2018,gross_vehicle_weight,244
Bennett,46007,2018,irp_with_prorate_plate,6
Bennett,46007,2018,motorcycle,79
Bennett,46007,2018,off_road,40
Bennett,46007,2018,passenger_low_speed,932
Bennett,46007,2018,pickup_suv_van,2281
Bennett,46007,2018,recreational,13
Bennett,46007,2018,snowmobile,20
Bennett,46007,2018,titles,1179
Bennett,46007,2018,trailer,798
Bennett,46007,2018,truck,247
Bennett,46007,2017,boat,130
Bennett,46007,2017,bus,3
Bennett,46007,2017,commercial_plate,94
Bennett,46007,2017,electric,0
Bennett,46007,2017,gross_vehicle_weight,279
Bennett,46007,2017,irp_with_prorate_plate,4
Bennett,46007,2017,motorcycle,82
Bennett,46007,2017,off_road,31
Bennett,46007,2017,passenger_low_speed,1011
Bennett,46007,2017,pickup_suv_van,2211
Bennett,46007,2017,recreational,13
Bennett,46007,2017,snowmobile,26
Bennett,46007,2017,titles,1109
Bennett,46007,2017,trailer,829
Bennett,46007,2017,truck,255
Bennett,46007,2016,boat,124
Bennett,46007,2016,bus,1
Bennett,46007,2016,commercial_plate,82
Bennett,46007,2016,electric,0
Bennett,46007,2016,gross_vehicle_weight,277
Bennett,46007,2016,irp_with_prorate_plate,4
Bennett,46007,2016,motorcycle,93
Bennett,46007,2016,off_road,33
Bennett,46007,2016,passenger_low_speed,1069
Bennett,46007,2016,pickup_suv_van,2212
Bennett,46007,2016,recreational,20
Bennett,46007,2016,snowmobile,21
Bennett,46007,2016,titles,1169
Bennett,46007,2016,trailer,813
Bennett,46007,2016,truck,256
Bennett,46007,2015,boat,135
Bennett,46007,2015,bus,14
Bennett,46007,2015,commercial_plate,76
Bennett,46007,2015,electric,0
Bennett,46007,2015,gross_vehicle_weight,280
Bennett,46007,2015,irp_with_prorate_plate,8
Bennett,46007,2015,motorcycle,101
Bennett,46007,2015,off_road,27
Bennett,46007,2015,passenger_low_speed,1085
Bennett,46007,2015,pickup_suv_van,2272
Bennett,46007,2015,recreational,15
Bennett,46007,2015,snowmobile,23
Bennett,46007,2015,titles,1297
Bennett,46007,2015,trailer,808
Bennett,46007,2015,truck,278
Bon Homme,46009,2025,boat,70
Bon Homme,46009,2025,bus,1
Bon Homme,46009,2025,commercial_plate,24
Bon Homme,46009,2025,electric,0
Bon Homme,46009,2025,gross_vehicle_weight,62
Bon Homme,46009,2025,irp_with_prorate_plate,5
Bon Homme,46009,2025,motorcycle,42
Bon Homme,46009,2025,off_road,53
Bon Homme,46009,2025,passenger_low_speed,241
Bon Homme,46009,2025,pickup_suv_van,676
Bon Homme,46009,2025,recreational,0
Bon Homme,46009,2025,snowmobile,5
Bon Homme,46009,2025,titles,130
Bon Homme,46009,2025,trailer,304
Bon Homme,46009,2025,truck,62
Bon Homme,46009,2024,boat,596
Bon Homme,46009,2024,bus,2
Bon Homme,46009,2024,commercial_plate,288
Bon Homme,46009,2024,electric,10
Bon Homme,46009,2024,gross_vehicle_weight,611
Bon Homme,46009,2024,irp_with_prorate_plate,28
Bon Homme,46009,2024,motorcycle,408
Bon Homme,46009,2024,off_road,501
Bon Homme,46009,2024,passenger_low_speed,2165
Bon Homme,46009,2024,pickup_suv_van,5855
Bon Homme,46009,2024,recreational,31
Bon Homme,46009,2024,snowmobile,33
Bon Homme,46009,2024,titles,2083
Bon Homme,46009,2024,trailer,2755
Bon Homme,46009,2024,truck,646
Bon Homme,46009,2023,boat,656
Bon Homme,46009,2023,bus,6
Bon Homme,46009,2023,commercial_plate,327
Bon Homme,46009,2023,electric,8
Bon Homme,46009,2023,gross_vehicle_weight,648
Bon Homme,46009,2023,irp_with_prorate_plate,37
Bon Homme,46009,2023,motorcycle,466
Bon Homme,46009,2023,off_road,514
Bon Homme,46009,2023,passenger_low_speed,2448
Bon Homme,46009,2023,pickup_suv_van,6035
Bon Homme,46009,2023,recreational,42
Bon Homme,46009,2023,snowmobile,51
Bon Homme,46009,2023,titles,2676
Bon Homme,46009,2023,trailer,2862
Bon Homme,46009,2023,truck,696
Bon Homme,46009,2022,boat,661
Bon Homme,46009,2022,bus,3
Bon Homme,46009,2022,commercial_plate,290
Bon Homme,46009,2022,electric,4
Bon Homme,46009,2022,gross_vehicle_weight,626
Bon Homme,46009,2022,gross_vehicle_weight,629
Bon Homme,46009,2022,irp_with_prorate_plate,34
Bon Homme,46009,2022,motorcycle,458
Bon Homme,46009,2022,off_road,491
Bon Homme,46009,2022,passenger_low_speed,2466
Bon Homme,46009,2022,passenger_low_speed,2467
Bon Homme,46009,2022,pickup_suv_van,5696
Bon Homme,46009,2022,pickup_suv_van,5701
Bon Homme,46009,2022,recreational,40
Bon Homme,46009,2022,recreational,41
Bon Homme,46009,2022,snowmobile,42
Bon Homme,46009,2022,titles,2457
Bon Homme,46009,2022,trailer,2891
Bon Homme,46009,2022,truck,660
Bon Homme,46009,2022,truck,661
Bon Homme,46009,2021,boat,659
Bon Homme,46009,2021,bus,4
Bon Homme,46009,2021,commercial_plate,334
Bon Homme,46009,2021,electric,6
Bon Homme,46009,2021,gross_vehicle_weight,641
Bon Homme,46009,2021,gross_vehicle_weight,643
Bon Homme,46009,2021,irp_with_prorate_plate,32
Bon Homme,46009,2021,motorcycle,467
Bon Homme,46009,2021,off_road,476
Bon Homme,46009,2021,passenger_low_speed,2606
Bon Homme,46009,2021,pickup_suv_van,5874
Bon Homme,46009,2021,recreational,39
Bon Homme,46009,2021,snowmobile,46
Bon Homme,46009,2021,titles,2802
Bon Homme,46009,2021,trailer,2804
Bon Homme,46009,2021,truck,721
Bon Homme,46009,2020,boat,599
Bon Homme,46009,2020,bus,3
Bon Homme,46009,2020,commercial_plate,259
Bon Homme,46009,2020,electric,2
Bon Homme,46009,2020,gross_vehicle_weight,601
Bon Homme,46009,2020,gross_vehicle_weight,602
Bon Homme,46009,2020,irp_with_prorate_plate,26
Bon Homme,46009,2020,motorcycle,420
Bon Homme,46009,2020,off_road,421
Bon Homme,46009,2020,passenger_low_speed,2610
Bon Homme,46009,2020,pickup_suv_van,5590
Bon Homme,46009,2020,recreational,30
Bon Homme,46009,2020,snowmobile,48
Bon Homme,46009,2020,titles,2596
Bon Homme,46009,2020,trailer,2583
Bon Homme,46009,2020,truck,653
Bon Homme,46009,2019,boat,586
Bon Homme,46009,2019,bus,5
Bon Homme,46009,2019,commercial_plate,272
Bon Homme,46009,2019,electric,2
Bon Homme,46009,2019,gross_vehicle_weight,598
Bon Homme,46009,2019,gross_vehicle_weight,601
Bon Homme,46009,2019,irp_with_prorate_plate,19
Bon Homme,46009,2019,motorcycle,405
Bon Homme,46009,2019,off_road,404
Bon Homme,46009,2019,passenger_low_speed,2717
Bon Homme,46009,2019,pickup_suv_van,5435
Bon Homme,46009,2019,recreational,32
Bon Homme,46009,2019,snowmobile,63
Bon Homme,46009,2019,titles,2451
Bon Homme,46009,2019,trailer,2506
Bon Homme,46009,2019,truck,664
Bon Homme,46009,2018,boat,620
Bon Homme,46009,2018,bus,19
Bon Homme,46009,2018,commercial_plate,266
Bon Homme,46009,2018,electric,3
Bon Homme,46009,2018,gross_vehicle_weight,623
Bon Homme,46009,2018,gross_vehicle_weight,625
Bon Homme,46009,2018,irp_with_prorate_plate,24
Bon Homme,46009,2018,motorcycle,391
Bon Homme,46009,2018,off_road,369
Bon Homme,46009,2018,passenger_low_speed,2889
Bon Homme,46009,2018,pickup_suv_van,5307
Bon Homme,46009,2018,recreational,33
Bon Homme,46009,2018,snowmobile,68
Bon Homme,46009,2018,titles,2464
Bon Homme,46009,2018,trailer,2530
Bon Homme,46009,2018,truck,705
Bon Homme,46009,2017,boat,642
Bon Homme,46009,2017,bus,3
Bon Homme,46009,2017,commercial_plate,267
Bon Homme,46009,2017,electric,1
Bon Homme,46009,2017,gross_vehicle_weight,651
Bon Homme,46009,2017,irp_with_prorate_plate,26
Bon Homme,46009,2017,motorcycle,435
Bon Homme,46009,2017,off_road,350
Bon Homme,46009,2017,passenger_low_speed,3044
Bon Homme,46009,2017,pickup_suv_van,5179
Bon Homme,46009,2017,recreational,39
Bon Homme,46009,2017,snowmobile,45
Bon Homme,46009,2017,titles,2599
Bon Homme,46009,2017,trailer,2600
Bon Homme,46009,2017,truck,714
Bon Homme,46009,2016,boat,634
Bon Homme,46009,2016,bus,2
Bon Homme,46009,2016,commercial_plate,387
Bon Homme,46009,2016,electric,1
Bon Homme,46009,2016,gross_vehicle_weight,672
Bon Homme,46009,2016,irp_with_prorate_plate,31
Bon Homme,46009,2016,motorcycle,429
Bon Homme,46009,2016,off_road,331
Bon Homme,46009,2016,passenger_low_speed,3123
Bon Homme,46009,2016,pickup_suv_van,5172
Bon Homme,46009,2016,recreational,34
Bon Homme,46009,2016,snowmobile,55
Bon Homme,46009,2016,titles,2434
Bon Homme,46009,2016,trailer,2620
Bon Homme,46009,2016,truck,779
Bon Homme,46009,2015,boat,655
Bon Homme,46009,2015,bus,32
Bon Homme,46009,2015,commercial_plate,411
Bon Homme,46009,2015,electric,1
Bon Homme,46009,2015,gross_vehicle_weight,655
Bon Homme,46009,2015,irp_with_prorate_plate,36
Bon Homme,46009,2015,motorcycle,432
Bon Homme,46009,2015,off_road,331
Bon Homme,46009,2015,passenger_low_speed,3244
Bon Homme,46009,2015,pickup_suv_van,5049
Bon Homme,46009,2015,recreational,43
Bon Homme,46009,2015,snowmobile,71
Bon Homme,46009,2015,titles,2624
Bon Homme,46009,2015,trailer,2685
Bon Homme,46009,2015,truck,800
Brookings,46011,2025,boat,196
Brookings,46011,2025,bus,5
Brookings,46011,2025,commercial_plate,314
Brookings,46011,2025,electric,10
Brookings,46011,2025,gross_vehicle_weight,181
Brookings,46011,2025,irp_with_prorate_plate,3
Brookings,46011,2025,motorcycle,179
Brookings,46011,2025,off_road,183
Brookings,46011,2025,passenger_low_speed,1056
Brookings,46011,2025,pickup_suv_van,3020
Brookings,46011,2025,recreational,16
Brookings,46011,2025,snowmobile,76
Brookings,46011,2025,titles,571
Brookings,46011,2025,trailer,952
Brookings,46011,2025,truck,268
Brookings,46011,2024,boat,2364
Brookings,46011,2024,bus,19
Brookings,46011,2024,commercial_plate,1761
Brookings,46011,2024,electric,99
Brookings,46011,2024,gross_vehicle_weight,1107
Brookings,46011,2024,irp_with_prorate_plate,98
Brookings,46011,2024,motorcycle,2002
Brookings,46011,2024,off_road,1596
Brookings,46011,2024,passenger_low_speed,9044
Brookings,46011,2024,pickup_suv_van,23624
Brookings,46011,2024,recreational,155
Brookings,46011,2024,snowmobile,436
Brookings,46011,2024,titles,9619
Brookings,46011,2024,trailer,8641
Brookings,46011,2024,truck,1691
Brookings,46011,2023,boat,2442
Brookings,46011,2023,bus,22
Brookings,46011,2023,commercial_plate,1902
Brookings,46011,2023,electric,82
Brookings,46011,2023,gross_vehicle_weight,1119
Brookings,46011,2023,irp_with_prorate_plate,112
Brookings,46011,2023,motorcycle,2022
Brookings,46011,2023,off_road,1613
Brookings,46011,2023,passenger_low_speed,9915
Brookings,46011,2023,pickup_suv_van,23983
Brookings,46011,2023,recreational,162
Brookings,46011,2023,snowmobile,577
Brookings,46011,2023,titles,11375
Brookings,46011,2023,trailer,8886
Brookings,46011,2023,truck,1745
Brookings,46011,2022,boat,2455
Brookings,46011,2022,boat,2454
Brookings,46011,2022,bus,18
Brookings,46011,2022,commercial_plate,1799
Brookings,46011,2022,electric,63
Brookings,46011,2022,gross_vehicle_weight,1084
Brookings,46011,2022,gross_vehicle_weight,1105
Brookings,46011,2022,irp_with_prorate_plate,102
Brookings,46011,2022,motorcycle,1980
Brookings,46011,2022,motorcycle,1982
Brookings,46011,2022,off_road,1535
Brookings,46011,2022,passenger_low_speed,10000
Brookings,46011,2022,passenger_low_speed,10006
Brookings,46011,2022,pickup_suv_van,22379
Brookings,46011,2022,pickup_suv_van,22398
Brookings,46011,2022,recreational,165
Brookings,46011,2022,snowmobile,549
Brookings,46011,2022,titles,10071
Brookings,46011,2022,trailer,8706
Brookings,46011,2022,trailer,8705
Brookings,46011,2022,truck,1661
Brookings,46011,2021,boat,2484
Brookings,46011,2021,bus,29
Brookings,46011,2021,commercial_plate,1742
Brookings,46011,2021,electric,48
Brookings,46011,2021,gross_vehicle_weight,1153
Brookings,46011,2021,gross_vehicle_weight,1162
Brookings,46011,2021,irp_with_prorate_plate,111
Brookings,46011,2021,motorcycle,2010
Brookings,46011,2021,off_road,1502
Brookings,46011,2021,passenger_low_speed,10695
Brookings,46011,2021,passenger_low_speed,10694
Brookings,46011,2021,pickup_suv_van,22302
Brookings,46011,2021,pickup_suv_van,22303
Brookings,46011,2021,recreational,172
Brookings,46011,2021,snowmobile,541
Brookings,46011,2021,titles,11650
Brookings,46011,2021,trailer,8726
Brookings,46011,2021,truck,1639
Brookings,46011,2020,boat,2403
Brookings,46011,2020,bus,20
Brookings,46011,2020,commercial_plate,1685
Brookings,46011,2020,electric,31
Brookings,46011,2020,gross_vehicle_weight,1150
Brookings,46011,2020,irp_with_prorate_plate,122
Brookings,46011,2020,motorcycle,1936
Brookings,46011,2020,off_road,1433
Brookings,46011,2020,passenger_low_speed,10830
Brookings,46011,2020,passenger_low_speed,10829
Brookings,46011,2020,pickup_suv_van,21304
Brookings,46011,2020,pickup_suv_van,21305
Brookings,46011,2020,recreational,170
Brookings,46011,2020,snowmobile,647
Brookings,46011,2020,titles,10587
Brookings,46011,2020,trailer,8244
Brookings,46011,2020,truck,1584
Brookings,46011,2019,boat,2310
Brookings,46011,2019,bus,16
Brookings,46011,2019,commercial_plate,1598
Brookings,46011,2019,electric,30
Brookings,46011,2019,gross_vehicle_weight,1144
Brookings,46011,2019,gross_vehicle_weight,1148
Brookings,46011,2019,irp_with_prorate_plate,120
Brookings,46011,2019,motorcycle,1943
Brookings,46011,2019,off_road,1265
Brookings,46011,2019,passenger_low_speed,11663
Brookings,46011,2019,pickup_suv_van,20616
Brookings,46011,2019,recreational,164
Brookings,46011,2019,snowmobile,670
Brookings,46011,2019,titles,10835
Brookings,46011,2019,trailer,7967
Brookings,46011,2019,trailer,7969
Brookings,46011,2019,truck,1530
Brookings,46011,2018,boat,2383
Brookings,46011,2018,bus,49
Brookings,46011,2018,commercial_plate,1612
Brookings,46011,2018,electric,25
Brookings,46011,2018,gross_vehicle_weight,1203
Brookings,46011,2018,gross_vehicle_weight,1202
Brookings,46011,2018,irp_with_prorate_plate,137
Brookings,46011,2018,motorcycle,1977
Brookings,46011,2018,off_road,1229
Brookings,46011,2018,passenger_low_speed,12418
Brookings,46011,2018,pickup_suv_van,20028
Brookings,46011,2018,recreational,145
Brookings,46011,2018,snowmobile,581
Brookings,46011,2018,titles,10637
Brookings,46011,2018,trailer,8372
Brookings,46011,2018,truck,1660
Brookings,46011,2017,boat,2397
Brookings,46011,2017,bus,19
Brookings,46011,2017,commercial_plate,1609
Brookings,46011,2017,electric,16
Brookings,46011,2017,gross_vehicle_weight,1169
Brookings,46011,2017,irp_with_prorate_plate,133
Brookings,46011,2017,motorcycle,1976
Brookings,46011,2017,off_road,1128
Brookings,46011,2017,passenger_low_speed,12753
Brookings,46011,2017,pickup_suv_van,19169
Brookings,46011,2017,recreational,156
Brookings,46011,2017,snowmobile,569
Brookings,46011,2017,titles,11027
Brookings,46011,2017,trailer,7892
Brookings,46011,2017,truck,1490
Brookings,46011,2016,boat,2430
Brookings,46011,2016,bus,20
Brookings,46011,2016,commercial_plate,1573
Brookings,46011,2016,electric,15
Brookings,46011,2016,gross_vehicle_weight,1203
Brookings,46011,2016,irp_with_prorate_plate,132
Brookings,46011,2016,motorcycle,1972
Brookings,46011,2016,off_road,1094
Brookings,46011,2016,passenger_low_speed,13163
Brookings,46011,2016,pickup_suv_van,18562
Brookings,46011,2016,recreational,147
Brookings,46011,2016,snowmobile,615
Brookings,46011,2016,titles,10797
Brookings,46011,2016,trailer,7915
Brookings,46011,2016,truck,1525
Brookings,46011,2015,boat,2392
Brookings,46011,2015,bus,53
Brookings,46011,2015,commercial_plate,1520
Brookings,46011,2015,electric,33
Brookings,46011,2015,gross_vehicle_weight,1193
Brookings,46011,2015,irp_with_prorate_plate,129
Brookings,46011,2015,motorcycle,1884
Brookings,46011,2015,off_road,1055
Brookings,46011,2015,passenger_low_speed,13090
Brookings,46011,2015,pickup_suv_van,17814
Brookings,46011,2015,recreational,157
Brookings,46011,2015,snowmobile,608
Brookings,46011,2015,titles,11017
Brookings,46011,2015,trailer,7863
Brookings,46011,2015,truck,1598
Brown,46013,2025,boat,277
Brown,46013,2025,bus,12
Brown,46013,2025,commercial_plate,258
Brown,46013,2025,electric,8
Brown,46013,2025,gross_vehicle_weight,131
Brown,46013,2025,irp_with_prorate_plate,8
Brown,46013,2025,motorcycle,182
Brown,46013,2025,off_road,170
Brown,46013,2025,passenger_low_speed,939
Brown,46013,2025,pickup_suv_van,3644
Brown,46013,2025,recreational,15
Brown,46013,2025,snowmobile,128
Brown,46013,2025,titles,730
Brown,46013,2025,trailer,1213
Brown,46013,2025,truck,178
Brown,46013,2024,boat,3181
Brown,46013,2024,bus,67
Brown,46013,2024,commercial_plate,2330
Brown,46013,2024,electric,54
Brown,46013,2024,gross_vehicle_weight,1522
Brown,46013,2024,irp_with_prorate_plate,357
Brown,46013,2024,motorcycle,2192
Brown,46013,2024,off_road,1645
Brown,46013,2024,passenger_low_speed,8930
Brown,46013,2024,pickup_suv_van,31266
Brown,46013,2024,recreational,260
Brown,46013,2024,snowmobile,632
Brown,46013,2024,titles,12091
Brown,46013,2024,trailer,11954
Brown,46013,2024,truck,2409
Brown,46013,2023,boat,3266
Brown,46013,2023,bus,64
Brown,46013,2023,commercial_plate,2523
Brown,46013,2023,electric,42
Brown,46013,2023,gross_vehicle_weight,1527
Brown,46013,2023,irp_with_prorate_plate,374
Brown,46013,2023,motorcycle,2218
Brown,46013,2023,off_road,1581
Brown,46013,2023,passenger_low_speed,9726
Brown,46013,2023,pickup_suv_van,32496
Brown,46013,2023,recreational,260
Brown,46013,2023,snowmobile,887
Brown,46013,2023,titles,14816
Brown,46013,2023,trailer,12336
Brown,46013,2023,truck,2571
Brown,46013,2022,boat,3278
Brown,46013,2022,bus,70
Brown,46013,2022,commercial_plate,2514
Brown,46013,2022,electric,39
Brown,46013,2022,electric,38
Brown,46013,2022,gross_vehicle_weight,1492
Brown,46013,2022,gross_vehicle_weight,1514
Brown,46013,2022,irp_with_prorate_plate,360
Brown,46013,2022,motorcycle,2235
Brown,46013,2022,off_road,1485
Brown,46013,2022,off_road,1486
Brown,46013,2022,passenger_low_speed,10132
Brown,46013,2022,passenger_low_speed,10141
Brown,46013,2022,pickup_suv_van,30899
Brown,46013,2022,pickup_suv_van,30930
Brown,46013,2022,recreational,271
Brown,46013,2022,snowmobile,740
Brown,46013,2022,titles,12965
Brown,46013,2022,trailer,11972
Brown,46013,2022,truck,2499
Brown,46013,2021,boat,3444
Brown,46013,2021,bus,63
Brown,46013,2021,commercial_plate,2504
Brown,46013,2021,electric,44
Brown,46013,2021,electric,45
Brown,46013,2021,gross_vehicle_weight,1644
Brown,46013,2021,gross_vehicle_weight,1659
Brown,46013,2021,irp_with_prorate_plate,320
Brown,46013,2021,motorcycle,2290
Brown,46013,2021,off_road,1406
Brown,46013,2021,passenger_low_speed,11255
Brown,46013,2021,pickup_suv_van,31637
Brown,46013,2021,recreational,272
Brown,46013,2021,snowmobile,794
Brown,46013,2021,titles,15810
Brown,46013,2021,trailer,12530
Brown,46013,2021,truck,2543
Brown,46013,2020,boat,3409
Brown,46013,2020,bus,69
Brown,46013,2020,commercial_plate,2483
Brown,46013,2020,electric,24
Brown,46013,2020,gross_vehicle_weight,1615
Brown,46013,2020,gross_vehicle_weight,1634
Brown,46013,2020,irp_with_prorate_plate,285
Brown,46013,2020,motorcycle,2287
Brown,46013,2020,off_road,1398
Brown,46013,2020,passenger_low_speed,11815
Brown,46013,2020,pickup_suv_van,30461
Brown,46013,2020,recreational,246
Brown,46013,2020,snowmobile,857
Brown,46013,2020,titles,15262
Brown,46013,2020,trailer,11956
Brown,46013,2020,truck,2490
Brown,46013,2019,boat,3235
Brown,46013,2019,bus,72
Brown,46013,2019,commercial_plate,2555
Brown,46013,2019,electric,20
Brown,46013,2019,gross_vehicle_weight,1671
Brown,46013,2019,gross_vehicle_weight,1685
Brown,46013,2019,irp_with_prorate_plate,318
Brown,46013,2019,motorcycle,2236
Brown,46013,2019,off_road,1274
Brown,46013,2019,passenger_low_speed,12524
Brown,46013,2019,pickup_suv_van,29641
Brown,46013,2019,pickup_suv_van,29642
Brown,46013,2019,recreational,270
Brown,46013,2019,snowmobile,933
Brown,46013,2019,titles,15237
Brown,46013,2019,trailer,11648
Brown,46013,2019,trailer,11650
Brown,46013,2019,truck,2542
Brown,46013,2018,boat,3297
Brown,46013,2018,bus,92
Brown,46013,2018,commercial_plate,2525
Brown,46013,2018,electric,25
Brown,46013,2018,gross_vehicle_weight,1792
Brown,46013,2018,gross_vehicle_weight,1807
Brown,46013,2018,irp_with_prorate_plate,238
Brown,46013,2018,motorcycle,2353
Brown,46013,2018,off_road,1229
Brown,46013,2018,passenger_low_speed,13534
Brown,46013,2018,pickup_suv_van,29112
Brown,46013,2018,recreational,276
Brown,46013,2018,snowmobile,862
Brown,46013,2018,titles,15103
Brown,46013,2018,titles,15102
Brown,46013,2018,trailer,11879
Brown,46013,2018,truck,2655
Brown,46013,2017,boat,3383
Brown,46013,2017,bus,65
Brown,46013,2017,commercial_plate,2472
Brown,46013,2017,electric,16
Brown,46013,2017,gross_vehicle_weight,1743
Brown,46013,2017,irp_with_prorate_plate,243
Brown,46013,2017,motorcycle,2271
Brown,46013,2017,off_road,1174
Brown,46013,2017,passenger_low_speed,14224
Brown,46013,2017,pickup_suv_van,28106
Brown,46013,2017,recreational,273
Brown,46013,2017,snowmobile,920
Brown,46013,2017,titles,14625
Brown,46013,2017,trailer,11789
Brown,46013,2017,truck,2456
Brown,46013,2016,boat,3441
Brown,46013,2016,bus,63
Brown,46013,2016,commercial_plate,2581
Brown,46013,2016,electric,14
Brown,46013,2016,gross_vehicle_weight,1793
Brown,46013,2016,irp_with_prorate_plate,235
Brown,46013,2016,motorcycle,2356
Brown,46013,2016,off_road,1152
Brown,46013,2016,passenger_low_speed,14629
Brown,46013,2016,pickup_suv_van,27820
Brown,46013,2016,recreational,297
Brown,46013,2016,snowmobile,998
Brown,46013,2016,titles,15172
Brown,46013,2016,trailer,11799
Brown,46013,2016,truck,2547
Brown,46013,2015,boat,3408
Brown,46013,2015,bus,116
Brown,46013,2015,commercial_plate,2511
Brown,46013,2015,electric,14
Brown,46013,2015,gross_vehicle_weight,1797
Brown,46013,2015,irp_with_prorate_plate,203
Brown,46013,2015,motorcycle,2342
Brown,46013,2015,off_road,1100
Brown,46013,2015,passenger_low_speed,14557
Brown,46013,2015,pickup_suv_van,26885
Brown,46013,2015,recreational,305
Brown,46013,2015,snowmobile,971
Brown,46013,2015,titles,16125
Brown,46013,2015,trailer,11704
Brown,46013,2015,truck,2579
Brule,46015,2025,boat,50
Brule,46015,2025,bus,0
Brule,46015,2025,commercial_plate,76
Brule,46015,2025,electric,0
Brule,46015,2025,gross_vehicle_weight,72
Brule,46015,2025,irp_with_prorate_plate,0
Brule,46015,2025,motorcycle,22
Brule,46015,2025,off_road,54
Brule,46015,2025,passenger_low_speed,147
Brule,46015,2025,pickup_suv_van,589
Brule,46015,2025,recreational,4
Brule,46015,2025,snowmobile,7
Brule,46015,2025,titles,140
Brule,46015,2025,trailer,269
Brule,46015,2025,truck,97
Brule,46015,2024,boat,560
Brule,46015,2024,bus,28
Brule,46015,2024,commercial_plate,357
Brule,46015,2024,electric,3
Brule,46015,2024,gross_vehicle_weight,495
Brule,46015,2024,irp_with_prorate_plate,19
Brule,46015,2024,motorcycle,249
Brule,46015,2024,off_road,426
Brule,46015,2024,passenger_low_speed,1458
Brule,46015,2024,pickup_suv_van,4875
Brule,46015,2024,recreational,52
Brule,46015,2024,snowmobile,22
Brule,46015,2024,titles,2197
Brule,46015,2024,trailer,2438
Brule,46015,2024,truck,616
Brule,46015,2023,boat,561
Brule,46015,2023,bus,28
Brule,46015,2023,commercial_plate,394
Brule,46015,2023,electric,3
Brule,46015,2023,gross_vehicle_weight,498
Brule,46015,2023,irp_with_prorate_plate,14
Brule,46015,2023,motorcycle,248
Brule,46015,2023,off_road,418
Brule,46015,2023,passenger_low_speed,1607
Brule,46015,2023,pickup_suv_van,4978
Brule,46015,2023,recreational,58
Brule,46015,2023,snowmobile,41
Brule,46015,2023,titles,2465
Brule,46015,2023,trailer,2506
Brule,46015,2023,truck,630
Brule,46015,2022,boat,555
Brule,46015,2022,bus,22
Brule,46015,2022,commercial_plate,348
Brule,46015,2022,electric,3
Brule,46015,2022,gross_vehicle_weight,462
Brule,46015,2022,gross_vehicle_weight,468
Brule,46015,2022,irp_with_prorate_plate,19
Brule,46015,2022,motorcycle,239
Brule,46015,2022,off_road,405
Brule,46015,2022,passenger_low_speed,1625
Brule,46015,2022,passenger_low_speed,1626
Brule,46015,2022,pickup_suv_van,4764
Brule,46015,2022,pickup_suv_van,4765
Brule,46015,2022,recreational,60
Brule,46015,2022,snowmobile,36
Brule,46015,2022,titles,2281
Brule,46015,2022,trailer,2447
Brule,46015,2022,truck,587
Brule,46015,2021,boat,557
Brule,46015,2021,bus,29
Brule,46015,2021,commercial_plate,393
Brule,46015,2021,electric,3
Brule,46015,2021,gross_vehicle_weight,507
Brule,46015,2021,gross_vehicle_weight,515
Brule,46015,2021,irp_with_prorate_plate,19
Brule,46015,2021,motorcycle,250
Brule,46015,2021,off_road,453
Brule,46015,2021,passenger_low_speed,1750
Brule,46015,2021,pickup_suv_van,4942
Brule,46015,2021,recreational,65
Brule,46015,2021,snowmobile,33
Brule,46015,2021,titles,2635
Brule,46015,2021,trailer,2448
Brule,46015,2021,truck,617
Brule,46015,2020,boat,551
Brule,46015,2020,bus,28
Brule,46015,2020,commercial_plate,361
Brule,46015,2020,electric,2
Brule,46015,2020,gross_vehicle_weight,506
Brule,46015,2020,gross_vehicle_weight,513
Brule,46015,2020,irp_with_prorate_plate,15
Brule,46015,2020,motorcycle,234
Brule,46015,2020,off_road,390
Brule,46015,2020,passenger_low_speed,1776
Brule,46015,2020,pickup_suv_van,4705
Brule,46015,2020,recreational,52
Brule,46015,2020,snowmobile,37
Brule,46015,2020,titles,2448
Brule,46015,2020,trailer,2370
Brule,46015,2020,truck,605
Brule,46015,2019,boat,540
Brule,46015,2019,bus,33
Brule,46015,2019,commercial_plate,417
Brule,46015,2019,electric,2
Brule,46015,2019,gross_vehicle_weight,494
Brule,46015,2019,gross_vehicle_weight,502
Brule,46015,2019,irp_with_prorate_plate,19
Brule,46015,2019,motorcycle,247
Brule,46015,2019,off_road,332
Brule,46015,2019,passenger_low_speed,1841
Brule,46015,2019,pickup_suv_van,4615
Brule,46015,2019,recreational,49
Brule,46015,2019,snowmobile,53
Brule,46015,2019,titles,2295
Brule,46015,2019,trailer,2307
Brule,46015,2019,truck,606
Brule,46015,2018,boat,588
Brule,46015,2018,bus,32
Brule,46015,2018,commercial_plate,431
Brule,46015,2018,electric,4
Brule,46015,2018,gross_vehicle_weight,561
Brule,46015,2018,gross_vehicle_weight,566
Brule,46015,2018,irp_with_prorate_plate,19
Brule,46015,2018,motorcycle,249
Brule,46015,2018,off_road,334
Brule,46015,2018,passenger_low_speed,1991
Brule,46015,2018,pickup_suv_van,4673
Brule,46015,2018,recreational,58
Brule,46015,2018,snowmobile,36
Brule,46015,2018,titles,2512
Brule,46015,2018,trailer,2404
Brule,46015,2018,truck,705
Brule,46015,2017,boat,583
Brule,46015,2017,bus,22
Brule,46015,2017,commercial_plate,409
Brule,46015,2017,electric,2
Brule,46015,2017,gross_vehicle_weight,515
Brule,46015,2017,irp_with_prorate_plate,21
Brule,46015,2017,motorcycle,268
Brule,46015,2017,off_road,324
Brule,46015,2017,passenger_low_speed,2123
Brule,46015,2017,pickup_suv_van,4418
Brule,46015,2017,recreational,58
Brule,46015,2017,snowmobile,48
Brule,46015,2017,titles,2485
Brule,46015,2017,trailer,2287
Brule,46015,2017,truck,636
Brule,46015,2016,boat,605
Brule,46015,2016,bus,23
Brule,46015,2016,commercial_plate,420
Brule,46015,2016,electric,1
Brule,46015,2016,gross_vehicle_weight,566
Brule,46015,2016,irp_with_prorate_plate,23
Brule,46015,2016,motorcycle,268
Brule,46015,2016,off_road,295
Brule,46015,2016,passenger_low_speed,2225
Brule,46015,2016,pickup_suv_van,4331
Brule,46015,2016,recreational,63
Brule,46015,2016,snowmobile,52
Brule,46015,2016,titles,2539
Brule,46015,2016,trailer,2307
Brule,46015,2016,truck,677
Brule,46015,2015,boat,596
Brule,46015,2015,bus,47
Brule,46015,2015,commercial_plate,416
Brule,46015,2015,electric,4
Brule,46015,2015,gross_vehicle_weight,611
Brule,46015,2015,irp_with_prorate_plate,17
Brule,46015,2015,motorcycle,257
Brule,46015,2015,off_road,277
Brule,46015,2015,passenger_low_speed,2306
Brule,46015,2015,pickup_suv_van,4392
Brule,46015,2015,recreational,71
Brule,46015,2015,snowmobile,52
Brule,46015,2015,titles,2758
Brule,46015,2015,trailer,2377
Brule,46015,2015,truck,737
Buffalo,46017,2025,boat,2
Buffalo,46017,2025,bus,0
Buffalo,46017,2025,commercial_plate,0
Buffalo,46017,2025,electric,0
Buffalo,46017,2025,gross_vehicle_weight,14
Buffalo,46017,2025,irp_with_prorate_plate,0
Buffalo,46017,2025,motorcycle,5
Buffalo,46017,2025,off_road,1
Buffalo,46017,2025,passenger_low_speed,27
Buffalo,46017,2025,pickup_suv_van,72
Buffalo,46017,2025,recreational,1
Buffalo,46017,2025,snowmobile,1
Buffalo,46017,2025,titles,32
Buffalo,46017,2025,trailer,34
Buffalo,46017,2025,truck,13
Buffalo,46017,2024,boat,56
Buffalo,46017,2024,bus,5
Buffalo,46017,2024,commercial_plate,13
Buffalo,46017,2024,electric,0
Buffalo,46017,2024,gross_vehicle_weight,148
Buffalo,46017,2024,irp_with_prorate_plate,0
Buffalo,46017,2024,motorcycle,34
Buffalo,46017,2024,off_road,32
Buffalo,46017,2024,passenger_low_speed,430
Buffalo,46017,2024,pickup_suv_van,983
Buffalo,46017,2024,recreational,5
Buffalo,46017,2024,snowmobile,5
Buffalo,46017,2024,titles,445
Buffalo,46017,2024,trailer,379
Buffalo,46017,2024,truck,136
Buffalo,46017,2023,boat,77
Buffalo,46017,2023,bus,7
Buffalo,46017,2023,commercial_plate,16
Buffalo,46017,2023,electric,0
Buffalo,46017,2023,gross_vehicle_weight,138
Buffalo,46017,2023,irp_with_prorate_plate,0
Buffalo,46017,2023,motorcycle,36
Buffalo,46017,2023,off_road,33
Buffalo,46017,2023,passenger_low_speed,439
Buffalo,46017,2023,pickup_suv_van,1033
Buffalo,46017,2023,recreational,4
Buffalo,46017,2023,snowmobile,10
Buffalo,46017,2023,titles,507
Buffalo,46017,2023,trailer,415
Buffalo,46017,2023,truck,131
Buffalo,46017,2022,boat,65
Buffalo,46017,2022,bus,8
Buffalo,46017,2022,commercial_plate,17
Buffalo,46017,2022,electric,0
Buffalo,46017,2022,gross_vehicle_weight,139
Buffalo,46017,2022,irp_with_prorate_plate,0
Buffalo,46017,2022,motorcycle,42
Buffalo,46017,2022,off_road,33
Buffalo,46017,2022,passenger_low_speed,479
Buffalo,46017,2022,pickup_suv_van,1060
Buffalo,46017,2022,pickup_suv_van,1064
Buffalo,46017,2022,recreational,3
Buffalo,46017,2022,snowmobile,6
Buffalo,46017,2022,titles,549
Buffalo,46017,2022,trailer,399
Buffalo,46017,2022,truck,128
Buffalo,46017,2021,boat,74
Buffalo,46017,2021,bus,10
Buffalo,46017,2021,commercial_plate,22
Buffalo,46017,2021,electric,0
Buffalo,46017,2021,gross_vehicle_weight,146
Buffalo,46017,2021,irp_with_prorate_plate,0
Buffalo,46017,2021,motorcycle,41
Buffalo,46017,2021,off_road,28
Buffalo,46017,2021,passenger_low_speed,554
Buffalo,46017,2021,pickup_suv_van,1119
Buffalo,46017,2021,pickup_suv_van,1118
Buffalo,46017,2021,recreational,4
Buffalo,46017,2021,snowmobile,7
Buffalo,46017,2021,titles,716
Buffalo,46017,2021,trailer,409
Buffalo,46017,2021,truck,136
Buffalo,46017,2020,boat,82
Buffalo,46017,2020,bus,8
Buffalo,46017,2020,commercial_plate,18
Buffalo,46017,2020,electric,0
Buffalo,46017,2020,gross_vehicle_weight,143
Buffalo,46017,2020,irp_with_prorate_plate,0
Buffalo,46017,2020,motorcycle,36
Buffalo,46017,2020,off_road,25
Buffalo,46017,2020,passenger_low_speed,516
Buffalo,46017,2020,pickup_suv_van,1019
Buffalo,46017,2020,recreational,2
Buffalo,46017,2020,snowmobile,11
Buffalo,46017,2020,titles,630
Buffalo,46017,2020,trailer,377
Buffalo,46017,2020,truck,128
Buffalo,46017,2019,boat,70
Buffalo,46017,2019,bus,8
Buffalo,46017,2019,commercial_plate,11
Buffalo,46017,2019,electric,0
Buffalo,46017,2019,gross_vehicle_weight,138
Buffalo,46017,2019,irp_with_prorate_plate,0
Buffalo,46017,2019,motorcycle,31
Buffalo,46017,2019,off_road,17
Buffalo,46017,2019,passenger_low_speed,487
Buffalo,46017,2019,pickup_suv_van,905
Buffalo,46017,2019,recreational,2
Buffalo,46017,2019,snowmobile,7
Buffalo,46017,2019,titles,526
Buffalo,46017,2019,trailer,375
Buffalo,46017,2019,truck,126
Buffalo,46017,2018,boat,70
Buffalo,46017,2018,bus,9
Buffalo,46017,2018,commercial_plate,5
Buffalo,46017,2018,electric,0
Buffalo,46017,2018,gross_vehicle_weight,148
Buffalo,46017,2018,irp_with_prorate_plate,0
Buffalo,46017,2018,motorcycle,36
Buffalo,46017,2018,off_road,15
Buffalo,46017,2018,passenger_low_speed,498
Buffalo,46017,2018,pickup_suv_van,966
Buffalo,46017,2018,recreational,2
Buffalo,46017,2018,snowmobile,8
Buffalo,46017,2018,titles,503
Buffalo,46017,2018,trailer,378
Buffalo,46017,2018,truck,125
Buffalo,46017,2017,boat,73
Buffalo,46017,2017,bus,6
Buffalo,46017,2017,commercial_plate,6
Buffalo,46017,2017,electric,0
Buffalo,46017,2017,gross_vehicle_weight,161
Buffalo,46017,2017,irp_with_prorate_plate,0
Buffalo,46017,2017,motorcycle,36
Buffalo,46017,2017,off_road,24
Buffalo,46017,2017,passenger_low_speed,580
Buffalo,46017,2017,pickup_suv_van,1027
Buffalo,46017,2017,recreational,2
Buffalo,46017,2017,snowmobile,7
Buffalo,46017,2017,titles,732
Buffalo,46017,2017,trailer,402
Buffalo,46017,2017,truck,138
Buffalo,46017,2016,boat,58
Buffalo,46017,2016,bus,5
Buffalo,46017,2016,commercial_plate,6
Buffalo,46017,2016,electric,0
Buffalo,46017,2016,gross_vehicle_weight,142
Buffalo,46017,2016,irp_with_prorate_plate,0
Buffalo,46017,2016,motorcycle,30
Buffalo,46017,2016,off_road,19
Buffalo,46017,2016,passenger_low_speed,504
Buffalo,46017,2016,pickup_suv_van,919
Buffalo,46017,2016,recreational,1
Buffalo,46017,2016,snowmobile,8
Buffalo,46017,2016,titles,561
Buffalo,46017,2016,trailer,368
Buffalo,46017,2016,truck,121
Buffalo,46017,2015,boat,60
Buffalo,46017,2015,bus,4
Buffalo,46017,2015,commercial_plate,2
Buffalo,46017,2015,electric,0
Buffalo,46017,2015,gross_vehicle_weight,144
Buffalo,46017,2015,irp_with_prorate_plate,0
Buffalo,46017,2015,motorcycle,28
Buffalo,46017,2015,off_road,21
Buffalo,46017,2015,passenger_low_speed,518
Buffalo,46017,2015,pickup_suv_van,936
Buffalo,46017,2015,recreational,2
Buffalo,46017,2015,snowmobile,9
Buffalo,46017,2015,titles,601
Buffalo,46017,2015,trailer,375
Buffalo,46017,2015,truck,127
Butte,46019,2025,boat,36
Butte,46019,2025,bus,0
Butte,46019,2025,commercial_plate,114
Butte,46019,2025,electric,3
Butte,46019,2025,gross_vehicle_weight,96
Butte,46019,2025,irp_with_prorate_plate,9
Butte,46019,2025,motorcycle,76
Butte,46019,2025,off_road,90
Butte,46019,2025,passenger_low_speed,381
Butte,46019,2025,pickup_suv_van,1304
Butte,46019,2025,recreational,15
Butte,46019,2025,snowmobile,32
Butte,46019,2025,titles,257
Butte,46019,2025,trailer,458
Butte,46019,2025,truck,84
Butte,46019,2024,boat,538
Butte,46019,2024,bus,6
Butte,46019,2024,commercial_plate,574
Butte,46019,2024,electric,19
Butte,46019,2024,gross_vehicle_weight,762
Butte,46019,2024,irp_with_prorate_plate,81
Butte,46019,2024,motorcycle,1075
Butte,46019,2024,off_road,750
Butte,46019,2024,passenger_low_speed,3510
Butte,46019,2024,pickup_suv_van,10480
Butte,46019,2024,recreational,143
Butte,46019,2024,snowmobile,106
Butte,46019,2024,titles,4713
Butte,46019,2024,trailer,4407
Butte,46019,2024,truck,613
Butte,46019,2023,boat,529
Butte,46019,2023,bus,4
Butte,46019,2023,commercial_plate,546
Butte,46019,2023,electric,15
Butte,46019,2023,gross_vehicle_weight,811
Butte,46019,2023,irp_with_prorate_plate,91
Butte,46019,2023,motorcycle,1039
Butte,46019,2023,off_road,787
Butte,46019,2023,passenger_low_speed,3810
Butte,46019,2023,pickup_suv_van,10769
Butte,46019,2023,recreational,144
Butte,46019,2023,snowmobile,149
Butte,46019,2023,titles,5592
Butte,46019,2023,trailer,4586
Butte,46019,2023,truck,659
Butte,46019,2022,boat,501
Butte,46019,2022,boat,502
Butte,46019,2022,bus,7
Butte,46019,2022,commercial_plate,543
Butte,46019,2022,electric,11
Butte,46019,2022,gross_vehicle_weight,772
Butte,46019,2022,gross_vehicle_weight,778
Butte,46019,2022,irp_with_prorate_plate,96
Butte,46019,2022,motorcycle,1023
Butte,46019,2022,motorcycle,1025
Butte,46019,2022,off_road,758
Butte,46019,2022,off_road,759
Butte,46019,2022,passenger_low_speed,4008
Butte,46019,2022,passenger_low_speed,4011
Butte,46019,2022,pickup_suv_van,10469
Butte,46019,2022,pickup_suv_van,10478
Butte,46019,2022,recreational,129
Butte,46019,2022,recreational,130
Butte,46019,2022,snowmobile,112
Butte,46019,2022,titles,5537
Butte,46019,2022,trailer,4458
Butte,46019,2022,truck,637
Butte,46019,2022,truck,636
Butte,46019,2021,boat,527
Butte,46019,2021,bus,11
Butte,46019,2021,commercial_plate,496
Butte,46019,2021,electric,11
Butte,46019,2021,gross_vehicle_weight,748
Butte,46019,2021,gross_vehicle_weight,759
Butte,46019,2021,irp_with_prorate_plate,98
Butte,46019,2021,motorcycle,950
Butte,46019,2021,off_road,715
Butte,46019,2021,passenger_low_speed,4220
Butte,46019,2021,pickup_suv_van,10257
Butte,46019,2021,pickup_suv_van,10256
Butte,46019,2021,recreational,137
Butte,46019,2021,snowmobile,126
Butte,46019,2021,titles,6023
Butte,46019,2021,trailer,4420
Butte,46019,2021,truck,641
Butte,46019,2020,boat,537
Butte,46019,2020,bus,7
Butte,46019,2020,commercial_plate,468
Butte,46019,2020,electric,4
Butte,46019,2020,gross_vehicle_weight,676
Butte,46019,2020,gross_vehicle_weight,686
Butte,46019,2020,irp_with_prorate_plate,102
Butte,46019,2020,motorcycle,898
Butte,46019,2020,off_road,671
Butte,46019,2020,passenger_low_speed,4121
Butte,46019,2020,pickup_suv_van,9636
Butte,46019,2020,recreational,133
Butte,46019,2020,snowmobile,143
Butte,46019,2020,titles,5876
Butte,46019,2020,trailer,4250
Butte,46019,2020,truck,595
Butte,46019,2019,boat,545
Butte,46019,2019,bus,6
Butte,46019,2019,commercial_plate,481
Butte,46019,2019,electric,1
Butte,46019,2019,gross_vehicle_weight,634
Butte,46019,2019,gross_vehicle_weight,636
Butte,46019,2019,irp_with_prorate_plate,139
Butte,46019,2019,motorcycle,852
Butte,46019,2019,off_road,635
Butte,46019,2019,passenger_low_speed,4356
Butte,46019,2019,pickup_suv_van,9351
Butte,46019,2019,recreational,140
Butte,46019,2019,snowmobile,180
Butte,46019,2019,titles,5474
Butte,46019,2019,trailer,3975
Butte,46019,2019,truck,657
Butte,46019,2018,boat,523
Butte,46019,2018,bus,16
Butte,46019,2018,commercial_plate,447
Butte,46019,2018,electric,2
Butte,46019,2018,gross_vehicle_weight,667
Butte,46019,2018,gross_vehicle_weight,670
Butte,46019,2018,irp_with_prorate_plate,132
Butte,46019,2018,motorcycle,856
Butte,46019,2018,off_road,609
Butte,46019,2018,passenger_low_speed,4586
Butte,46019,2018,pickup_suv_van,9055
Butte,46019,2018,recreational,142
Butte,46019,2018,snowmobile,169
Butte,46019,2018,titles,5538
Butte,46019,2018,trailer,3967
Butte,46019,2018,truck,662
Butte,46019,2017,boat,561
Butte,46019,2017,bus,6
Butte,46019,2017,commercial_plate,458
Butte,46019,2017,electric,2
Butte,46019,2017,gross_vehicle_weight,673
Butte,46019,2017,irp_with_prorate_plate,149
Butte,46019,2017,motorcycle,887
Butte,46019,2017,off_road,581
Butte,46019,2017,passenger_low_speed,4722
Butte,46019,2017,pickup_suv_van,8706
Butte,46019,2017,recreational,129
Butte,46019,2017,snowmobile,176
Butte,46019,2017,titles,5983
Butte,46019,2017,trailer,4068
Butte,46019,2017,truck,669
Butte,46019,2016,boat,569
Butte,46019,2016,bus,2
Butte,46019,2016,commercial_plate,466
Butte,46019,2016,electric,0
Butte,46019,2016,gross_vehicle_weight,666
Butte,46019,2016,irp_with_prorate_plate,137
Butte,46019,2016,motorcycle,865
Butte,46019,2016,off_road,582
Butte,46019,2016,passenger_low_speed,4812
Butte,46019,2016,pickup_suv_van,8675
Butte,46019,2016,recreational,154
Butte,46019,2016,snowmobile,208
Butte,46019,2016,titles,5350
Butte,46019,2016,trailer,4062
Butte,46019,2016,truck,693
Butte,46019,2015,boat,542
Butte,46019,2015,bus,21
Butte,46019,2015,commercial_plate,462
Butte,46019,2015,electric,0
Butte,46019,2015,gross_vehicle_weight,685
Butte,46019,2015,irp_with_prorate_plate,114
Butte,46019,2015,motorcycle,898
Butte,46019,2015,off_road,558
Butte,46019,2015,passenger_low_speed,4935
Butte,46019,2015,pickup_suv_van,8400
Butte,46019,2015,recreational,158
Butte,46019,2015,snowmobile,196
Butte,46019,2015,titles,5905
Butte,46019,2015,trailer,3974
Butte,46019,2015,truck,704
Campbell,46021,2025,boat,18
Campbell,46021,2025,bus,0
Campbell,46021,2025,commercial_plate,5
Campbell,46021,2025,electric,0
Campbell,46021,2025,gross_vehicle_weight,33
Campbell,46021,2025,irp_with_prorate_plate,0
Campbell,46021,2025,motorcycle,6
Campbell,46021,2025,off_road,22
Campbell,46021,2025,passenger_low_speed,71
Campbell,46021,2025,pickup_suv_van,260
Campbell,46021,2025,recreational,0
Campbell,46021,2025,snowmobile,0
Campbell,46021,2025,titles,35
Campbell,46021,2025,trailer,117
Campbell,46021,2025,truck,32
Campbell,46021,2024,boat,211
Campbell,46021,2024,bus,6
Campbell,46021,2024,commercial_plate,75
Campbell,46021,2024,electric,1
Campbell,46021,2024,gross_vehicle_weight,364
Campbell,46021,2024,irp_with_prorate_plate,26
Campbell,46021,2024,motorcycle,126
Campbell,46021,2024,off_road,175
Campbell,46021,2024,passenger_low_speed,548
Campbell,46021,2024,pickup_suv_van,1992
Campbell,46021,2024,recreational,7
Campbell,46021,2024,snowmobile,28
Campbell,46021,2024,titles,782
Campbell,46021,2024,trailer,1135
Campbell,46021,2024,truck,391
Campbell,46021,2023,boat,203
Campbell,46021,2023,bus,8
Campbell,46021,2023,commercial_plate,80
Campbell,46021,2023,electric,3
Campbell,46021,2023,gross_vehicle_weight,387
Campbell,46021,2023,irp_with_prorate_plate,28
Campbell,46021,2023,motorcycle,125
Campbell,46021,2023,off_road,173
Campbell,46021,2023,passenger_low_speed,575
Campbell,46021,2023,pickup_suv_van,2022
Campbell,46021,2023,recreational,9
Campbell,46021,2023,snowmobile,44
Campbell,46021,2023,titles,899
Campbell,46021,2023,trailer,1162
Campbell,46021,2023,truck,417
Campbell,46021,2022,boat,184
Campbell,46021,2022,bus,5
Campbell,46021,2022,commercial_plate,87
Campbell,46021,2022,electric,3
Campbell,46021,2022,gross_vehicle_weight,386
Campbell,46021,2022,gross_vehicle_weight,389
Campbell,46021,2022,irp_with_prorate_plate,28
Campbell,46021,2022,motorcycle,119
Campbell,46021,2022,off_road,154
Campbell,46021,2022,passenger_low_speed,622
Campbell,46021,2022,passenger_low_speed,623
Campbell,46021,2022,pickup_suv_van,1966
Campbell,46021,2022,pickup_suv_van,1967
Campbell,46021,2022,recreational,9
Campbell,46021,2022,snowmobile,35
Campbell,46021,2022,titles,801
Campbell,46021,2022,trailer,1090
Campbell,46021,2022,truck,416
Campbell,46021,2021,boat,196
Campbell,46021,2021,bus,6
Campbell,46021,2021,commercial_plate,68
Campbell,46021,2021,electric,1
Campbell,46021,2021,gross_vehicle_weight,399
Campbell,46021,2021,gross_vehicle_weight,401
Campbell,46021,2021,irp_with_prorate_plate,28
Campbell,46021,2021,motorcycle,138
Campbell,46021,2021,off_road,157
Campbell,46021,2021,passenger_low_speed,674
Campbell,46021,2021,pickup_suv_van,2006
Campbell,46021,2021,recreational,6
Campbell,46021,2021,snowmobile,40
Campbell,46021,2021,titles,987
Campbell,46021,2021,trailer,1150
Campbell,46021,2021,truck,426
Campbell,46021,2020,boat,192
Campbell,46021,2020,bus,5
Campbell,46021,2020,commercial_plate,67
Campbell,46021,2020,electric,1
Campbell,46021,2020,gross_vehicle_weight,368
Campbell,46021,2020,gross_vehicle_weight,370
Campbell,46021,2020,irp_with_prorate_plate,32
Campbell,46021,2020,motorcycle,130
Campbell,46021,2020,off_road,133
Campbell,46021,2020,passenger_low_speed,627
Campbell,46021,2020,pickup_suv_van,1904
Campbell,46021,2020,recreational,4
Campbell,46021,2020,snowmobile,58
Campbell,46021,2020,titles,820
Campbell,46021,2020,trailer,1076
Campbell,46021,2020,truck,401
Campbell,46021,2019,boat,192
Campbell,46021,2019,bus,8
Campbell,46021,2019,commercial_plate,59
Campbell,46021,2019,electric,3
Campbell,46021,2019,gross_vehicle_weight,366
Campbell,46021,2019,gross_vehicle_weight,368
Campbell,46021,2019,irp_with_prorate_plate,28
Campbell,46021,2019,motorcycle,122
Campbell,46021,2019,off_road,134
Campbell,46021,2019,passenger_low_speed,677
Campbell,46021,2019,pickup_suv_van,1822
Campbell,46021,2019,recreational,5
Campbell,46021,2019,snowmobile,51
Campbell,46021,2019,titles,894
Campbell,46021,2019,trailer,1065
Campbell,46021,2019,truck,400
Campbell,46021,2018,boat,209
Campbell,46021,2018,bus,12
Campbell,46021,2018,commercial_plate,64
Campbell,46021,2018,electric,0
Campbell,46021,2018,gross_vehicle_weight,382
Campbell,46021,2018,gross_vehicle_weight,383
Campbell,46021,2018,irp_with_prorate_plate,28
Campbell,46021,2018,motorcycle,134
Campbell,46021,2018,off_road,119
Campbell,46021,2018,passenger_low_speed,769
Campbell,46021,2018,pickup_suv_van,1842
Campbell,46021,2018,recreational,7
Campbell,46021,2018,snowmobile,57
Campbell,46021,2018,titles,834
Campbell,46021,2018,trailer,1064
Campbell,46021,2018,truck,416
Campbell,46021,2017,boat,200
Campbell,46021,2017,bus,5
Campbell,46021,2017,commercial_plate,59
Campbell,46021,2017,electric,0
Campbell,46021,2017,gross_vehicle_weight,399
Campbell,46021,2017,irp_with_prorate_plate,22
Campbell,46021,2017,motorcycle,142
Campbell,46021,2017,off_road,93
Campbell,46021,2017,passenger_low_speed,798
Campbell,46021,2017,pickup_suv_van,1800
Campbell,46021,2017,recreational,15
Campbell,46021,2017,snowmobile,49
Campbell,46021,2017,titles,851
Campbell,46021,2017,trailer,1068
Campbell,46021,2017,truck,414
Campbell,46021,2016,boat,196
Campbell,46021,2016,bus,6
Campbell,46021,2016,commercial_plate,58
Campbell,46021,2016,electric,0
Campbell,46021,2016,gross_vehicle_weight,432
Campbell,46021,2016,irp_with_prorate_plate,18
Campbell,46021,2016,motorcycle,144
Campbell,46021,2016,off_road,93
Campbell,46021,2016,passenger_low_speed,799
Campbell,46021,2016,pickup_suv_van,1791
Campbell,46021,2016,recreational,13
Campbell,46021,2016,snowmobile,35
Campbell,46021,2016,titles,843
Campbell,46021,2016,trailer,1041
Campbell,46021,2016,truck,455
Campbell,46021,2015,boat,191
Campbell,46021,2015,bus,12
Campbell,46021,2015,commercial_plate,59
Campbell,46021,2015,electric,0
Campbell,46021,2015,gross_vehicle_weight,451
Campbell,46021,2015,irp_with_prorate_plate,22
Campbell,46021,2015,motorcycle,145
Campbell,46021,2015,off_road,84
Campbell,46021,2015,passenger_low_speed,784
Campbell,46021,2015,pickup_suv_van,1698
Campbell,46021,2015,recreational,14
Campbell,46021,2015,snowmobile,46
Campbell,46021,2015,titles,994
Campbell,46021,2015,trailer,1052
Campbell,46021,2015,truck,477
Charles Mix,46023,2025,boat,119
Charles Mix,46023,2025,bus,1
Charles Mix,46023,2025,commercial_plate,50
Charles Mix,46023,2025,electric,1
Charles Mix,46023,2025,gross_vehicle_weight,46
Charles Mix,46023,2025,irp_with_prorate_plate,0
Charles Mix,46023,2025,motorcycle,43
Charles Mix,46023,2025,off_road,72
Charles Mix,46023,2025,passenger_low_speed,239
Charles Mix,46023,2025,pickup_suv_van,805
Charles Mix,46023,2025,recreational,4
Charles Mix,46023,2025,snowmobile,5
Charles Mix,46023,2025,titles,165
Charles Mix,46023,2025,trailer,375
Charles Mix,46023,2025,truck,50
Charles Mix,46023,2024,boat,1118
Charles Mix,46023,2024,bus,12
Charles Mix,46023,2024,commercial_plate,504
Charles Mix,46023,2024,electric,6
Charles Mix,46023,2024,gross_vehicle_weight,835
Charles Mix,46023,2024,irp_with_prorate_plate,28
Charles Mix,46023,2024,motorcycle,341
Charles Mix,46023,2024,off_road,672
Charles Mix,46023,2024,passenger_low_speed,2168
Charles Mix,46023,2024,pickup_suv_van,7263
Charles Mix,46023,2024,recreational,54
Charles Mix,46023,2024,snowmobile,39
Charles Mix,46023,2024,titles,2907
Charles Mix,46023,2024,trailer,3850
Charles Mix,46023,2024,truck,976
Charles Mix,46023,2023,boat,1136
Charles Mix,46023,2023,bus,16
Charles Mix,46023,2023,commercial_plate,582
Charles Mix,46023,2023,electric,6
Charles Mix,46023,2023,gross_vehicle_weight,819
Charles Mix,46023,2023,irp_with_prorate_plate,29
Charles Mix,46023,2023,motorcycle,345
Charles Mix,46023,2023,off_road,661
Charles Mix,46023,2023,passenger_low_speed,2383
Charles Mix,46023,2023,pickup_suv_van,7374
Charles Mix,46023,2023,recreational,45
Charles Mix,46023,2023,snowmobile,48
Charles Mix,46023,2023,titles,3278
Charles Mix,46023,2023,trailer,3954
Charles Mix,46023,2023,truck,998
Charles Mix,46023,2022,boat,1079
Charles Mix,46023,2022,bus,9
Charles Mix,46023,2022,commercial_plate,528
Charles Mix,46023,2022,electric,7
Charles Mix,46023,2022,gross_vehicle_weight,832
Charles Mix,46023,2022,gross_vehicle_weight,835
Charles Mix,46023,2022,irp_with_prorate_plate,25
Charles Mix,46023,2022,motorcycle,332
Charles Mix,46023,2022,off_road,590
Charles Mix,46023,2022,off_road,589
Charles Mix,46023,2022,passenger_low_speed,2528
Charles Mix,46023,2022,passenger_low_speed,2529
Charles Mix,46023,2022,pickup_suv_van,7127
Charles Mix,46023,2022,pickup_suv_van,7130
Charles Mix,46023,2022,recreational,48
Charles Mix,46023,2022,snowmobile,38
Charles Mix,46023,2022,titles,3176
Charles Mix,46023,2022,trailer,3777
Charles Mix,46023,2022,truck,975
Charles Mix,46023,2022,truck,976
Charles Mix,46023,2021,boat,1093
Charles Mix,46023,2021,bus,14
Charles Mix,46023,2021,commercial_plate,478
Charles Mix,46023,2021,electric,4
Charles Mix,46023,2021,gross_vehicle_weight,822
Charles Mix,46023,2021,gross_vehicle_weight,830
Charles Mix,46023,2021,irp_with_prorate_plate,32
Charles Mix,46023,2021,motorcycle,344
Charles Mix,46023,2021,off_road,564
Charles Mix,46023,2021,passenger_low_speed,2628
Charles Mix,46023,2021,pickup_suv_van,7302
Charles Mix,46023,2021,pickup_suv_van,7300
Charles Mix,46023,2021,recreational,47
Charles Mix,46023,2021,snowmobile,46
Charles Mix,46023,2021,titles,3668
Charles Mix,46023,2021,trailer,3796
Charles Mix,46023,2021,truck,949
Charles Mix,46023,2021,truck,950
Charles Mix,46023,2020,boat,1040
Charles Mix,46023,2020,bus,13
Charles Mix,46023,2020,commercial_plate,481
Charles Mix,46023,2020,electric,3
Charles Mix,46023,2020,gross_vehicle_weight,807
Charles Mix,46023,2020,gross_vehicle_weight,811
Charles Mix,46023,2020,irp_with_prorate_plate,23
Charles Mix,46023,2020,motorcycle,333
Charles Mix,46023,2020,off_road,520
Charles Mix,46023,2020,passenger_low_speed,2590
Charles Mix,46023,2020,passenger_low_speed,2589
Charles Mix,46023,2020,pickup_suv_van,6920
Charles Mix,46023,2020,pickup_suv_van,6919
Charles Mix,46023,2020,recreational,44
Charles Mix,46023,2020,snowmobile,59
Charles Mix,46023,2020,titles,3298
Charles Mix,46023,2020,trailer,3538
Charles Mix,46023,2020,truck,921
Charles Mix,46023,2020,truck,922
Charles Mix,46023,2019,boat,967
Charles Mix,46023,2019,bus,20
Charles Mix,46023,2019,commercial_plate,475
Charles Mix,46023,2019,electric,1
Charles Mix,46023,2019,gross_vehicle_weight,794
Charles Mix,46023,2019,gross_vehicle_weight,795
Charles Mix,46023,2019,irp_with_prorate_plate,26
Charles Mix,46023,2019,motorcycle,360
Charles Mix,46023,2019,off_road,486
Charles Mix,46023,2019,passenger_low_speed,2739
Charles Mix,46023,2019,pickup_suv_van,6744
Charles Mix,46023,2019,pickup_suv_van,6743
Charles Mix,46023,2019,recreational,47
Charles Mix,46023,2019,snowmobile,51
Charles Mix,46023,2019,titles,3057
Charles Mix,46023,2019,trailer,3421
Charles Mix,46023,2019,truck,917
Charles Mix,46023,2019,truck,918
Charles Mix,46023,2018,boat,972
Charles Mix,46023,2018,bus,52
Charles Mix,46023,2018,commercial_plate,418
Charles Mix,46023,2018,electric,1
Charles Mix,46023,2018,gross_vehicle_weight,863
Charles Mix,46023,2018,gross_vehicle_weight,865
Charles Mix,46023,2018,irp_with_prorate_plate,35
Charles Mix,46023,2018,motorcycle,342
Charles Mix,46023,2018,off_road,438
Charles Mix,46023,2018,passenger_low_speed,2965
Charles Mix,46023,2018,pickup_suv_van,6689
Charles Mix,46023,2018,pickup_suv_van,6688
Charles Mix,46023,2018,recreational,50
Charles Mix,46023,2018,snowmobile,55
Charles Mix,46023,2018,titles,3022
Charles Mix,46023,2018,trailer,3497
Charles Mix,46023,2018,truck,971
Charles Mix,46023,2018,truck,972
Charles Mix,46023,2017,boat,992
Charles Mix,46023,2017,bus,11
Charles Mix,46023,2017,commercial_plate,429
Charles Mix,46023,2017,electric,0
Charles Mix,46023,2017,gross_vehicle_weight,835
Charles Mix,46023,2017,irp_with_prorate_plate,39
Charles Mix,46023,2017,motorcycle,355
Charles Mix,46023,2017,off_road,402
Charles Mix,46023,2017,passenger_low_speed,3114
Charles Mix,46023,2017,pickup_suv_van,6540
Charles Mix,46023,2017,recreational,53
Charles Mix,46023,2017,snowmobile,64
Charles Mix,46023,2017,titles,3190
Charles Mix,46023,2017,trailer,3416
Charles Mix,46023,2017,truck,913
Charles Mix,46023,2016,boat,1021
Charles Mix,46023,2016,bus,16
Charles Mix,46023,2016,commercial_plate,412
Charles Mix,46023,2016,electric,0
Charles Mix,46023,2016,gross_vehicle_weight,880
Charles Mix,46023,2016,irp_with_prorate_plate,48
Charles Mix,46023,2016,motorcycle,371
Charles Mix,46023,2016,off_road,408
Charles Mix,46023,2016,passenger_low_speed,3205
Charles Mix,46023,2016,pickup_suv_van,6442
Charles Mix,46023,2016,recreational,49
Charles Mix,46023,2016,snowmobile,73
Charles Mix,46023,2016,titles,3234
Charles Mix,46023,2016,trailer,3543
Charles Mix,46023,2016,truck,957
Charles Mix,46023,2015,boat,1000
Charles Mix,46023,2015,bus,78
Charles Mix,46023,2015,commercial_plate,398
Charles Mix,46023,2015,electric,0
Charles Mix,46023,2015,gross_vehicle_weight,950
Charles Mix,46023,2015,irp_with_prorate_plate,40
Charles Mix,46023,2015,motorcycle,384
Charles Mix,46023,2015,off_road,384
Charles Mix,46023,2015,passenger_low_speed,3397
Charles Mix,46023,2015,pickup_suv_van,6433
Charles Mix,46023,2015,recreational,51
Charles Mix,46023,2015,snowmobile,83
Charles Mix,46023,2015,titles,3658
Charles Mix,46023,2015,trailer,3578
Charles Mix,46023,2015,truck,1035
Clark,46025,2025,boat,30
Clark,46025,2025,bus,0
Clark,46025,2025,commercial_plate,28
Clark,46025,2025,electric,2
Clark,46025,2025,gross_vehicle_weight,51
Clark,46025,2025,irp_with_prorate_plate,9
Clark,46025,2025,motorcycle,19
Clark,46025,2025,off_road,39
Clark,46025,2025,passenger_low_speed,99
Clark,46025,2025,pickup_suv_van,439
Clark,46025,2025,recreational,3
Clark,46025,2025,snowmobile,9
Clark,46025,2025,titles,71
Clark,46025,2025,trailer,211
Clark,46025,2025,truck,70
Clark,46025,2024,boat,389
Clark,46025,2024,bus,4
Clark,46025,2024,commercial_plate,218
Clark,46025,2024,electric,6
Clark,46025,2024,gross_vehicle_weight,606
Clark,46025,2024,irp_with_prorate_plate,29
Clark,46025,2024,motorcycle,232
Clark,46025,2024,off_road,418
Clark,46025,2024,passenger_low_speed,957
Clark,46025,2024,pickup_suv_van,4066
Clark,46025,2024,recreational,29
Clark,46025,2024,snowmobile,76
Clark,46025,2024,titles,1459
Clark,46025,2024,trailer,2199
Clark,46025,2024,truck,699
Clark,46025,2023,boat,402
Clark,46025,2023,bus,4
Clark,46025,2023,commercial_plate,239
Clark,46025,2023,electric,5
Clark,46025,2023,gross_vehicle_weight,658
Clark,46025,2023,irp_with_prorate_plate,30
Clark,46025,2023,motorcycle,245
Clark,46025,2023,off_road,413
Clark,46025,2023,passenger_low_speed,1095
Clark,46025,2023,pickup_suv_van,4247
Clark,46025,2023,recreational,37
Clark,46025,2023,snowmobile,101
Clark,46025,2023,titles,1900
Clark,46025,2023,trailer,2303
Clark,46025,2023,truck,757
Clark,46025,2022,boat,366
Clark,46025,2022,bus,8
Clark,46025,2022,commercial_plate,234
Clark,46025,2022,electric,6
Clark,46025,2022,gross_vehicle_weight,632
Clark,46025,2022,gross_vehicle_weight,636
Clark,46025,2022,irp_with_prorate_plate,28
Clark,46025,2022,motorcycle,234
Clark,46025,2022,motorcycle,235
Clark,46025,2022,off_road,351
Clark,46025,2022,passenger_low_speed,1114
Clark,46025,2022,passenger_low_speed,1113
Clark,46025,2022,pickup_suv_van,4053
Clark,46025,2022,pickup_suv_van,4057
Clark,46025,2022,recreational,34
Clark,46025,2022,snowmobile,88
Clark,46025,2022,titles,1667
Clark,46025,2022,trailer,2255
Clark,46025,2022,truck,725
Clark,46025,2021,boat,397
Clark,46025,2021,bus,4
Clark,46025,2021,commercial_plate,205
Clark,46025,2021,electric,3
Clark,46025,2021,gross_vehicle_weight,613
Clark,46025,2021,gross_vehicle_weight,616
Clark,46025,2021,irp_with_prorate_plate,30
Clark,46025,2021,motorcycle,221
Clark,46025,2021,off_road,341
Clark,46025,2021,passenger_low_speed,1155
Clark,46025,2021,passenger_low_speed,1154
Clark,46025,2021,pickup_suv_van,3977
Clark,46025,2021,recreational,37
Clark,46025,2021,snowmobile,86
Clark,46025,2021,titles,1850
Clark,46025,2021,trailer,2226
Clark,46025,2021,truck,698
Clark,46025,2020,boat,347
Clark,46025,2020,bus,8
Clark,46025,2020,commercial_plate,217
Clark,46025,2020,electric,1
Clark,46025,2020,gross_vehicle_weight,587
Clark,46025,2020,gross_vehicle_weight,589
Clark,46025,2020,irp_with_prorate_plate,27
Clark,46025,2020,motorcycle,244
Clark,46025,2020,off_road,334
Clark,46025,2020,passenger_low_speed,1154
Clark,46025,2020,pickup_suv_van,3804
Clark,46025,2020,recreational,38
Clark,46025,2020,snowmobile,117
Clark,46025,2020,titles,1545
Clark,46025,2020,trailer,2030
Clark,46025,2020,truck,668
Clark,46025,2019,boat,365
Clark,46025,2019,bus,10
Clark,46025,2019,commercial_plate,212
Clark,46025,2019,electric,1
Clark,46025,2019,gross_vehicle_weight,619
Clark,46025,2019,gross_vehicle_weight,622
Clark,46025,2019,irp_with_prorate_plate,23
Clark,46025,2019,motorcycle,214
Clark,46025,2019,off_road,288
Clark,46025,2019,passenger_low_speed,1195
Clark,46025,2019,pickup_suv_van,3716
Clark,46025,2019,recreational,31
Clark,46025,2019,snowmobile,106
Clark,46025,2019,titles,1484
Clark,46025,2019,trailer,2018
Clark,46025,2019,truck,702
Clark,46025,2018,boat,369
Clark,46025,2018,bus,18
Clark,46025,2018,commercial_plate,272
Clark,46025,2018,electric,1
Clark,46025,2018,gross_vehicle_weight,666
Clark,46025,2018,gross_vehicle_weight,669
Clark,46025,2018,irp_with_prorate_plate,24
Clark,46025,2018,motorcycle,233
Clark,46025,2018,off_road,304
Clark,46025,2018,passenger_low_speed,1275
Clark,46025,2018,pickup_suv_van,3753
Clark,46025,2018,recreational,32
Clark,46025,2018,snowmobile,122
Clark,46025,2018,titles,1696
Clark,46025,2018,trailer,2187
Clark,46025,2018,truck,803
Clark,46025,2017,boat,372
Clark,46025,2017,bus,12
Clark,46025,2017,commercial_plate,237
Clark,46025,2017,electric,1
Clark,46025,2017,gross_vehicle_weight,690
Clark,46025,2017,irp_with_prorate_plate,33
Clark,46025,2017,motorcycle,220
Clark,46025,2017,off_road,271
Clark,46025,2017,passenger_low_speed,1328
Clark,46025,2017,pickup_suv_van,3644
Clark,46025,2017,recreational,31
Clark,46025,2017,snowmobile,124
Clark,46025,2017,titles,1548
Clark,46025,2017,trailer,2041
Clark,46025,2017,truck,778
Clark,46025,2016,boat,423
Clark,46025,2016,bus,16
Clark,46025,2016,commercial_plate,246
Clark,46025,2016,electric,1
Clark,46025,2016,gross_vehicle_weight,714
Clark,46025,2016,irp_with_prorate_plate,30
Clark,46025,2016,motorcycle,223
Clark,46025,2016,off_road,266
Clark,46025,2016,passenger_low_speed,1438
Clark,46025,2016,pickup_suv_van,3626
Clark,46025,2016,recreational,43
Clark,46025,2016,snowmobile,134
Clark,46025,2016,titles,1624
Clark,46025,2016,trailer,2107
Clark,46025,2016,truck,797
Clark,46025,2015,boat,455
Clark,46025,2015,bus,25
Clark,46025,2015,commercial_plate,266
Clark,46025,2015,electric,0
Clark,46025,2015,gross_vehicle_weight,741
Clark,46025,2015,irp_with_prorate_plate,32
Clark,46025,2015,motorcycle,230
Clark,46025,2015,off_road,264
Clark,46025,2015,passenger_low_speed,1525
Clark,46025,2015,pickup_suv_van,3572
Clark,46025,2015,recreational,42
Clark,46025,2015,snowmobile,133
Clark,46025,2015,titles,1852
Clark,46025,2015,trailer,2185
Clark,46025,2015,truck,878
Clay,46027,2025,boat,110
Clay,46027,2025,bus,1
Clay,46027,2025,commercial_plate,59
Clay,46027,2025,electric,14
Clay,46027,2025,gross_vehicle_weight,94
Clay,46027,2025,irp_with_prorate_plate,1
Clay,46027,2025,motorcycle,166
Clay,46027,2025,off_road,153
Clay,46027,2025,passenger_low_speed,841
Clay,46027,2025,pickup_suv_van,2250
Clay,46027,2025,recreational,40
Clay,46027,2025,snowmobile,40
Clay,46027,2025,titles,489
Clay,46027,2025,trailer,431
Clay,46027,2025,truck,95
Clay,46027,2024,boat,1002
Clay,46027,2024,bus,14
Clay,46027,2024,commercial_plate,457
Clay,46027,2024,electric,107
Clay,46027,2024,gross_vehicle_weight,754
Clay,46027,2024,irp_with_prorate_plate,44
Clay,46027,2024,motorcycle,1307
Clay,46027,2024,off_road,1304
Clay,46027,2024,passenger_low_speed,7055
Clay,46027,2024,pickup_suv_van,18332
Clay,46027,2024,recreational,387
Clay,46027,2024,snowmobile,130
Clay,46027,2024,titles,7980
Clay,46027,2024,trailer,3905
Clay,46027,2024,truck,791
Clay,46027,2023,boat,1009
Clay,46027,2023,bus,13
Clay,46027,2023,commercial_plate,526
Clay,46027,2023,electric,100
Clay,46027,2023,gross_vehicle_weight,722
Clay,46027,2023,irp_with_prorate_plate,54
Clay,46027,2023,motorcycle,1271
Clay,46027,2023,off_road,1314
Clay,46027,2023,passenger_low_speed,7456
Clay,46027,2023,pickup_suv_van,18640
Clay,46027,2023,recreational,415
Clay,46027,2023,snowmobile,175
Clay,46027,2023,titles,9449
Clay,46027,2023,trailer,4012
Clay,46027,2023,truck,779
Clay,46027,2022,boat,1007
Clay,46027,2022,bus,16
Clay,46027,2022,commercial_plate,459
Clay,46027,2022,electric,84
Clay,46027,2022,gross_vehicle_weight,724
Clay,46027,2022,gross_vehicle_weight,723
Clay,46027,2022,irp_with_prorate_plate,52
Clay,46027,2022,motorcycle,1270
Clay,46027,2022,motorcycle,1274
Clay,46027,2022,off_road,1243
Clay,46027,2022,off_road,1239
Clay,46027,2022,passenger_low_speed,7294
Clay,46027,2022,passenger_low_speed,7296
Clay,46027,2022,pickup_suv_van,17447
Clay,46027,2022,pickup_suv_van,17454
Clay,46027,2022,recreational,400
Clay,46027,2022,snowmobile,143
Clay,46027,2022,titles,8622
Clay,46027,2022,trailer,3960
Clay,46027,2022,trailer,3962
Clay,46027,2022,truck,730
Clay,46027,2021,boat,1002
Clay,46027,2021,bus,10
Clay,46027,2021,commercial_plate,462
Clay,46027,2021,electric,57
Clay,46027,2021,electric,58
Clay,46027,2021,gross_vehicle_weight,717
Clay,46027,2021,gross_vehicle_weight,714
Clay,46027,2021,irp_with_prorate_plate,63
Clay,46027,2021,motorcycle,1231
Clay,46027,2021,off_road,1229
Clay,46027,2021,passenger_low_speed,7345
Clay,46027,2021,pickup_suv_van,16903
Clay,46027,2021,recreational,389
Clay,46027,2021,snowmobile,156
Clay,46027,2021,titles,9505
Clay,46027,2021,trailer,3821
Clay,46027,2021,truck,740
Clay,46027,2020,boat,1039
Clay,46027,2020,bus,15
Clay,46027,2020,commercial_plate,433
Clay,46027,2020,electric,37
Clay,46027,2020,electric,36
Clay,46027,2020,gross_vehicle_weight,649
Clay,46027,2020,gross_vehicle_weight,648
Clay,46027,2020,irp_with_prorate_plate,62
Clay,46027,2020,motorcycle,1086
Clay,46027,2020,off_road,1242
Clay,46027,2020,passenger_low_speed,6901
Clay,46027,2020,pickup_suv_van,15151
Clay,46027,2020,recreational,330
Clay,46027,2020,snowmobile,179
Clay,46027,2020,titles,7857
Clay,46027,2020,trailer,3629
Clay,46027,2020,truck,676
Clay,46027,2019,boat,991
Clay,46027,2019,bus,10
Clay,46027,2019,commercial_plate,393
Clay,46027,2019,electric,18
Clay,46027,2019,electric,19
Clay,46027,2019,gross_vehicle_weight,592
Clay,46027,2019,gross_vehicle_weight,593
Clay,46027,2019,irp_with_prorate_plate,66
Clay,46027,2019,motorcycle,1020
Clay,46027,2019,off_road,854
Clay,46027,2019,passenger_low_speed,6985
Clay,46027,2019,pickup_suv_van,14035
Clay,46027,2019,recreational,298
Clay,46027,2019,snowmobile,182
Clay,46027,2019,titles,7785
Clay,46027,2019,trailer,3383
Clay,46027,2019,truck,633
Clay,46027,2018,boat,997
Clay,46027,2018,bus,18
Clay,46027,2018,commercial_plate,378
Clay,46027,2018,electric,15
Clay,46027,2018,gross_vehicle_weight,590
Clay,46027,2018,gross_vehicle_weight,589
Clay,46027,2018,irp_with_prorate_plate,61
Clay,46027,2018,motorcycle,927
Clay,46027,2018,off_road,652
Clay,46027,2018,passenger_low_speed,7000
Clay,46027,2018,pickup_suv_van,13123
Clay,46027,2018,recreational,281
Clay,46027,2018,snowmobile,163
Clay,46027,2018,titles,7100
Clay,46027,2018,trailer,3399
Clay,46027,2018,truck,653
Clay,46027,2017,boat,1008
Clay,46027,2017,bus,11
Clay,46027,2017,commercial_plate,377
Clay,46027,2017,electric,5
Clay,46027,2017,gross_vehicle_weight,562
Clay,46027,2017,irp_with_prorate_plate,60
Clay,46027,2017,motorcycle,841
Clay,46027,2017,off_road,593
Clay,46027,2017,passenger_low_speed,6775
Clay,46027,2017,pickup_suv_van,11920
Clay,46027,2017,recreational,263
Clay,46027,2017,snowmobile,126
Clay,46027,2017,titles,6653
Clay,46027,2017,trailer,3305
Clay,46027,2017,truck,598
Clay,46027,2016,boat,974
Clay,46027,2016,bus,12
Clay,46027,2016,commercial_plate,395
Clay,46027,2016,electric,5
Clay,46027,2016,gross_vehicle_weight,547
Clay,46027,2016,irp_with_prorate_plate,81
Clay,46027,2016,motorcycle,833
Clay,46027,2016,off_road,535
Clay,46027,2016,passenger_low_speed,6911
Clay,46027,2016,pickup_suv_van,11457
Clay,46027,2016,recreational,233
Clay,46027,2016,snowmobile,145
Clay,46027,2016,titles,6019
Clay,46027,2016,trailer,3315
Clay,46027,2016,truck,616
Clay,46027,2015,boat,923
Clay,46027,2015,bus,24
Clay,46027,2015,commercial_plate,371
Clay,46027,2015,electric,6
Clay,46027,2015,gross_vehicle_weight,610
Clay,46027,2015,irp_with_prorate_plate,61
Clay,46027,2015,motorcycle,754
Clay,46027,2015,off_road,485
Clay,46027,2015,passenger_low_speed,6827
Clay,46027,2015,pickup_suv_van,10659
Clay,46027,2015,recreational,238
Clay,46027,2015,snowmobile,125
Clay,46027,2015,titles,6205
Clay,46027,2015,trailer,3292
Clay,46027,2015,truck,684
Codington,46029,2025,boat,308
Codington,46029,2025,bus,2
Codington,46029,2025,commercial_plate,417
Codington,46029,2025,electric,4
Codington,46029,2025,gross_vehicle_weight,104
Codington,46029,2025,irp_with_prorate_plate,9
Codington,46029,2025,motorcycle,200
Codington,46029,2025,off_road,190
Codington,46029,2025,passenger_low_speed,882
Codington,46029,2025,pickup_suv_van,3160
Codington,46029,2025,recreational,24
Codington,46029,2025,snowmobile,86
Codington,46029,2025,titles,676
Codington,46029,2025,trailer,1149
Codington,46029,2025,truck,197
Codington,46029,2024,boat,3281
Codington,46029,2024,bus,19
Codington,46029,2024,commercial_plate,2235
Codington,46029,2024,electric,81
Codington,46029,2024,gross_vehicle_weight,782
Codington,46029,2024,irp_with_prorate_plate,103
Codington,46029,2024,motorcycle,2080
Codington,46029,2024,off_road,1568
Codington,46029,2024,passenger_low_speed,8088
Codington,46029,2024,pickup_suv_van,24770
Codington,46029,2024,recreational,216
Codington,46029,2024,snowmobile,493
Codington,46029,2024,titles,10903
Codington,46029,2024,trailer,10501
Codington,46029,2024,truck,1434
Codington,46029,2023,boat,3426
Codington,46029,2023,bus,23
Codington,46029,2023,commercial_plate,2258
Codington,46029,2023,electric,64
Codington,46029,2023,gross_vehicle_weight,815
Codington,46029,2023,irp_with_prorate_plate,114
Codington,46029,2023,motorcycle,2118
Codington,46029,2023,off_road,1573
Codington,46029,2023,passenger_low_speed,8659
Codington,46029,2023,pickup_suv_van,25396
Codington,46029,2023,recreational,223
Codington,46029,2023,snowmobile,641
Codington,46029,2023,titles,12560
Codington,46029,2023,trailer,10838
Codington,46029,2023,truck,1454
Codington,46029,2022,boat,3384
Codington,46029,2022,bus,22
Codington,46029,2022,commercial_plate,2146
Codington,46029,2022,electric,55
Codington,46029,2022,gross_vehicle_weight,817
Codington,46029,2022,gross_vehicle_weight,851
Codington,46029,2022,irp_with_prorate_plate,120
Codington,46029,2022,motorcycle,2023
Codington,46029,2022,motorcycle,2025
Codington,46029,2022,off_road,1522
Codington,46029,2022,passenger_low_speed,8753
Codington,46029,2022,passenger_low_speed,8762
Codington,46029,2022,pickup_suv_van,23677
Codington,46029,2022,pickup_suv_van,23696
Codington,46029,2022,recreational,210
Codington,46029,2022,snowmobile,623
Codington,46029,2022,titles,10797
Codington,46029,2022,trailer,10477
Codington,46029,2022,truck,1420
Codington,46029,2022,truck,1418
Codington,46029,2021,boat,3416
Codington,46029,2021,bus,15
Codington,46029,2021,commercial_plate,2207
Codington,46029,2021,electric,39
Codington,46029,2021,gross_vehicle_weight,837
Codington,46029,2021,gross_vehicle_weight,855
Codington,46029,2021,irp_with_prorate_plate,105
Codington,46029,2021,motorcycle,2078
Codington,46029,2021,off_road,1587
Codington,46029,2021,passenger_low_speed,9436
Codington,46029,2021,pickup_suv_van,24114
Codington,46029,2021,recreational,213
Codington,46029,2021,snowmobile,656
Codington,46029,2021,titles,13558
Codington,46029,2021,trailer,10702
Codington,46029,2021,truck,1394
Codington,46029,2020,boat,3284
Codington,46029,2020,bus,19
Codington,46029,2020,commercial_plate,2057
Codington,46029,2020,electric,31
Codington,46029,2020,gross_vehicle_weight,962
Codington,46029,2020,gross_vehicle_weight,977
Codington,46029,2020,irp_with_prorate_plate,113
Codington,46029,2020,motorcycle,1986
Codington,46029,2020,off_road,1420
Codington,46029,2020,passenger_low_speed,9567
Codington,46029,2020,pickup_suv_van,22962
Codington,46029,2020,recreational,206
Codington,46029,2020,snowmobile,792
Codington,46029,2020,titles,12486
Codington,46029,2020,trailer,10211
Codington,46029,2020,truck,1432
Codington,46029,2019,boat,3027
Codington,46029,2019,bus,21
Codington,46029,2019,commercial_plate,1970
Codington,46029,2019,electric,29
Codington,46029,2019,electric,28
Codington,46029,2019,gross_vehicle_weight,903
Codington,46029,2019,gross_vehicle_weight,916
Codington,46029,2019,irp_with_prorate_plate,139
Codington,46029,2019,motorcycle,1991
Codington,46029,2019,off_road,1379
Codington,46029,2019,passenger_low_speed,10193
Codington,46029,2019,pickup_suv_van,22192
Codington,46029,2019,recreational,188
Codington,46029,2019,snowmobile,774
Codington,46029,2019,titles,12256
Codington,46029,2019,trailer,9696
Codington,46029,2019,trailer,9698
Codington,46029,2019,truck,1405
Codington,46029,2018,boat,3074
Codington,46029,2018,bus,67
Codington,46029,2018,commercial_plate,1934
Codington,46029,2018,electric,20
Codington,46029,2018,electric,21
Codington,46029,2018,gross_vehicle_weight,991
Codington,46029,2018,gross_vehicle_weight,1014
Codington,46029,2018,irp_with_prorate_plate,151
Codington,46029,2018,motorcycle,2047
Codington,46029,2018,off_road,1296
Codington,46029,2018,passenger_low_speed,11000
Codington,46029,2018,pickup_suv_van,21851
Codington,46029,2018,recreational,203
Codington,46029,2018,snowmobile,728
Codington,46029,2018,titles,12231
Codington,46029,2018,trailer,9846
Codington,46029,2018,truck,1489
Codington,46029,2017,boat,3088
Codington,46029,2017,bus,31
Codington,46029,2017,commercial_plate,1867
Codington,46029,2017,electric,13
Codington,46029,2017,gross_vehicle_weight,992
Codington,46029,2017,irp_with_prorate_plate,172
Codington,46029,2017,motorcycle,2029
Codington,46029,2017,off_road,1235
Codington,46029,2017,passenger_low_speed,11461
Codington,46029,2017,pickup_suv_van,21060
Codington,46029,2017,recreational,199
Codington,46029,2017,snowmobile,724
Codington,46029,2017,titles,12617
Codington,46029,2017,trailer,9629
Codington,46029,2017,truck,1417
Codington,46029,2016,boat,3201
Codington,46029,2016,bus,31
Codington,46029,2016,commercial_plate,1945
Codington,46029,2016,electric,16
Codington,46029,2016,gross_vehicle_weight,1020
Codington,46029,2016,irp_with_prorate_plate,206
Codington,46029,2016,motorcycle,2046
Codington,46029,2016,off_road,1312
Codington,46029,2016,passenger_low_speed,11765
Codington,46029,2016,pickup_suv_van,20453
Codington,46029,2016,recreational,219
Codington,46029,2016,snowmobile,807
Codington,46029,2016,titles,12375
Codington,46029,2016,trailer,9706
Codington,46029,2016,truck,1514
Codington,46029,2015,boat,3179
Codington,46029,2015,bus,62
Codington,46029,2015,commercial_plate,1872
Codington,46029,2015,electric,16
Codington,46029,2015,gross_vehicle_weight,1113
Codington,46029,2015,irp_with_prorate_plate,161
Codington,46029,2015,motorcycle,2063
Codington,46029,2015,off_road,1241
Codington,46029,2015,passenger_low_speed,11939
Codington,46029,2015,pickup_suv_van,20163
Codington,46029,2015,recreational,233
Codington,46029,2015,snowmobile,807
Codington,46029,2015,titles,13421
Codington,46029,2015,trailer,9765
Codington,46029,2015,truck,1605
Corson,46031,2025,boat,9
Corson,46031,2025,bus,2
Corson,46031,2025,commercial_plate,4
Corson,46031,2025,electric,0
Corson,46031,2025,gross_vehicle_weight,33
Corson,46031,2025,irp_with_prorate_plate,2
Corson,46031,2025,motorcycle,5
Corson,46031,2025,off_road,8
Corson,46031,2025,passenger_low_speed,62
Corson,46031,2025,pickup_suv_van,274
Corson,46031,2025,recreational,1
Corson,46031,2025,snowmobile,3
Corson,46031,2025,titles,56
Corson,46031,2025,trailer,85
Corson,46031,2025,truck,24
Corson,46031,2024,boat,118
Corson,46031,2024,bus,3
Corson,46031,2024,commercial_plate,55
Corson,46031,2024,electric,5
Corson,46031,2024,gross_vehicle_weight,484
Corson,46031,2024,irp_with_prorate_plate,5
Corson,46031,2024,motorcycle,103
Corson,46031,2024,off_road,70
Corson,46031,2024,passenger_low_speed,840
Corson,46031,2024,pickup_suv_van,2670
Corson,46031,2024,recreational,14
Corson,46031,2024,snowmobile,17
Corson,46031,2024,titles,1167
Corson,46031,2024,trailer,1025
Corson,46031,2024,truck,403
Corson,46031,2023,boat,109
Corson,46031,2023,bus,4
Corson,46031,2023,commercial_plate,60
Corson,46031,2023,electric,0
Corson,46031,2023,gross_vehicle_weight,502
Corson,46031,2023,irp_with_prorate_plate,8
Corson,46031,2023,motorcycle,115
Corson,46031,2023,off_road,81
Corson,46031,2023,passenger_low_speed,909
Corson,46031,2023,pickup_suv_van,2752
Corson,46031,2023,recreational,19
Corson,46031,2023,snowmobile,31
Corson,46031,2023,titles,1208
Corson,46031,2023,trailer,1030
Corson,46031,2023,truck,426
Corson,46031,2022,boat,97
Corson,46031,2022,bus,3
Corson,46031,2022,commercial_plate,51
Corson,46031,2022,electric,0
Corson,46031,2022,gross_vehicle_weight,480
Corson,46031,2022,gross_vehicle_weight,478
Corson,46031,2022,irp_with_prorate_plate,7
Corson,46031,2022,motorcycle,113
Corson,46031,2022,off_road,77
Corson,46031,2022,passenger_low_speed,1046
Corson,46031,2022,passenger_low_speed,1047
Corson,46031,2022,pickup_suv_van,2826
Corson,46031,2022,pickup_suv_van,2833
Corson,46031,2022,recreational,16
Corson,46031,2022,recreational,17
Corson,46031,2022,snowmobile,24
Corson,46031,2022,titles,1217
Corson,46031,2022,trailer,990
Corson,46031,2022,truck,391
Corson,46031,2021,boat,119
Corson,46031,2021,bus,6
Corson,46031,2021,commercial_plate,54
Corson,46031,2021,electric,0
Corson,46031,2021,gross_vehicle_weight,513
Corson,46031,2021,gross_vehicle_weight,511
Corson,46031,2021,irp_with_prorate_plate,5
Corson,46031,2021,motorcycle,104
Corson,46031,2021,off_road,73
Corson,46031,2021,passenger_low_speed,1172
Corson,46031,2021,pickup_suv_van,2859
Corson,46031,2021,pickup_suv_van,2860
Corson,46031,2021,recreational,17
Corson,46031,2021,snowmobile,19
Corson,46031,2021,titles,1453
Corson,46031,2021,trailer,1075
Corson,46031,2021,truck,423
Corson,46031,2020,boat,131
Corson,46031,2020,bus,4
Corson,46031,2020,commercial_plate,54
Corson,46031,2020,electric,0
Corson,46031,2020,gross_vehicle_weight,482
Corson,46031,2020,gross_vehicle_weight,479
Corson,46031,2020,irp_with_prorate_plate,5
Corson,46031,2020,motorcycle,92
Corson,46031,2020,off_road,65
Corson,46031,2020,passenger_low_speed,1194
Corson,46031,2020,pickup_suv_van,2797
Corson,46031,2020,recreational,19
Corson,46031,2020,snowmobile,19
Corson,46031,2020,titles,1244
Corson,46031,2020,trailer,1013
Corson,46031,2020,truck,396
Corson,46031,2019,boat,114
Corson,46031,2019,bus,13
Corson,46031,2019,commercial_plate,55
Corson,46031,2019,electric,0
Corson,46031,2019,gross_vehicle_weight,466
Corson,46031,2019,gross_vehicle_weight,464
Corson,46031,2019,irp_with_prorate_plate,8
Corson,46031,2019,motorcycle,89
Corson,46031,2019,off_road,45
Corson,46031,2019,passenger_low_speed,1129
Corson,46031,2019,pickup_suv_van,2682
Corson,46031,2019,recreational,22
Corson,46031,2019,snowmobile,30
Corson,46031,2019,titles,1289
Corson,46031,2019,trailer,1022
Corson,46031,2019,truck,400
Corson,46031,2018,boat,124
Corson,46031,2018,bus,13
Corson,46031,2018,commercial_plate,61
Corson,46031,2018,electric,0
Corson,46031,2018,gross_vehicle_weight,501
Corson,46031,2018,gross_vehicle_weight,499
Corson,46031,2018,irp_with_prorate_plate,6
Corson,46031,2018,motorcycle,82
Corson,46031,2018,off_road,44
Corson,46031,2018,passenger_low_speed,1207
Corson,46031,2018,pickup_suv_van,2791
Corson,46031,2018,recreational,20
Corson,46031,2018,snowmobile,30
Corson,46031,2018,titles,1367
Corson,46031,2018,trailer,1103
Corson,46031,2018,trailer,1104
Corson,46031,2018,truck,443
Corson,46031,2017,boat,143
Corson,46031,2017,bus,3
Corson,46031,2017,commercial_plate,73
Corson,46031,2017,electric,0
Corson,46031,2017,gross_vehicle_weight,537
Corson,46031,2017,irp_with_prorate_plate,10
Corson,46031,2017,motorcycle,99
Corson,46031,2017,off_road,45
Corson,46031,2017,passenger_low_speed,1289
Corson,46031,2017,pickup_suv_van,2873
Corson,46031,2017,recreational,20
Corson,46031,2017,snowmobile,26
Corson,46031,2017,titles,1374
Corson,46031,2017,trailer,1139
Corson,46031,2017,truck,507
Corson,46031,2016,boat,129
Corson,46031,2016,bus,4
Corson,46031,2016,commercial_plate,56
Corson,46031,2016,electric,0
Corson,46031,2016,gross_vehicle_weight,528
Corson,46031,2016,irp_with_prorate_plate,11
Corson,46031,2016,motorcycle,81
Corson,46031,2016,off_road,39
Corson,46031,2016,passenger_low_speed,1335
Corson,46031,2016,pickup_suv_van,2757
Corson,46031,2016,recreational,16
Corson,46031,2016,snowmobile,30
Corson,46031,2016,titles,1423
Corson,46031,2016,trailer,1128
Corson,46031,2016,truck,467
Corson,46031,2015,boat,139
Corson,46031,2015,bus,27
Corson,46031,2015,commercial_plate,54
Corson,46031,2015,electric,0
Corson,46031,2015,gross_vehicle_weight,592
Corson,46031,2015,irp_with_prorate_plate,8
Corson,46031,2015,motorcycle,92
Corson,46031,2015,off_road,51
Corson,46031,2015,passenger_low_speed,1565
Corson,46031,2015,pickup_suv_van,3035
Corson,46031,2015,recreational,20
Corson,46031,2015,snowmobile,23
Corson,46031,2015,titles,1890
Corson,46031,2015,trailer,1228
Corson,46031,2015,truck,535
Custer,46033,2025,boat,91
Custer,46033,2025,bus,0
Custer,46033,2025,commercial_plate,75
Custer,46033,2025,electric,3
Custer,46033,2025,gross_vehicle_weight,33
Custer,46033,2025,irp_with_prorate_plate,0
Custer,46033,2025,motorcycle,120
Custer,46033,2025,off_road,243
Custer,46033,2025,passenger_low_speed,338
Custer,46033,2025,pickup_suv_van,1335
Custer,46033,2025,recreational,22
Custer,46033,2025,snowmobile,28
Custer,46033,2025,titles,262
Custer,46033,2025,trailer,761
Custer,46033,2025,truck,47
Custer,46033,2024,boat,724
Custer,46033,2024,bus,8
Custer,46033,2024,commercial_plate,486
Custer,46033,2024,electric,36
Custer,46033,2024,gross_vehicle_weight,410
Custer,46033,2024,irp_with_prorate_plate,18
Custer,46033,2024,motorcycle,1313
Custer,46033,2024,off_road,1800
Custer,46033,2024,passenger_low_speed,3397
Custer,46033,2024,pickup_suv_van,10857
Custer,46033,2024,recreational,247
Custer,46033,2024,snowmobile,80
Custer,46033,2024,titles,4903
Custer,46033,2024,trailer,5720
Custer,46033,2024,truck,436
Custer,46033,2023,boat,755
Custer,46033,2023,bus,10
Custer,46033,2023,commercial_plate,528
Custer,46033,2023,electric,19
Custer,46033,2023,gross_vehicle_weight,359
Custer,46033,2023,irp_with_prorate_plate,28
Custer,46033,2023,motorcycle,1349
Custer,46033,2023,off_road,1832
Custer,46033,2023,passenger_low_speed,3594
Custer,46033,2023,pickup_suv_van,10980
Custer,46033,2023,recreational,247
Custer,46033,2023,snowmobile,101
Custer,46033,2023,titles,5632
Custer,46033,2023,trailer,5827
Custer,46033,2023,truck,403
Custer,46033,2022,boat,738
Custer,46033,2022,bus,8
Custer,46033,2022,commercial_plate,483
Custer,46033,2022,electric,24
Custer,46033,2022,electric,23
Custer,46033,2022,gross_vehicle_weight,329
Custer,46033,2022,gross_vehicle_weight,341
Custer,46033,2022,irp_with_prorate_plate,31
Custer,46033,2022,motorcycle,1257
Custer,46033,2022,off_road,1684
Custer,46033,2022,passenger_low_speed,3593
Custer,46033,2022,passenger_low_speed,3595
Custer,46033,2022,pickup_suv_van,10235
Custer,46033,2022,pickup_suv_van,10246
Custer,46033,2022,recreational,232
Custer,46033,2022,recreational,233
Custer,46033,2022,snowmobile,73
Custer,46033,2022,titles,4944
Custer,46033,2022,trailer,5445
Custer,46033,2022,trailer,5444
Custer,46033,2022,truck,400
Custer,46033,2021,boat,770
Custer,46033,2021,bus,7
Custer,46033,2021,commercial_plate,441
Custer,46033,2021,electric,9
Custer,46033,2021,gross_vehicle_weight,350
Custer,46033,2021,gross_vehicle_weight,361
Custer,46033,2021,irp_with_prorate_plate,27
Custer,46033,2021,motorcycle,1141
Custer,46033,2021,off_road,1612
Custer,46033,2021,passenger_low_speed,3680
Custer,46033,2021,pickup_suv_van,10149
Custer,46033,2021,recreational,219
Custer,46033,2021,snowmobile,66
Custer,46033,2021,titles,5804
Custer,46033,2021,trailer,5432
Custer,46033,2021,truck,365
Custer,46033,2020,boat,779
Custer,46033,2020,bus,7
Custer,46033,2020,commercial_plate,462
Custer,46033,2020,electric,6
Custer,46033,2020,gross_vehicle_weight,326
Custer,46033,2020,gross_vehicle_weight,338
Custer,46033,2020,irp_with_prorate_plate,26
Custer,46033,2020,motorcycle,1068
Custer,46033,2020,off_road,1445
Custer,46033,2020,passenger_low_speed,3590
Custer,46033,2020,pickup_suv_van,9567
Custer,46033,2020,recreational,200
Custer,46033,2020,snowmobile,87
Custer,46033,2020,titles,4772
Custer,46033,2020,trailer,4998
Custer,46033,2020,truck,364
Custer,46033,2019,boat,710
Custer,46033,2019,bus,4
Custer,46033,2019,commercial_plate,456
Custer,46033,2019,electric,4
Custer,46033,2019,gross_vehicle_weight,365
Custer,46033,2019,gross_vehicle_weight,375
Custer,46033,2019,irp_with_prorate_plate,18
Custer,46033,2019,motorcycle,1026
Custer,46033,2019,off_road,1323
Custer,46033,2019,passenger_low_speed,3691
Custer,46033,2019,pickup_suv_van,9169
Custer,46033,2019,recreational,209
Custer,46033,2019,snowmobile,76
Custer,46033,2019,titles,4571
Custer,46033,2019,trailer,4702
Custer,46033,2019,truck,374
Custer,46033,2018,boat,726
Custer,46033,2018,bus,6
Custer,46033,2018,commercial_plate,443
Custer,46033,2018,electric,4
Custer,46033,2018,gross_vehicle_weight,375
Custer,46033,2018,gross_vehicle_weight,381
Custer,46033,2018,irp_with_prorate_plate,20
Custer,46033,2018,motorcycle,991
Custer,46033,2018,off_road,1233
Custer,46033,2018,passenger_low_speed,3885
Custer,46033,2018,pickup_suv_van,9063
Custer,46033,2018,recreational,212
Custer,46033,2018,snowmobile,88
Custer,46033,2018,titles,4624
Custer,46033,2018,trailer,4603
Custer,46033,2018,truck,385
Custer,46033,2017,boat,765
Custer,46033,2017,bus,4
Custer,46033,2017,commercial_plate,459
Custer,46033,2017,electric,1
Custer,46033,2017,gross_vehicle_weight,399
Custer,46033,2017,irp_with_prorate_plate,21
Custer,46033,2017,motorcycle,1047
Custer,46033,2017,off_road,1207
Custer,46033,2017,passenger_low_speed,3943
Custer,46033,2017,pickup_suv_van,8684
Custer,46033,2017,recreational,214
Custer,46033,2017,snowmobile,78
Custer,46033,2017,titles,4684
Custer,46033,2017,trailer,4546
Custer,46033,2017,truck,390
Custer,46033,2016,boat,749
Custer,46033,2016,bus,5
Custer,46033,2016,commercial_plate,489
Custer,46033,2016,electric,1
Custer,46033,2016,gross_vehicle_weight,434
Custer,46033,2016,irp_with_prorate_plate,23
Custer,46033,2016,motorcycle,1001
Custer,46033,2016,off_road,1115
Custer,46033,2016,passenger_low_speed,4049
Custer,46033,2016,pickup_suv_van,8451
Custer,46033,2016,recreational,207
Custer,46033,2016,snowmobile,85
Custer,46033,2016,titles,4354
Custer,46033,2016,trailer,4463
Custer,46033,2016,truck,430
Custer,46033,2015,boat,707
Custer,46033,2015,bus,5
Custer,46033,2015,commercial_plate,495
Custer,46033,2015,electric,0
Custer,46033,2015,gross_vehicle_weight,430
Custer,46033,2015,irp_with_prorate_plate,18
Custer,46033,2015,motorcycle,970
Custer,46033,2015,off_road,1024
Custer,46033,2015,passenger_low_speed,4015
Custer,46033,2015,pickup_suv_van,8218
Custer,46033,2015,recreational,183
Custer,46033,2015,snowmobile,89
Custer,46033,2015,titles,4613
Custer,46033,2015,trailer,4308
Custer,46033,2015,truck,462
Davison,46035,2025,boat,100
Davison,46035,2025,bus,1
Davison,46035,2025,commercial_plate,186
Davison,46035,2025,electric,16
Davison,46035,2025,gross_vehicle_weight,58
Davison,46035,2025,irp_with_prorate_plate,0
Davison,46035,2025,motorcycle,101
Davison,46035,2025,off_road,130
Davison,46035,2025,passenger_low_speed,729
Davison,46035,2025,pickup_suv_van,1926
Davison,46035,2025,recreational,14
Davison,46035,2025,snowmobile,20
Davison,46035,2025,titles,415
Davison,46035,2025,trailer,576
Davison,46035,2025,truck,112
Davison,46035,2024,boat,1191
Davison,46035,2024,bus,22
Davison,46035,2024,commercial_plate,1915
Davison,46035,2024,electric,65
Davison,46035,2024,gross_vehicle_weight,587
Davison,46035,2024,irp_with_prorate_plate,51
Davison,46035,2024,motorcycle,1396
Davison,46035,2024,off_road,1290
Davison,46035,2024,passenger_low_speed,6197
Davison,46035,2024,pickup_suv_van,16619
Davison,46035,2024,recreational,117
Davison,46035,2024,snowmobile,134
Davison,46035,2024,titles,7036
Davison,46035,2024,trailer,5961
Davison,46035,2024,truck,1191
Davison,46035,2023,boat,1227
Davison,46035,2023,bus,14
Davison,46035,2023,commercial_plate,1947
Davison,46035,2023,electric,42
Davison,46035,2023,gross_vehicle_weight,588
Davison,46035,2023,irp_with_prorate_plate,43
Davison,46035,2023,motorcycle,1392
Davison,46035,2023,off_road,1296
Davison,46035,2023,passenger_low_speed,6723
Davison,46035,2023,pickup_suv_van,17159
Davison,46035,2023,recreational,127
Davison,46035,2023,snowmobile,202
Davison,46035,2023,titles,8258
Davison,46035,2023,trailer,6029
Davison,46035,2023,truck,1177
Davison,46035,2022,boat,1235
Davison,46035,2022,bus,19
Davison,46035,2022,commercial_plate,1913
Davison,46035,2022,electric,22
Davison,46035,2022,electric,23
Davison,46035,2022,gross_vehicle_weight,598
Davison,46035,2022,gross_vehicle_weight,612
Davison,46035,2022,irp_with_prorate_plate,47
Davison,46035,2022,motorcycle,1398
Davison,46035,2022,motorcycle,1399
Davison,46035,2022,off_road,1221
Davison,46035,2022,off_road,1223
Davison,46035,2022,passenger_low_speed,6869
Davison,46035,2022,passenger_low_speed,6876
Davison,46035,2022,pickup_suv_van,16245
Davison,46035,2022,pickup_suv_van,16262
Davison,46035,2022,recreational,125
Davison,46035,2022,snowmobile,155
Davison,46035,2022,titles,7437
Davison,46035,2022,trailer,5884
Davison,46035,2022,truck,1195
Davison,46035,2021,boat,1226
Davison,46035,2021,bus,20
Davison,46035,2021,commercial_plate,1839
Davison,46035,2021,electric,18
Davison,46035,2021,gross_vehicle_weight,593
Davison,46035,2021,gross_vehicle_weight,597
Davison,46035,2021,irp_with_prorate_plate,50
Davison,46035,2021,motorcycle,1321
Davison,46035,2021,off_road,1278
Davison,46035,2021,passenger_low_speed,7434
Davison,46035,2021,passenger_low_speed,7433
Davison,46035,2021,pickup_suv_van,16345
Davison,46035,2021,recreational,136
Davison,46035,2021,snowmobile,159
Davison,46035,2021,titles,9137
Davison,46035,2021,trailer,6019
Davison,46035,2021,truck,1136
Davison,46035,2020,boat,1262
Davison,46035,2020,bus,15
Davison,46035,2020,commercial_plate,1791
Davison,46035,2020,electric,13
Davison,46035,2020,electric,12
Davison,46035,2020,gross_vehicle_weight,574
Davison,46035,2020,gross_vehicle_weight,584
Davison,46035,2020,irp_with_prorate_plate,45
Davison,46035,2020,motorcycle,1337
Davison,46035,2020,off_road,1175
Davison,46035,2020,passenger_low_speed,7473
Davison,46035,2020,pickup_suv_van,15608
Davison,46035,2020,recreational,148
Davison,46035,2020,snowmobile,224
Davison,46035,2020,titles,8241
Davison,46035,2020,titles,8240
Davison,46035,2020,trailer,5674
Davison,46035,2020,truck,1052
Davison,46035,2019,boat,1153
Davison,46035,2019,bus,21
Davison,46035,2019,commercial_plate,1731
Davison,46035,2019,electric,8
Davison,46035,2019,electric,9
Davison,46035,2019,gross_vehicle_weight,621
Davison,46035,2019,gross_vehicle_weight,627
Davison,46035,2019,irp_with_prorate_plate,52
Davison,46035,2019,motorcycle,1361
Davison,46035,2019,off_road,1172
Davison,46035,2019,passenger_low_speed,7878
Davison,46035,2019,pickup_suv_van,15315
Davison,46035,2019,recreational,132
Davison,46035,2019,snowmobile,239
Davison,46035,2019,titles,8347
Davison,46035,2019,trailer,5408
Davison,46035,2019,truck,1064
Davison,46035,2018,boat,1218
Davison,46035,2018,bus,30
Davison,46035,2018,commercial_plate,1720
Davison,46035,2018,electric,4
Davison,46035,2018,gross_vehicle_weight,638
Davison,46035,2018,gross_vehicle_weight,640
Davison,46035,2018,irp_with_prorate_plate,62
Davison,46035,2018,motorcycle,1324
Davison,46035,2018,off_road,1063
Davison,46035,2018,passenger_low_speed,8126
Davison,46035,2018,pickup_suv_van,15021
Davison,46035,2018,recreational,143
Davison,46035,2018,snowmobile,230
Davison,46035,2018,titles,8159
Davison,46035,2018,trailer,5564
Davison,46035,2018,truck,1153
Davison,46035,2017,boat,1345
Davison,46035,2017,bus,25
Davison,46035,2017,commercial_plate,1795
Davison,46035,2017,electric,3
Davison,46035,2017,gross_vehicle_weight,645
Davison,46035,2017,irp_with_prorate_plate,70
Davison,46035,2017,motorcycle,1401
Davison,46035,2017,off_road,1021
Davison,46035,2017,passenger_low_speed,8403
Davison,46035,2017,pickup_suv_van,14527
Davison,46035,2017,recreational,161
Davison,46035,2017,snowmobile,225
Davison,46035,2017,titles,8288
Davison,46035,2017,trailer,5545
Davison,46035,2017,truck,1151
Davison,46035,2016,boat,1403
Davison,46035,2016,bus,20
Davison,46035,2016,commercial_plate,1736
Davison,46035,2016,electric,2
Davison,46035,2016,gross_vehicle_weight,642
Davison,46035,2016,irp_with_prorate_plate,74
Davison,46035,2016,motorcycle,1472
Davison,46035,2016,off_road,973
Davison,46035,2016,passenger_low_speed,8753
Davison,46035,2016,pickup_suv_van,14376
Davison,46035,2016,recreational,155
Davison,46035,2016,snowmobile,244
Davison,46035,2016,titles,8302
Davison,46035,2016,trailer,5616
Davison,46035,2016,truck,1107
Davison,46035,2015,boat,1440
Davison,46035,2015,bus,47
Davison,46035,2015,commercial_plate,1772
Davison,46035,2015,electric,2
Davison,46035,2015,gross_vehicle_weight,703
Davison,46035,2015,irp_with_prorate_plate,69
Davison,46035,2015,motorcycle,1473
Davison,46035,2015,off_road,996
Davison,46035,2015,passenger_low_speed,8952
Davison,46035,2015,pickup_suv_van,14271
Davison,46035,2015,recreational,172
Davison,46035,2015,snowmobile,248
Davison,46035,2015,titles,8579
Davison,46035,2015,trailer,5705
Davison,46035,2015,truck,1190
Day,46037,2025,boat,97
Day,46037,2025,bus,0
Day,46037,2025,commercial_plate,63
Day,46037,2025,electric,2
Day,46037,2025,gross_vehicle_weight,67
Day,46037,2025,irp_with_prorate_plate,3
Day,46037,2025,motorcycle,25
Day,46037,2025,off_road,45
Day,46037,2025,passenger_low_speed,191
Day,46037,2025,pickup_suv_van,783
Day,46037,2025,recreational,4
Day,46037,2025,snowmobile,40
Day,46037,2025,titles,151
Day,46037,2025,trailer,353
Day,46037,2025,truck,80
Day,46037,2024,boat,1035
Day,46037,2024,bus,15
Day,46037,2024,commercial_plate,419
Day,46037,2024,electric,7
Day,46037,2024,gross_vehicle_weight,671
Day,46037,2024,irp_with_prorate_plate,49
Day,46037,2024,motorcycle,259
Day,46037,2024,off_road,493
Day,46037,2024,passenger_low_speed,1700
Day,46037,2024,pickup_suv_van,5894
Day,46037,2024,recreational,45
Day,46037,2024,snowmobile,183
Day,46037,2024,titles,2513
Day,46037,2024,trailer,3300
Day,46037,2024,truck,802
Day,46037,2023,boat,1097
Day,46037,2023,bus,23
Day,46037,2023,commercial_plate,462
Day,46037,2023,electric,7
Day,46037,2023,gross_vehicle_weight,633
Day,46037,2023,irp_with_prorate_plate,51
Day,46037,2023,motorcycle,286
Day,46037,2023,off_road,473
Day,46037,2023,passenger_low_speed,1836
Day,46037,2023,pickup_suv_van,6082
Day,46037,2023,recreational,44
Day,46037,2023,snowmobile,257
Day,46037,2023,titles,3257
Day,46037,2023,trailer,3366
Day,46037,2023,truck,799
Day,46037,2022,boat,1050
Day,46037,2022,bus,14
Day,46037,2022,commercial_plate,411
Day,46037,2022,electric,4
Day,46037,2022,gross_vehicle_weight,641
Day,46037,2022,gross_vehicle_weight,652
Day,46037,2022,irp_with_prorate_plate,32
Day,46037,2022,motorcycle,248
Day,46037,2022,off_road,406
Day,46037,2022,passenger_low_speed,1915
Day,46037,2022,passenger_low_speed,1916
Day,46037,2022,pickup_suv_van,5723
Day,46037,2022,pickup_suv_van,5728
Day,46037,2022,recreational,47
Day,46037,2022,snowmobile,239
Day,46037,2022,titles,2961
Day,46037,2022,trailer,3223
Day,46037,2022,truck,775
Day,46037,2022,truck,774
Day,46037,2021,boat,1060
Day,46037,2021,bus,19
Day,46037,2021,commercial_plate,401
Day,46037,2021,electric,5
Day,46037,2021,gross_vehicle_weight,668
Day,46037,2021,gross_vehicle_weight,677
Day,46037,2021,irp_with_prorate_plate,48
Day,46037,2021,motorcycle,285
Day,46037,2021,off_road,413
Day,46037,2021,passenger_low_speed,2062
Day,46037,2021,pickup_suv_van,5736
Day,46037,2021,pickup_suv_van,5737
Day,46037,2021,recreational,52
Day,46037,2021,snowmobile,215
Day,46037,2021,titles,3518
Day,46037,2021,trailer,3267
Day,46037,2021,truck,799
Day,46037,2021,truck,798
Day,46037,2020,boat,1033
Day,46037,2020,bus,19
Day,46037,2020,commercial_plate,394
Day,46037,2020,electric,1
Day,46037,2020,gross_vehicle_weight,662
Day,46037,2020,gross_vehicle_weight,667
Day,46037,2020,irp_with_prorate_plate,52
Day,46037,2020,motorcycle,266
Day,46037,2020,off_road,367
Day,46037,2020,passenger_low_speed,2083
Day,46037,2020,pickup_suv_van,5456
Day,46037,2020,pickup_suv_van,5457
Day,46037,2020,recreational,49
Day,46037,2020,snowmobile,268
Day,46037,2020,titles,3071
Day,46037,2020,trailer,2931
Day,46037,2020,truck,794
Day,46037,2020,truck,793
Day,46037,2019,boat,994
Day,46037,2019,bus,56
Day,46037,2019,commercial_plate,420
Day,46037,2019,electric,2
Day,46037,2019,gross_vehicle_weight,672
Day,46037,2019,gross_vehicle_weight,674
Day,46037,2019,irp_with_prorate_plate,55
Day,46037,2019,motorcycle,266
Day,46037,2019,off_road,345
Day,46037,2019,passenger_low_speed,2253
Day,46037,2019,pickup_suv_van,5515
Day,46037,2019,pickup_suv_van,5516
Day,46037,2019,recreational,53
Day,46037,2019,snowmobile,305
Day,46037,2019,titles,3101
Day,46037,2019,trailer,2952
Day,46037,2019,truck,819
Day,46037,2019,truck,818
Day,46037,2018,boat,993
Day,46037,2018,bus,23
Day,46037,2018,commercial_plate,389
Day,46037,2018,electric,0
Day,46037,2018,gross_vehicle_weight,696
Day,46037,2018,gross_vehicle_weight,700
Day,46037,2018,irp_with_prorate_plate,40
Day,46037,2018,motorcycle,289
Day,46037,2018,off_road,337
Day,46037,2018,passenger_low_speed,2383
Day,46037,2018,pickup_suv_van,5321
Day,46037,2018,recreational,58
Day,46037,2018,snowmobile,286
Day,46037,2018,titles,2896
Day,46037,2018,trailer,2945
Day,46037,2018,truck,823
Day,46037,2017,boat,1047
Day,46037,2017,bus,6
Day,46037,2017,commercial_plate,387
Day,46037,2017,electric,0
Day,46037,2017,gross_vehicle_weight,703
Day,46037,2017,irp_with_prorate_plate,41
Day,46037,2017,motorcycle,287
Day,46037,2017,off_road,319
Day,46037,2017,passenger_low_speed,2507
Day,46037,2017,pickup_suv_van,5306
Day,46037,2017,recreational,59
Day,46037,2017,snowmobile,296
Day,46037,2017,titles,3287
Day,46037,2017,trailer,3082
Day,46037,2017,truck,796
Day,46037,2016,boat,1038
Day,46037,2016,bus,54
Day,46037,2016,commercial_plate,381
Day,46037,2016,electric,0
Day,46037,2016,gross_vehicle_weight,747
Day,46037,2016,irp_with_prorate_plate,48
Day,46037,2016,motorcycle,307
Day,46037,2016,off_road,305
Day,46037,2016,passenger_low_speed,2542
Day,46037,2016,pickup_suv_van,5205
Day,46037,2016,recreational,55
Day,46037,2016,snowmobile,333
Day,46037,2016,titles,3186
Day,46037,2016,trailer,3003
Day,46037,2016,truck,863
Day,46037,2015,boat,1023
Day,46037,2015,bus,41
Day,46037,2015,commercial_plate,354
Day,46037,2015,electric,0
Day,46037,2015,gross_vehicle_weight,781
Day,46037,2015,irp_with_prorate_plate,41
Day,46037,2015,motorcycle,309
Day,46037,2015,off_road,274
Day,46037,2015,passenger_low_speed,2613
Day,46037,2015,pickup_suv_van,5076
Day,46037,2015,recreational,55
Day,46037,2015,snowmobile,302
Day,46037,2015,titles,3063
Day,46037,2015,trailer,2888
Day,46037,2015,truck,909
Deuel,46039,2025,boat,42
Deuel,46039,2025,bus,0
Deuel,46039,2025,commercial_plate,51
Deuel,46039,2025,electric,0
Deuel,46039,2025,gross_vehicle_weight,50
Deuel,46039,2025,irp_with_prorate_plate,5
Deuel,46039,2025,motorcycle,24
Deuel,46039,2025,off_road,57
Deuel,46039,2025,passenger_low_speed,165
Deuel,46039,2025,pickup_suv_van,648
Deuel,46039,2025,recreational,6
Deuel,46039,2025,snowmobile,13
Deuel,46039,2025,titles,104
Deuel,46039,2025,trailer,281
Deuel,46039,2025,truck,57
Deuel,46039,2024,boat,547
Deuel,46039,2024,bus,11
Deuel,46039,2024,commercial_plate,381
Deuel,46039,2024,electric,15
Deuel,46039,2024,gross_vehicle_weight,504
Deuel,46039,2024,irp_with_prorate_plate,105
Deuel,46039,2024,motorcycle,294
Deuel,46039,2024,off_road,494
Deuel,46039,2024,passenger_low_speed,1410
Deuel,46039,2024,pickup_suv_van,4826
Deuel,46039,2024,recreational,36
Deuel,46039,2024,snowmobile,88
Deuel,46039,2024,titles,1910
Deuel,46039,2024,trailer,2577
Deuel,46039,2024,truck,707
Deuel,46039,2023,boat,553
Deuel,46039,2023,bus,5
Deuel,46039,2023,commercial_plate,446
Deuel,46039,2023,electric,14
Deuel,46039,2023,gross_vehicle_weight,501
Deuel,46039,2023,irp_with_prorate_plate,114
Deuel,46039,2023,motorcycle,314
Deuel,46039,2023,off_road,500
Deuel,46039,2023,passenger_low_speed,1520
Deuel,46039,2023,pickup_suv_van,5030
Deuel,46039,2023,recreational,37
Deuel,46039,2023,snowmobile,118
Deuel,46039,2023,titles,2388
Deuel,46039,2023,trailer,2603
Deuel,46039,2023,truck,745
Deuel,46039,2022,boat,527
Deuel,46039,2022,bus,5
Deuel,46039,2022,commercial_plate,435
Deuel,46039,2022,electric,13
Deuel,46039,2022,gross_vehicle_weight,483
Deuel,46039,2022,gross_vehicle_weight,489
Deuel,46039,2022,irp_with_prorate_plate,90
Deuel,46039,2022,motorcycle,334
Deuel,46039,2022,motorcycle,333
Deuel,46039,2022,off_road,460
Deuel,46039,2022,off_road,461
Deuel,46039,2022,passenger_low_speed,1587
Deuel,46039,2022,passenger_low_speed,1589
Deuel,46039,2022,pickup_suv_van,4822
Deuel,46039,2022,pickup_suv_van,4828
Deuel,46039,2022,recreational,44
Deuel,46039,2022,snowmobile,124
Deuel,46039,2022,titles,2151
Deuel,46039,2022,trailer,2609
Deuel,46039,2022,truck,700
Deuel,46039,2021,boat,545
Deuel,46039,2021,bus,5
Deuel,46039,2021,commercial_plate,519
Deuel,46039,2021,electric,13
Deuel,46039,2021,gross_vehicle_weight,490
Deuel,46039,2021,gross_vehicle_weight,494
Deuel,46039,2021,irp_with_prorate_plate,109
Deuel,46039,2021,motorcycle,308
Deuel,46039,2021,off_road,420
Deuel,46039,2021,passenger_low_speed,1643
Deuel,46039,2021,pickup_suv_van,4864
Deuel,46039,2021,recreational,48
Deuel,46039,2021,snowmobile,133
Deuel,46039,2021,titles,2452
Deuel,46039,2021,trailer,2546
Deuel,46039,2021,truck,710
Deuel,46039,2020,boat,514
Deuel,46039,2020,bus,7
Deuel,46039,2020,commercial_plate,504
Deuel,46039,2020,electric,6
Deuel,46039,2020,gross_vehicle_weight,481
Deuel,46039,2020,gross_vehicle_weight,486
Deuel,46039,2020,irp_with_prorate_plate,114
Deuel,46039,2020,motorcycle,293
Deuel,46039,2020,off_road,378
Deuel,46039,2020,passenger_low_speed,1666
Deuel,46039,2020,pickup_suv_van,4653
Deuel,46039,2020,recreational,48
Deuel,46039,2020,snowmobile,145
Deuel,46039,2020,titles,2252
Deuel,46039,2020,trailer,2467
Deuel,46039,2020,truck,691
Deuel,46039,2019,boat,511
Deuel,46039,2019,bus,10
Deuel,46039,2019,commercial_plate,402
Deuel,46039,2019,electric,3
Deuel,46039,2019,gross_vehicle_weight,485
Deuel,46039,2019,gross_vehicle_weight,487
Deuel,46039,2019,irp_with_prorate_plate,142
Deuel,46039,2019,motorcycle,312
Deuel,46039,2019,off_road,360
Deuel,46039,2019,passenger_low_speed,1836
Deuel,46039,2019,pickup_suv_van,4465
Deuel,46039,2019,recreational,46
Deuel,46039,2019,snowmobile,165
Deuel,46039,2019,titles,2021
Deuel,46039,2019,trailer,2408
Deuel,46039,2019,truck,728
Deuel,46039,2018,boat,478
Deuel,46039,2018,bus,13
Deuel,46039,2018,commercial_plate,383
Deuel,46039,2018,electric,3
Deuel,46039,2018,gross_vehicle_weight,522
Deuel,46039,2018,gross_vehicle_weight,523
Deuel,46039,2018,irp_with_prorate_plate,143
Deuel,46039,2018,motorcycle,314
Deuel,46039,2018,off_road,350
Deuel,46039,2018,passenger_low_speed,1947
Deuel,46039,2018,pickup_suv_van,4351
Deuel,46039,2018,recreational,45
Deuel,46039,2018,snowmobile,160
Deuel,46039,2018,titles,2092
Deuel,46039,2018,trailer,2412
Deuel,46039,2018,truck,748
Deuel,46039,2017,boat,497
Deuel,46039,2017,bus,4
Deuel,46039,2017,commercial_plate,389
Deuel,46039,2017,electric,3
Deuel,46039,2017,gross_vehicle_weight,551
Deuel,46039,2017,irp_with_prorate_plate,158
Deuel,46039,2017,motorcycle,317
Deuel,46039,2017,off_road,305
Deuel,46039,2017,passenger_low_speed,2061
Deuel,46039,2017,pickup_suv_van,4431
Deuel,46039,2017,recreational,51
Deuel,46039,2017,snowmobile,142
Deuel,46039,2017,titles,2192
Deuel,46039,2017,trailer,2420
Deuel,46039,2017,truck,764
Deuel,46039,2016,boat,501
Deuel,46039,2016,bus,7
Deuel,46039,2016,commercial_plate,386
Deuel,46039,2016,electric,4
Deuel,46039,2016,gross_vehicle_weight,544
Deuel,46039,2016,irp_with_prorate_plate,193
Deuel,46039,2016,motorcycle,308
Deuel,46039,2016,off_road,280
Deuel,46039,2016,passenger_low_speed,2194
Deuel,46039,2016,pickup_suv_van,4155
Deuel,46039,2016,recreational,47
Deuel,46039,2016,snowmobile,183
Deuel,46039,2016,titles,2288
Deuel,46039,2016,trailer,2424
Deuel,46039,2016,truck,804
Deuel,46039,2015,boat,528
Deuel,46039,2015,bus,23
Deuel,46039,2015,commercial_plate,441
Deuel,46039,2015,electric,3
Deuel,46039,2015,gross_vehicle_weight,559
Deuel,46039,2015,irp_with_prorate_plate,88
Deuel,46039,2015,motorcycle,331
Deuel,46039,2015,off_road,288
Deuel,46039,2015,passenger_low_speed,2332
Deuel,46039,2015,pickup_suv_van,4244
Deuel,46039,2015,recreational,43
Deuel,46039,2015,snowmobile,148
Deuel,46039,2015,titles,2342
Deuel,46039,2015,trailer,2503
Deuel,46039,2015,truck,731
Dewey,46041,2025,boat,13
Dewey,46041,2025,bus,0
Dewey,46041,2025,commercial_plate,15
Dewey,46041,2025,electric,2
Dewey,46041,2025,gross_vehicle_weight,67
Dewey,46041,2025,irp_with_prorate_plate,1
Dewey,46041,2025,motorcycle,8
Dewey,46041,2025,off_road,10
Dewey,46041,2025,passenger_low_speed,111
Dewey,46041,2025,pickup_suv_van,413
Dewey,46041,2025,recreational,0
Dewey,46041,2025,snowmobile,3
Dewey,46041,2025,titles,84
Dewey,46041,2025,trailer,146
Dewey,46041,2025,truck,54
Dewey,46041,2024,boat,131
Dewey,46041,2024,bus,4
Dewey,46041,2024,commercial_plate,98
Dewey,46041,2024,electric,4
Dewey,46041,2024,gross_vehicle_weight,473
Dewey,46041,2024,irp_with_prorate_plate,13
Dewey,46041,2024,motorcycle,122
Dewey,46041,2024,off_road,105
Dewey,46041,2024,passenger_low_speed,1206
Dewey,46041,2024,pickup_suv_van,3981
Dewey,46041,2024,recreational,12
Dewey,46041,2024,snowmobile,29
Dewey,46041,2024,titles,1636
Dewey,46041,2024,trailer,1443
Dewey,46041,2024,truck,355
Dewey,46041,2023,boat,144
Dewey,46041,2023,bus,5
Dewey,46041,2023,commercial_plate,104
Dewey,46041,2023,electric,2
Dewey,46041,2023,gross_vehicle_weight,483
Dewey,46041,2023,irp_with_prorate_plate,44
Dewey,46041,2023,motorcycle,141
Dewey,46041,2023,off_road,106
Dewey,46041,2023,passenger_low_speed,1281
Dewey,46041,2023,pickup_suv_van,4035
Dewey,46041,2023,recreational,15
Dewey,46041,2023,snowmobile,63
Dewey,46041,2023,titles,1792
Dewey,46041,2023,trailer,1482
Dewey,46041,2023,truck,365
Dewey,46041,2022,boat,133
Dewey,46041,2022,bus,3
Dewey,46041,2022,commercial_plate,105
Dewey,46041,2022,electric,1
Dewey,46041,2022,gross_vehicle_weight,460
Dewey,46041,2022,gross_vehicle_weight,461
Dewey,46041,2022,irp_with_prorate_plate,16
Dewey,46041,2022,motorcycle,147
Dewey,46041,2022,motorcycle,148
Dewey,46041,2022,off_road,92
Dewey,46041,2022,passenger_low_speed,1400
Dewey,46041,2022,passenger_low_speed,1401
Dewey,46041,2022,pickup_suv_van,3898
Dewey,46041,2022,pickup_suv_van,3912
Dewey,46041,2022,recreational,20
Dewey,46041,2022,snowmobile,40
Dewey,46041,2022,titles,1811
Dewey,46041,2022,trailer,1412
Dewey,46041,2022,truck,349
Dewey,46041,2022,truck,348
Dewey,46041,2021,boat,138
Dewey,46041,2021,bus,4
Dewey,46041,2021,commercial_plate,120
Dewey,46041,2021,electric,0
Dewey,46041,2021,gross_vehicle_weight,485
Dewey,46041,2021,gross_vehicle_weight,484
Dewey,46041,2021,irp_with_prorate_plate,26
Dewey,46041,2021,motorcycle,141
Dewey,46041,2021,off_road,85
Dewey,46041,2021,passenger_low_speed,1627
Dewey,46041,2021,pickup_suv_van,3969
Dewey,46041,2021,recreational,28
Dewey,46041,2021,snowmobile,50
Dewey,46041,2021,titles,2406
Dewey,46041,2021,trailer,1477
Dewey,46041,2021,truck,389
Dewey,46041,2020,boat,128
Dewey,46041,2020,bus,1
Dewey,46041,2020,commercial_plate,115
Dewey,46041,2020,electric,0
Dewey,46041,2020,gross_vehicle_weight,461
Dewey,46041,2020,gross_vehicle_weight,460
Dewey,46041,2020,irp_with_prorate_plate,34
Dewey,46041,2020,motorcycle,135
Dewey,46041,2020,off_road,76
Dewey,46041,2020,passenger_low_speed,1516
Dewey,46041,2020,pickup_suv_van,3658
Dewey,46041,2020,recreational,18
Dewey,46041,2020,snowmobile,44
Dewey,46041,2020,titles,1915
Dewey,46041,2020,trailer,1381
Dewey,46041,2020,truck,365
Dewey,46041,2019,boat,113
Dewey,46041,2019,bus,5
Dewey,46041,2019,commercial_plate,111
Dewey,46041,2019,electric,0
Dewey,46041,2019,gross_vehicle_weight,459
Dewey,46041,2019,gross_vehicle_weight,458
Dewey,46041,2019,irp_with_prorate_plate,24
Dewey,46041,2019,motorcycle,133
Dewey,46041,2019,off_road,68
Dewey,46041,2019,passenger_low_speed,1468
Dewey,46041,2019,pickup_suv_van,3388
Dewey,46041,2019,recreational,19
Dewey,46041,2019,snowmobile,39
Dewey,46041,2019,titles,1768
Dewey,46041,2019,trailer,1325
Dewey,46041,2019,truck,364
Dewey,46041,2018,boat,125
Dewey,46041,2018,bus,14
Dewey,46041,2018,commercial_plate,107
Dewey,46041,2018,electric,0
Dewey,46041,2018,gross_vehicle_weight,498
Dewey,46041,2018,irp_with_prorate_plate,25
Dewey,46041,2018,motorcycle,147
Dewey,46041,2018,off_road,76
Dewey,46041,2018,passenger_low_speed,1653
Dewey,46041,2018,pickup_suv_van,3554
Dewey,46041,2018,recreational,19
Dewey,46041,2018,snowmobile,37
Dewey,46041,2018,titles,1974
Dewey,46041,2018,trailer,1395
Dewey,46041,2018,truck,401
Dewey,46041,2017,boat,137
Dewey,46041,2017,bus,7
Dewey,46041,2017,commercial_plate,112
Dewey,46041,2017,electric,0
Dewey,46041,2017,gross_vehicle_weight,502
Dewey,46041,2017,irp_with_prorate_plate,26
Dewey,46041,2017,motorcycle,154
Dewey,46041,2017,off_road,82
Dewey,46041,2017,passenger_low_speed,1689
Dewey,46041,2017,pickup_suv_van,3487
Dewey,46041,2017,recreational,16
Dewey,46041,2017,snowmobile,40
Dewey,46041,2017,titles,1963
Dewey,46041,2017,trailer,1349
Dewey,46041,2017,truck,355
Dewey,46041,2016,boat,143
Dewey,46041,2016,bus,12
Dewey,46041,2016,commercial_plate,135
Dewey,46041,2016,electric,0
Dewey,46041,2016,gross_vehicle_weight,496
Dewey,46041,2016,irp_with_prorate_plate,27
Dewey,46041,2016,motorcycle,181
Dewey,46041,2016,off_road,56
Dewey,46041,2016,passenger_low_speed,1705
Dewey,46041,2016,pickup_suv_van,3518
Dewey,46041,2016,recreational,23
Dewey,46041,2016,snowmobile,20
Dewey,46041,2016,titles,1947
Dewey,46041,2016,trailer,1439
Dewey,46041,2016,truck,390
Dewey,46041,2015,boat,142
Dewey,46041,2015,bus,9
Dewey,46041,2015,commercial_plate,135
Dewey,46041,2015,electric,0
Dewey,46041,2015,gross_vehicle_weight,578
Dewey,46041,2015,irp_with_prorate_plate,23
Dewey,46041,2015,motorcycle,183
Dewey,46041,2015,off_road,76
Dewey,46041,2015,passenger_low_speed,1954
Dewey,46041,2015,pickup_suv_van,3704
Dewey,46041,2015,recreational,21
Dewey,46041,2015,snowmobile,29
Dewey,46041,2015,titles,2569
Dewey,46041,2015,trailer,1459
Dewey,46041,2015,truck,429
Douglas,46043,2025,boat,29
Douglas,46043,2025,bus,0
Douglas,46043,2025,commercial_plate,29
Douglas,46043,2025,electric,0
Douglas,46043,2025,gross_vehicle_weight,35
Douglas,46043,2025,irp_with_prorate_plate,2
Douglas,46043,2025,motorcycle,13
Douglas,46043,2025,off_road,43
Douglas,46043,2025,passenger_low_speed,108
Douglas,46043,2025,pickup_suv_van,446
Douglas,46043,2025,recreational,1
Douglas,46043,2025,snowmobile,10
Douglas,46043,2025,titles,58
Douglas,46043,2025,trailer,191
Douglas,46043,2025,truck,46
Douglas,46043,2024,boat,243
Douglas,46043,2024,bus,4
Douglas,46043,2024,commercial_plate,242
Douglas,46043,2024,electric,6
Douglas,46043,2024,gross_vehicle_weight,370
Douglas,46043,2024,irp_with_prorate_plate,20
Douglas,46043,2024,motorcycle,152
Douglas,46043,2024,off_road,340
Douglas,46043,2024,passenger_low_speed,946
Douglas,46043,2024,pickup_suv_van,3214
Douglas,46043,2024,recreational,28
Douglas,46043,2024,snowmobile,46
Douglas,46043,2024,titles,1069
Douglas,46043,2024,trailer,1682
Douglas,46043,2024,truck,485
Douglas,46043,2023,boat,255
Douglas,46043,2023,bus,5
Douglas,46043,2023,commercial_plate,242
Douglas,46043,2023,electric,5
Douglas,46043,2023,gross_vehicle_weight,361
Douglas,46043,2023,irp_with_prorate_plate,18
Douglas,46043,2023,motorcycle,159
Douglas,46043,2023,off_road,344
Douglas,46043,2023,passenger_low_speed,1042
Douglas,46043,2023,pickup_suv_van,3264
Douglas,46043,2023,recreational,27
Douglas,46043,2023,snowmobile,66
Douglas,46043,2023,titles,1356
Douglas,46043,2023,trailer,1744
Douglas,46043,2023,truck,479
Douglas,46043,2022,boat,251
Douglas,46043,2022,bus,4
Douglas,46043,2022,commercial_plate,234
Douglas,46043,2022,electric,5
Douglas,46043,2022,gross_vehicle_weight,389
Douglas,46043,2022,gross_vehicle_weight,393
Douglas,46043,2022,irp_with_prorate_plate,15
Douglas,46043,2022,motorcycle,155
Douglas,46043,2022,motorcycle,154
Douglas,46043,2022,off_road,355
Douglas,46043,2022,passenger_low_speed,1063
Douglas,46043,2022,passenger_low_speed,1062
Douglas,46043,2022,pickup_suv_van,3199
Douglas,46043,2022,pickup_suv_van,3200
Douglas,46043,2022,recreational,26
Douglas,46043,2022,snowmobile,38
Douglas,46043,2022,titles,1137
Douglas,46043,2022,trailer,1696
Douglas,46043,2022,truck,494
Douglas,46043,2021,boat,261
Douglas,46043,2021,bus,3
Douglas,46043,2021,commercial_plate,243
Douglas,46043,2021,electric,4
Douglas,46043,2021,gross_vehicle_weight,372
Douglas,46043,2021,gross_vehicle_weight,376
Douglas,46043,2021,irp_with_prorate_plate,15
Douglas,46043,2021,motorcycle,171
Douglas,46043,2021,off_road,319
Douglas,46043,2021,passenger_low_speed,1119
Douglas,46043,2021,pickup_suv_van,3201
Douglas,46043,2021,recreational,30
Douglas,46043,2021,snowmobile,37
Douglas,46043,2021,titles,1340
Douglas,46043,2021,trailer,1706
Douglas,46043,2021,truck,480
Douglas,46043,2020,boat,247
Douglas,46043,2020,bus,3
Douglas,46043,2020,commercial_plate,250
Douglas,46043,2020,electric,1
Douglas,46043,2020,gross_vehicle_weight,372
Douglas,46043,2020,gross_vehicle_weight,373
Douglas,46043,2020,irp_with_prorate_plate,14
Douglas,46043,2020,motorcycle,183
Douglas,46043,2020,off_road,321
Douglas,46043,2020,passenger_low_speed,1117
Douglas,46043,2020,pickup_suv_van,3080
Douglas,46043,2020,recreational,33
Douglas,46043,2020,snowmobile,39
Douglas,46043,2020,titles,1145
Douglas,46043,2020,trailer,1658
Douglas,46043,2020,truck,473
Douglas,46043,2019,boat,261
Douglas,46043,2019,bus,3
Douglas,46043,2019,commercial_plate,247
Douglas,46043,2019,electric,0
Douglas,46043,2019,gross_vehicle_weight,366
Douglas,46043,2019,gross_vehicle_weight,368
Douglas,46043,2019,irp_with_prorate_plate,20
Douglas,46043,2019,motorcycle,172
Douglas,46043,2019,off_road,284
Douglas,46043,2019,passenger_low_speed,1219
Douglas,46043,2019,pickup_suv_van,3054
Douglas,46043,2019,recreational,36
Douglas,46043,2019,snowmobile,57
Douglas,46043,2019,titles,1194
Douglas,46043,2019,trailer,1661
Douglas,46043,2019,truck,465
Douglas,46043,2018,boat,264
Douglas,46043,2018,bus,6
Douglas,46043,2018,commercial_plate,276
Douglas,46043,2018,electric,0
Douglas,46043,2018,gross_vehicle_weight,410
Douglas,46043,2018,gross_vehicle_weight,411
Douglas,46043,2018,irp_with_prorate_plate,19
Douglas,46043,2018,motorcycle,162
Douglas,46043,2018,off_road,261
Douglas,46043,2018,passenger_low_speed,1301
Douglas,46043,2018,pickup_suv_van,3014
Douglas,46043,2018,recreational,28
Douglas,46043,2018,snowmobile,48
Douglas,46043,2018,titles,1268
Douglas,46043,2018,trailer,1718
Douglas,46043,2018,truck,525
Douglas,46043,2017,boat,276
Douglas,46043,2017,bus,2
Douglas,46043,2017,commercial_plate,275
Douglas,46043,2017,electric,0
Douglas,46043,2017,gross_vehicle_weight,408
Douglas,46043,2017,irp_with_prorate_plate,24
Douglas,46043,2017,motorcycle,167
Douglas,46043,2017,off_road,254
Douglas,46043,2017,passenger_low_speed,1351
Douglas,46043,2017,pickup_suv_van,2902
Douglas,46043,2017,recreational,37
Douglas,46043,2017,snowmobile,53
Douglas,46043,2017,titles,1225
Douglas,46043,2017,trailer,1745
Douglas,46043,2017,truck,507
Douglas,46043,2016,boat,293
Douglas,46043,2016,bus,4
Douglas,46043,2016,commercial_plate,263
Douglas,46043,2016,electric,0
Douglas,46043,2016,gross_vehicle_weight,415
Douglas,46043,2016,irp_with_prorate_plate,23
Douglas,46043,2016,motorcycle,186
Douglas,46043,2016,off_road,235
Douglas,46043,2016,passenger_low_speed,1406
Douglas,46043,2016,pickup_suv_van,2909
Douglas,46043,2016,recreational,24
Douglas,46043,2016,snowmobile,69
Douglas,46043,2016,titles,1315
Douglas,46043,2016,trailer,1777
Douglas,46043,2016,truck,504
Douglas,46043,2015,boat,288
Douglas,46043,2015,bus,10
Douglas,46043,2015,commercial_plate,260
Douglas,46043,2015,electric,0
Douglas,46043,2015,gross_vehicle_weight,416
Douglas,46043,2015,irp_with_prorate_plate,28
Douglas,46043,2015,motorcycle,176
Douglas,46043,2015,off_road,209
Douglas,46043,2015,passenger_low_speed,1488
Douglas,46043,2015,pickup_suv_van,2843
Douglas,46043,2015,recreational,35
Douglas,46043,2015,snowmobile,70
Douglas,46043,2015,titles,1458
Douglas,46043,2015,trailer,1776
Douglas,46043,2015,truck,541
Edmunds,46045,2025,boat,57
Edmunds,46045,2025,bus,0
Edmunds,46045,2025,commercial_plate,38
Edmunds,46045,2025,electric,0
Edmunds,46045,2025,gross_vehicle_weight,108
Edmunds,46045,2025,irp_with_prorate_plate,1
Edmunds,46045,2025,motorcycle,51
Edmunds,46045,2025,off_road,61
Edmunds,46045,2025,passenger_low_speed,121
Edmunds,46045,2025,pickup_suv_van,604
Edmunds,46045,2025,recreational,5
Edmunds,46045,2025,snowmobile,19
Edmunds,46045,2025,titles,120
Edmunds,46045,2025,trailer,301
Edmunds,46045,2025,truck,105
Edmunds,46045,2024,boat,561
Edmunds,46045,2024,bus,9
Edmunds,46045,2024,commercial_plate,221
Edmunds,46045,2024,electric,8
Edmunds,46045,2024,gross_vehicle_weight,796
Edmunds,46045,2024,irp_with_prorate_plate,42
Edmunds,46045,2024,motorcycle,301
Edmunds,46045,2024,off_road,423
Edmunds,46045,2024,passenger_low_speed,1039
Edmunds,46045,2024,pickup_suv_van,4369
Edmunds,46045,2024,recreational,41
Edmunds,46045,2024,snowmobile,123
Edmunds,46045,2024,titles,1579
Edmunds,46045,2024,trailer,2515
Edmunds,46045,2024,truck,800
Edmunds,46045,2023,boat,567
Edmunds,46045,2023,bus,10
Edmunds,46045,2023,commercial_plate,246
Edmunds,46045,2023,electric,6
Edmunds,46045,2023,gross_vehicle_weight,811
Edmunds,46045,2023,irp_with_prorate_plate,42
Edmunds,46045,2023,motorcycle,307
Edmunds,46045,2023,off_road,444
Edmunds,46045,2023,passenger_low_speed,1130
Edmunds,46045,2023,pickup_suv_van,4510
Edmunds,46045,2023,recreational,36
Edmunds,46045,2023,snowmobile,150
Edmunds,46045,2023,titles,2087
Edmunds,46045,2023,trailer,2579
Edmunds,46045,2023,truck,800
Edmunds,46045,2022,boat,553
Edmunds,46045,2022,bus,8
Edmunds,46045,2022,commercial_plate,224
Edmunds,46045,2022,electric,3
Edmunds,46045,2022,gross_vehicle_weight,718
Edmunds,46045,2022,gross_vehicle_weight,723
Edmunds,46045,2022,irp_with_prorate_plate,33
Edmunds,46045,2022,motorcycle,288
Edmunds,46045,2022,motorcycle,290
Edmunds,46045,2022,off_road,385
Edmunds,46045,2022,passenger_low_speed,1190
Edmunds,46045,2022,passenger_low_speed,1191
Edmunds,46045,2022,pickup_suv_van,4240
Edmunds,46045,2022,pickup_suv_van,4245
Edmunds,46045,2022,recreational,39
Edmunds,46045,2022,snowmobile,120
Edmunds,46045,2022,titles,1657
Edmunds,46045,2022,trailer,2485
Edmunds,46045,2022,truck,716
Edmunds,46045,2021,boat,527
Edmunds,46045,2021,bus,9
Edmunds,46045,2021,commercial_plate,234
Edmunds,46045,2021,electric,3
Edmunds,46045,2021,gross_vehicle_weight,752
Edmunds,46045,2021,gross_vehicle_weight,754
Edmunds,46045,2021,irp_with_prorate_plate,40
Edmunds,46045,2021,motorcycle,286
Edmunds,46045,2021,off_road,392
Edmunds,46045,2021,passenger_low_speed,1218
Edmunds,46045,2021,pickup_suv_van,4321
Edmunds,46045,2021,recreational,37
Edmunds,46045,2021,snowmobile,138
Edmunds,46045,2021,titles,1936
Edmunds,46045,2021,trailer,2473
Edmunds,46045,2021,truck,756
Edmunds,46045,2020,boat,558
Edmunds,46045,2020,bus,11
Edmunds,46045,2020,commercial_plate,240
Edmunds,46045,2020,electric,4
Edmunds,46045,2020,gross_vehicle_weight,756
Edmunds,46045,2020,gross_vehicle_weight,758
Edmunds,46045,2020,irp_with_prorate_plate,33
Edmunds,46045,2020,motorcycle,292
Edmunds,46045,2020,off_road,356
Edmunds,46045,2020,passenger_low_speed,1220
Edmunds,46045,2020,pickup_suv_van,4230
Edmunds,46045,2020,recreational,34
Edmunds,46045,2020,snowmobile,153
Edmunds,46045,2020,titles,1882
Edmunds,46045,2020,trailer,2498
Edmunds,46045,2020,truck,751
Edmunds,46045,2019,boat,502
Edmunds,46045,2019,bus,13
Edmunds,46045,2019,commercial_plate,251
Edmunds,46045,2019,electric,2
Edmunds,46045,2019,gross_vehicle_weight,737
Edmunds,46045,2019,gross_vehicle_weight,741
Edmunds,46045,2019,irp_with_prorate_plate,40
Edmunds,46045,2019,motorcycle,289
Edmunds,46045,2019,off_road,354
Edmunds,46045,2019,passenger_low_speed,1279
Edmunds,46045,2019,pickup_suv_van,4077
Edmunds,46045,2019,recreational,32
Edmunds,46045,2019,snowmobile,137
Edmunds,46045,2019,titles,1646
Edmunds,46045,2019,trailer,2344
Edmunds,46045,2019,truck,738
Edmunds,46045,2018,boat,563
Edmunds,46045,2018,bus,16
Edmunds,46045,2018,commercial_plate,248
Edmunds,46045,2018,electric,2
Edmunds,46045,2018,gross_vehicle_weight,752
Edmunds,46045,2018,gross_vehicle_weight,753
Edmunds,46045,2018,irp_with_prorate_plate,28
Edmunds,46045,2018,motorcycle,272
Edmunds,46045,2018,off_road,341
Edmunds,46045,2018,passenger_low_speed,1366
Edmunds,46045,2018,pickup_suv_van,4048
Edmunds,46045,2018,recreational,43
Edmunds,46045,2018,snowmobile,148
Edmunds,46045,2018,titles,1669
Edmunds,46045,2018,trailer,2483
Edmunds,46045,2018,truck,779
Edmunds,46045,2017,boat,574
Edmunds,46045,2017,bus,13
Edmunds,46045,2017,commercial_plate,281
Edmunds,46045,2017,electric,2
Edmunds,46045,2017,gross_vehicle_weight,820
Edmunds,46045,2017,irp_with_prorate_plate,51
Edmunds,46045,2017,motorcycle,278
Edmunds,46045,2017,off_road,350
Edmunds,46045,2017,passenger_low_speed,1450
Edmunds,46045,2017,pickup_suv_van,4050
Edmunds,46045,2017,recreational,47
Edmunds,46045,2017,snowmobile,149
Edmunds,46045,2017,titles,1774
Edmunds,46045,2017,trailer,2477
Edmunds,46045,2017,truck,844
Edmunds,46045,2016,boat,595
Edmunds,46045,2016,bus,13
Edmunds,46045,2016,commercial_plate,285
Edmunds,46045,2016,electric,2
Edmunds,46045,2016,gross_vehicle_weight,843
Edmunds,46045,2016,irp_with_prorate_plate,57
Edmunds,46045,2016,motorcycle,277
Edmunds,46045,2016,off_road,371
Edmunds,46045,2016,passenger_low_speed,1505
Edmunds,46045,2016,pickup_suv_van,4067
Edmunds,46045,2016,recreational,47
Edmunds,46045,2016,snowmobile,156
Edmunds,46045,2016,titles,1792
Edmunds,46045,2016,trailer,2549
Edmunds,46045,2016,truck,866
Edmunds,46045,2015,boat,624
Edmunds,46045,2015,bus,19
Edmunds,46045,2015,commercial_plate,266
Edmunds,46045,2015,electric,2
Edmunds,46045,2015,gross_vehicle_weight,857
Edmunds,46045,2015,irp_with_prorate_plate,61
Edmunds,46045,2015,motorcycle,270
Edmunds,46045,2015,off_road,337
Edmunds,46045,2015,passenger_low_speed,1546
Edmunds,46045,2015,pickup_suv_van,4019
Edmunds,46045,2015,recreational,50
Edmunds,46045,2015,snowmobile,161
Edmunds,46045,2015,titles,2044
Edmunds,46045,2015,trailer,2659
Edmunds,46045,2015,truck,947
Fall River,46047,2025,boat,67
Fall River,46047,2025,bus,0
Fall River,46047,2025,commercial_plate,19
Fall River,46047,2025,electric,3
Fall River,46047,2025,gross_vehicle_weight,107
Fall River,46047,2025,irp_with_prorate_plate,0
Fall River,46047,2025,motorcycle,70
Fall River,46047,2025,off_road,81
Fall River,46047,2025,passenger_low_speed,261
Fall River,46047,2025,pickup_suv_van,852
Fall River,46047,2025,recreational,12
Fall River,46047,2025,snowmobile,11
Fall River,46047,2025,titles,192
Fall River,46047,2025,trailer,321
Fall River,46047,2025,truck,23
Fall River,46047,2024,boat,760
Fall River,46047,2024,bus,5
Fall River,46047,2024,commercial_plate,254
Fall River,46047,2024,electric,17
Fall River,46047,2024,gross_vehicle_weight,1216
Fall River,46047,2024,irp_with_prorate_plate,7
Fall River,46047,2024,motorcycle,874
Fall River,46047,2024,off_road,1013
Fall River,46047,2024,passenger_low_speed,2721
Fall River,46047,2024,pickup_suv_van,8104
Fall River,46047,2024,recreational,138
Fall River,46047,2024,snowmobile,32
Fall River,46047,2024,titles,3464
Fall River,46047,2024,trailer,3693
Fall River,46047,2024,truck,397
Fall River,46047,2023,boat,747
Fall River,46047,2023,bus,10
Fall River,46047,2023,commercial_plate,298
Fall River,46047,2023,electric,15
Fall River,46047,2023,gross_vehicle_weight,1213
Fall River,46047,2023,irp_with_prorate_plate,7
Fall River,46047,2023,motorcycle,914
Fall River,46047,2023,off_road,1086
Fall River,46047,2023,passenger_low_speed,2991
Fall River,46047,2023,pickup_suv_van,8519
Fall River,46047,2023,recreational,170
Fall River,46047,2023,snowmobile,37
Fall River,46047,2023,titles,4363
Fall River,46047,2023,trailer,3863
Fall River,46047,2023,truck,408
Fall River,46047,2022,boat,740
Fall River,46047,2022,bus,7
Fall River,46047,2022,commercial_plate,289
Fall River,46047,2022,electric,13
Fall River,46047,2022,gross_vehicle_weight,1122
Fall River,46047,2022,gross_vehicle_weight,1121
Fall River,46047,2022,irp_with_prorate_plate,9
Fall River,46047,2022,motorcycle,918
Fall River,46047,2022,off_road,1043
Fall River,46047,2022,off_road,1044
Fall River,46047,2022,passenger_low_speed,3030
Fall River,46047,2022,passenger_low_speed,3032
Fall River,46047,2022,pickup_suv_van,8135
Fall River,46047,2022,pickup_suv_van,8145
Fall River,46047,2022,recreational,164
Fall River,46047,2022,recreational,163
Fall River,46047,2022,snowmobile,42
Fall River,46047,2022,titles,4049
Fall River,46047,2022,trailer,3723
Fall River,46047,2022,trailer,3722
Fall River,46047,2022,truck,415
Fall River,46047,2021,boat,784
Fall River,46047,2021,bus,5
Fall River,46047,2021,commercial_plate,303
Fall River,46047,2021,electric,10
Fall River,46047,2021,gross_vehicle_weight,1069
Fall River,46047,2021,gross_vehicle_weight,1073
Fall River,46047,2021,irp_with_prorate_plate,12
Fall River,46047,2021,motorcycle,936
Fall River,46047,2021,off_road,997
Fall River,46047,2021,passenger_low_speed,3101
Fall River,46047,2021,pickup_suv_van,8050
Fall River,46047,2021,recreational,175
Fall River,46047,2021,snowmobile,34
Fall River,46047,2021,titles,4495
Fall River,46047,2021,trailer,3724
Fall River,46047,2021,truck,432
Fall River,46047,2020,boat,768
Fall River,46047,2020,bus,8
Fall River,46047,2020,commercial_plate,298
Fall River,46047,2020,electric,7
Fall River,46047,2020,gross_vehicle_weight,962
Fall River,46047,2020,irp_with_prorate_plate,12
Fall River,46047,2020,motorcycle,814
Fall River,46047,2020,off_road,854
Fall River,46047,2020,passenger_low_speed,3073
Fall River,46047,2020,pickup_suv_van,7591
Fall River,46047,2020,recreational,144
Fall River,46047,2020,recreational,145
Fall River,46047,2020,snowmobile,64
Fall River,46047,2020,titles,4153
Fall River,46047,2020,trailer,3614
Fall River,46047,2020,truck,410
Fall River,46047,2020,truck,409
Fall River,46047,2019,boat,707
Fall River,46047,2019,bus,17
Fall River,46047,2019,commercial_plate,288
Fall River,46047,2019,electric,4
Fall River,46047,2019,gross_vehicle_weight,806
Fall River,46047,2019,gross_vehicle_weight,807
Fall River,46047,2019,irp_with_prorate_plate,14
Fall River,46047,2019,motorcycle,787
Fall River,46047,2019,off_road,733
Fall River,46047,2019,passenger_low_speed,3157
Fall River,46047,2019,pickup_suv_van,7237
Fall River,46047,2019,recreational,146
Fall River,46047,2019,snowmobile,41
Fall River,46047,2019,titles,4124
Fall River,46047,2019,trailer,3294
Fall River,46047,2019,truck,392
Fall River,46047,2018,boat,698
Fall River,46047,2018,bus,8
Fall River,46047,2018,commercial_plate,309
Fall River,46047,2018,electric,6
Fall River,46047,2018,gross_vehicle_weight,756
Fall River,46047,2018,gross_vehicle_weight,762
Fall River,46047,2018,irp_with_prorate_plate,17
Fall River,46047,2018,motorcycle,742
Fall River,46047,2018,off_road,676
Fall River,46047,2018,passenger_low_speed,3327
Fall River,46047,2018,pickup_suv_van,7045
Fall River,46047,2018,recreational,156
Fall River,46047,2018,snowmobile,44
Fall River,46047,2018,titles,3804
Fall River,46047,2018,trailer,3286
Fall River,46047,2018,truck,445
Fall River,46047,2017,boat,675
Fall River,46047,2017,bus,5
Fall River,46047,2017,commercial_plate,306
Fall River,46047,2017,electric,6
Fall River,46047,2017,gross_vehicle_weight,709
Fall River,46047,2017,irp_with_prorate_plate,16
Fall River,46047,2017,motorcycle,735
Fall River,46047,2017,off_road,601
Fall River,46047,2017,passenger_low_speed,3311
Fall River,46047,2017,pickup_suv_van,6661
Fall River,46047,2017,recreational,164
Fall River,46047,2017,snowmobile,34
Fall River,46047,2017,titles,3744
Fall River,46047,2017,trailer,3188
Fall River,46047,2017,truck,382
Fall River,46047,2016,boat,660
Fall River,46047,2016,bus,9
Fall River,46047,2016,commercial_plate,275
Fall River,46047,2016,electric,5
Fall River,46047,2016,gross_vehicle_weight,652
Fall River,46047,2016,irp_with_prorate_plate,26
Fall River,46047,2016,motorcycle,731
Fall River,46047,2016,off_road,536
Fall River,46047,2016,passenger_low_speed,3502
Fall River,46047,2016,pickup_suv_van,6664
Fall River,46047,2016,recreational,140
Fall River,46047,2016,snowmobile,33
Fall River,46047,2016,titles,3577
Fall River,46047,2016,trailer,3147
Fall River,46047,2016,truck,379
Fall River,46047,2015,boat,699
Fall River,46047,2015,bus,22
Fall River,46047,2015,commercial_plate,272
Fall River,46047,2015,electric,4
Fall River,46047,2015,gross_vehicle_weight,643
Fall River,46047,2015,irp_with_prorate_plate,21
Fall River,46047,2015,motorcycle,730
Fall River,46047,2015,off_road,552
Fall River,46047,2015,passenger_low_speed,3626
Fall River,46047,2015,pickup_suv_van,6619
Fall River,46047,2015,recreational,142
Fall River,46047,2015,snowmobile,29
Fall River,46047,2015,titles,3767
Fall River,46047,2015,trailer,3195
Fall River,46047,2015,truck,437
Faulk,46049,2025,boat,17
Faulk,46049,2025,bus,1
Faulk,46049,2025,commercial_plate,6
Faulk,46049,2025,electric,1
Faulk,46049,2025,gross_vehicle_weight,46
Faulk,46049,2025,irp_with_prorate_plate,1
Faulk,46049,2025,motorcycle,8
Faulk,46049,2025,off_road,18
Faulk,46049,2025,passenger_low_speed,68
Faulk,46049,2025,pickup_suv_van,338
Faulk,46049,2025,recreational,2
Faulk,46049,2025,snowmobile,9
Faulk,46049,2025,titles,47
Faulk,46049,2025,trailer,150
Faulk,46049,2025,truck,47
Faulk,46049,2024,boat,163
Faulk,46049,2024,bus,11
Faulk,46049,2024,commercial_plate,88
Faulk,46049,2024,electric,4
Faulk,46049,2024,gross_vehicle_weight,415
Faulk,46049,2024,irp_with_prorate_plate,10
Faulk,46049,2024,motorcycle,86
Faulk,46049,2024,off_road,184
Faulk,46049,2024,passenger_low_speed,591
Faulk,46049,2024,pickup_suv_van,2275
Faulk,46049,2024,recreational,24
Faulk,46049,2024,snowmobile,51
Faulk,46049,2024,titles,847
Faulk,46049,2024,trailer,1254
Faulk,46049,2024,truck,434
Faulk,46049,2023,boat,180
Faulk,46049,2023,bus,12
Faulk,46049,2023,commercial_plate,86
Faulk,46049,2023,electric,5
Faulk,46049,2023,gross_vehicle_weight,421
Faulk,46049,2023,irp_with_prorate_plate,8
Faulk,46049,2023,motorcycle,91
Faulk,46049,2023,off_road,180
Faulk,46049,2023,passenger_low_speed,625
Faulk,46049,2023,pickup_suv_van,2356
Faulk,46049,2023,recreational,25
Faulk,46049,2023,snowmobile,70
Faulk,46049,2023,titles,1038
Faulk,46049,2023,trailer,1318
Faulk,46049,2023,truck,437
Faulk,46049,2022,boat,162
Faulk,46049,2022,bus,11
Faulk,46049,2022,commercial_plate,83
Faulk,46049,2022,electric,2
Faulk,46049,2022,gross_vehicle_weight,405
Faulk,46049,2022,irp_with_prorate_plate,11
Faulk,46049,2022,motorcycle,81
Faulk,46049,2022,off_road,164
Faulk,46049,2022,passenger_low_speed,619
Faulk,46049,2022,passenger_low_speed,620
Faulk,46049,2022,pickup_suv_van,2233
Faulk,46049,2022,pickup_suv_van,2235
Faulk,46049,2022,recreational,26
Faulk,46049,2022,snowmobile,58
Faulk,46049,2022,titles,915
Faulk,46049,2022,trailer,1217
Faulk,46049,2022,truck,421
Faulk,46049,2021,boat,157
Faulk,46049,2021,bus,10
Faulk,46049,2021,commercial_plate,98
Faulk,46049,2021,electric,2
Faulk,46049,2021,gross_vehicle_weight,404
Faulk,46049,2021,irp_with_prorate_plate,9
Faulk,46049,2021,motorcycle,89
Faulk,46049,2021,off_road,157
Faulk,46049,2021,passenger_low_speed,650
Faulk,46049,2021,pickup_suv_van,2323
Faulk,46049,2021,recreational,28
Faulk,46049,2021,snowmobile,65
Faulk,46049,2021,titles,972
Faulk,46049,2021,trailer,1210
Faulk,46049,2021,truck,433
Faulk,46049,2020,boat,155
Faulk,46049,2020,bus,9
Faulk,46049,2020,commercial_plate,96
Faulk,46049,2020,electric,1
Faulk,46049,2020,gross_vehicle_weight,384
Faulk,46049,2020,irp_with_prorate_plate,11
Faulk,46049,2020,motorcycle,93
Faulk,46049,2020,off_road,142
Faulk,46049,2020,passenger_low_speed,655
Faulk,46049,2020,pickup_suv_van,2159
Faulk,46049,2020,recreational,30
Faulk,46049,2020,snowmobile,57
Faulk,46049,2020,titles,842
Faulk,46049,2020,trailer,1135
Faulk,46049,2020,truck,411
Faulk,46049,2019,boat,150
Faulk,46049,2019,bus,8
Faulk,46049,2019,commercial_plate,94
Faulk,46049,2019,electric,0
Faulk,46049,2019,gross_vehicle_weight,380
Faulk,46049,2019,irp_with_prorate_plate,11
Faulk,46049,2019,motorcycle,89
Faulk,46049,2019,off_road,127
Faulk,46049,2019,passenger_low_speed,687
Faulk,46049,2019,pickup_suv_van,2144
Faulk,46049,2019,recreational,33
Faulk,46049,2019,snowmobile,50
Faulk,46049,2019,titles,737
Faulk,46049,2019,trailer,1102
Faulk,46049,2019,truck,402
Faulk,46049,2018,boat,149
Faulk,46049,2018,bus,10
Faulk,46049,2018,commercial_plate,91
Faulk,46049,2018,electric,0
Faulk,46049,2018,gross_vehicle_weight,398
Faulk,46049,2018,irp_with_prorate_plate,12
Faulk,46049,2018,motorcycle,96
Faulk,46049,2018,off_road,119
Faulk,46049,2018,passenger_low_speed,751
Faulk,46049,2018,pickup_suv_van,2138
Faulk,46049,2018,recreational,31
Faulk,46049,2018,snowmobile,45
Faulk,46049,2018,titles,820
Faulk,46049,2018,trailer,1126
Faulk,46049,2018,truck,432
Faulk,46049,2017,boat,179
Faulk,46049,2017,bus,9
Faulk,46049,2017,commercial_plate,83
Faulk,46049,2017,electric,0
Faulk,46049,2017,gross_vehicle_weight,400
Faulk,46049,2017,irp_with_prorate_plate,12
Faulk,46049,2017,motorcycle,93
Faulk,46049,2017,off_road,113
Faulk,46049,2017,passenger_low_speed,794
Faulk,46049,2017,pickup_suv_van,2110
Faulk,46049,2017,recreational,38
Faulk,46049,2017,snowmobile,65
Faulk,46049,2017,titles,793
Faulk,46049,2017,trailer,1111
Faulk,46049,2017,truck,410
Faulk,46049,2016,boat,183
Faulk,46049,2016,bus,9
Faulk,46049,2016,commercial_plate,75
Faulk,46049,2016,electric,0
Faulk,46049,2016,gross_vehicle_weight,424
Faulk,46049,2016,irp_with_prorate_plate,12
Faulk,46049,2016,motorcycle,108
Faulk,46049,2016,off_road,107
Faulk,46049,2016,passenger_low_speed,812
Faulk,46049,2016,pickup_suv_van,2144
Faulk,46049,2016,recreational,34
Faulk,46049,2016,snowmobile,64
Faulk,46049,2016,titles,799
Faulk,46049,2016,trailer,1131
Faulk,46049,2016,truck,432
Faulk,46049,2015,boat,169
Faulk,46049,2015,bus,11
Faulk,46049,2015,commercial_plate,97
Faulk,46049,2015,electric,1
Faulk,46049,2015,gross_vehicle_weight,442
Faulk,46049,2015,irp_with_prorate_plate,18
Faulk,46049,2015,motorcycle,91
Faulk,46049,2015,off_road,115
Faulk,46049,2015,passenger_low_speed,850
Faulk,46049,2015,pickup_suv_van,2177
Faulk,46049,2015,recreational,37
Faulk,46049,2015,snowmobile,80
Faulk,46049,2015,titles,1054
Faulk,46049,2015,trailer,1159
Faulk,46049,2015,truck,473
Grant,46051,2025,boat,76
Grant,46051,2025,bus,1
Grant,46051,2025,commercial_plate,47
Grant,46051,2025,electric,5
Grant,46051,2025,gross_vehicle_weight,50
Grant,46051,2025,irp_with_prorate_plate,3
Grant,46051,2025,motorcycle,31
Grant,46051,2025,off_road,60
Grant,46051,2025,passenger_low_speed,198
Grant,46051,2025,pickup_suv_van,820
Grant,46051,2025,recreational,3
Grant,46051,2025,snowmobile,33
Grant,46051,2025,titles,140
Grant,46051,2025,trailer,347
Grant,46051,2025,truck,64
Grant,46051,2024,boat,815
Grant,46051,2024,bus,2
Grant,46051,2024,commercial_plate,521
Grant,46051,2024,electric,12
Grant,46051,2024,gross_vehicle_weight,540
Grant,46051,2024,irp_with_prorate_plate,123
Grant,46051,2024,motorcycle,437
Grant,46051,2024,off_road,543
Grant,46051,2024,passenger_low_speed,1927
Grant,46051,2024,pickup_suv_van,7203
Grant,46051,2024,recreational,48
Grant,46051,2024,snowmobile,210
Grant,46051,2024,titles,2707
Grant,46051,2024,trailer,3480
Grant,46051,2024,truck,783
Grant,46051,2023,boat,845
Grant,46051,2023,bus,3
Grant,46051,2023,commercial_plate,538
Grant,46051,2023,electric,13
Grant,46051,2023,gross_vehicle_weight,545
Grant,46051,2023,irp_with_prorate_plate,133
Grant,46051,2023,motorcycle,455
Grant,46051,2023,off_road,544
Grant,46051,2023,passenger_low_speed,2126
Grant,46051,2023,pickup_suv_van,7434
Grant,46051,2023,recreational,53
Grant,46051,2023,snowmobile,290
Grant,46051,2023,titles,3209
Grant,46051,2023,trailer,3511
Grant,46051,2023,truck,797
Grant,46051,2022,boat,837
Grant,46051,2022,bus,7
Grant,46051,2022,commercial_plate,499
Grant,46051,2022,electric,8
Grant,46051,2022,gross_vehicle_weight,509
Grant,46051,2022,gross_vehicle_weight,513
Grant,46051,2022,irp_with_prorate_plate,130
Grant,46051,2022,motorcycle,461
Grant,46051,2022,motorcycle,462
Grant,46051,2022,off_road,513
Grant,46051,2022,off_road,512
Grant,46051,2022,passenger_low_speed,2235
Grant,46051,2022,passenger_low_speed,2238
Grant,46051,2022,pickup_suv_van,7163
Grant,46051,2022,pickup_suv_van,7169
Grant,46051,2022,recreational,48
Grant,46051,2022,snowmobile,291
Grant,46051,2022,titles,2909
Grant,46051,2022,trailer,3563
Grant,46051,2022,trailer,3564
Grant,46051,2022,truck,735
Grant,46051,2021,boat,838
Grant,46051,2021,bus,3
Grant,46051,2021,commercial_plate,543
Grant,46051,2021,electric,6
Grant,46051,2021,gross_vehicle_weight,566
Grant,46051,2021,gross_vehicle_weight,570
Grant,46051,2021,irp_with_prorate_plate,110
Grant,46051,2021,motorcycle,495
Grant,46051,2021,off_road,477
Grant,46051,2021,passenger_low_speed,2414
Grant,46051,2021,pickup_suv_van,7196
Grant,46051,2021,recreational,58
Grant,46051,2021,snowmobile,277
Grant,46051,2021,titles,3402
Grant,46051,2021,trailer,3564
Grant,46051,2021,truck,790
Grant,46051,2020,boat,887
Grant,46051,2020,bus,2
Grant,46051,2020,commercial_plate,565
Grant,46051,2020,electric,6
Grant,46051,2020,gross_vehicle_weight,561
Grant,46051,2020,gross_vehicle_weight,562
Grant,46051,2020,irp_with_prorate_plate,107
Grant,46051,2020,motorcycle,480
Grant,46051,2020,off_road,457
Grant,46051,2020,passenger_low_speed,2478
Grant,46051,2020,pickup_suv_van,6820
Grant,46051,2020,recreational,54
Grant,46051,2020,snowmobile,308
Grant,46051,2020,titles,3093
Grant,46051,2020,trailer,3431
Grant,46051,2020,truck,785
Grant,46051,2019,boat,811
Grant,46051,2019,bus,2
Grant,46051,2019,commercial_plate,603
Grant,46051,2019,electric,4
Grant,46051,2019,gross_vehicle_weight,563
Grant,46051,2019,gross_vehicle_weight,565
Grant,46051,2019,irp_with_prorate_plate,117
Grant,46051,2019,motorcycle,477
Grant,46051,2019,off_road,418
Grant,46051,2019,passenger_low_speed,2659
Grant,46051,2019,pickup_suv_van,6717
Grant,46051,2019,recreational,43
Grant,46051,2019,snowmobile,301
Grant,46051,2019,titles,3050
Grant,46051,2019,trailer,3296
Grant,46051,2019,truck,814
Grant,46051,2018,boat,809
Grant,46051,2018,bus,13
Grant,46051,2018,commercial_plate,627
Grant,46051,2018,electric,3
Grant,46051,2018,gross_vehicle_weight,580
Grant,46051,2018,gross_vehicle_weight,584
Grant,46051,2018,irp_with_prorate_plate,118
Grant,46051,2018,motorcycle,494
Grant,46051,2018,off_road,408
Grant,46051,2018,passenger_low_speed,2797
Grant,46051,2018,pickup_suv_van,6650
Grant,46051,2018,recreational,51
Grant,46051,2018,snowmobile,262
Grant,46051,2018,titles,3279
Grant,46051,2018,trailer,3314
Grant,46051,2018,truck,854
Grant,46051,2017,boat,873
Grant,46051,2017,bus,4
Grant,46051,2017,commercial_plate,663
Grant,46051,2017,electric,1
Grant,46051,2017,gross_vehicle_weight,568
Grant,46051,2017,irp_with_prorate_plate,114
Grant,46051,2017,motorcycle,469
Grant,46051,2017,off_road,418
Grant,46051,2017,passenger_low_speed,3012
Grant,46051,2017,pickup_suv_van,6663
Grant,46051,2017,recreational,59
Grant,46051,2017,snowmobile,257
Grant,46051,2017,titles,3511
Grant,46051,2017,trailer,3347
Grant,46051,2017,truck,791
Grant,46051,2016,boat,876
Grant,46051,2016,bus,7
Grant,46051,2016,commercial_plate,639
Grant,46051,2016,electric,1
Grant,46051,2016,gross_vehicle_weight,570
Grant,46051,2016,irp_with_prorate_plate,126
Grant,46051,2016,motorcycle,473
Grant,46051,2016,off_road,385
Grant,46051,2016,passenger_low_speed,3034
Grant,46051,2016,pickup_suv_van,6565
Grant,46051,2016,recreational,50
Grant,46051,2016,snowmobile,311
Grant,46051,2016,titles,3333
Grant,46051,2016,trailer,3302
Grant,46051,2016,truck,821
Grant,46051,2015,boat,844
Grant,46051,2015,bus,20
Grant,46051,2015,commercial_plate,613
Grant,46051,2015,electric,1
Grant,46051,2015,gross_vehicle_weight,586
Grant,46051,2015,irp_with_prorate_plate,103
Grant,46051,2015,motorcycle,462
Grant,46051,2015,off_road,337
Grant,46051,2015,passenger_low_speed,3161
Grant,46051,2015,pickup_suv_van,6285
Grant,46051,2015,recreational,68
Grant,46051,2015,snowmobile,291
Grant,46051,2015,titles,3462
Grant,46051,2015,trailer,3095
Grant,46051,2015,truck,810
Gregory,46053,2025,boat,39
Gregory,46053,2025,bus,0
Gregory,46053,2025,commercial_plate,11
Gregory,46053,2025,electric,0
Gregory,46053,2025,gross_vehicle_weight,26
Gregory,46053,2025,irp_with_prorate_plate,10
Gregory,46053,2025,motorcycle,11
Gregory,46053,2025,off_road,45
Gregory,46053,2025,passenger_low_speed,171
Gregory,46053,2025,pickup_suv_van,559
Gregory,46053,2025,recreational,3
Gregory,46053,2025,snowmobile,0
Gregory,46053,2025,titles,114
Gregory,46053,2025,trailer,219
Gregory,46053,2025,truck,33
Gregory,46053,2024,boat,457
Gregory,46053,2024,bus,21
Gregory,46053,2024,commercial_plate,333
Gregory,46053,2024,electric,12
Gregory,46053,2024,gross_vehicle_weight,463
Gregory,46053,2024,irp_with_prorate_plate,25
Gregory,46053,2024,motorcycle,241
Gregory,46053,2024,off_road,511
Gregory,46053,2024,passenger_low_speed,1474
Gregory,46053,2024,pickup_suv_van,5445
Gregory,46053,2024,recreational,56
Gregory,46053,2024,snowmobile,29
Gregory,46053,2024,titles,2029
Gregory,46053,2024,trailer,2495
Gregory,46053,2024,truck,560
Gregory,46053,2023,boat,470
Gregory,46053,2023,bus,20
Gregory,46053,2023,commercial_plate,354
Gregory,46053,2023,electric,10
Gregory,46053,2023,gross_vehicle_weight,451
Gregory,46053,2023,irp_with_prorate_plate,33
Gregory,46053,2023,motorcycle,243
Gregory,46053,2023,off_road,497
Gregory,46053,2023,passenger_low_speed,1610
Gregory,46053,2023,pickup_suv_van,5527
Gregory,46053,2023,recreational,52
Gregory,46053,2023,snowmobile,32
Gregory,46053,2023,titles,2369
Gregory,46053,2023,trailer,2580
Gregory,46053,2023,truck,575
Gregory,46053,2022,boat,462
Gregory,46053,2022,bus,21
Gregory,46053,2022,commercial_plate,360
Gregory,46053,2022,electric,8
Gregory,46053,2022,gross_vehicle_weight,436
Gregory,46053,2022,gross_vehicle_weight,438
Gregory,46053,2022,irp_with_prorate_plate,24
Gregory,46053,2022,motorcycle,262
Gregory,46053,2022,motorcycle,261
Gregory,46053,2022,off_road,412
Gregory,46053,2022,off_road,413
Gregory,46053,2022,passenger_low_speed,1566
Gregory,46053,2022,passenger_low_speed,1565
Gregory,46053,2022,pickup_suv_van,5163
Gregory,46053,2022,pickup_suv_van,5169
Gregory,46053,2022,recreational,42
Gregory,46053,2022,snowmobile,26
Gregory,46053,2022,titles,1890
Gregory,46053,2022,trailer,2442
Gregory,46053,2022,trailer,2441
Gregory,46053,2022,truck,551
Gregory,46053,2021,boat,473
Gregory,46053,2021,bus,26
Gregory,46053,2021,commercial_plate,363
Gregory,46053,2021,electric,5
Gregory,46053,2021,gross_vehicle_weight,435
Gregory,46053,2021,gross_vehicle_weight,437
Gregory,46053,2021,irp_with_prorate_plate,36
Gregory,46053,2021,motorcycle,237
Gregory,46053,2021,off_road,412
Gregory,46053,2021,passenger_low_speed,1697
Gregory,46053,2021,pickup_suv_van,5323
Gregory,46053,2021,recreational,38
Gregory,46053,2021,snowmobile,24
Gregory,46053,2021,titles,2395
Gregory,46053,2021,trailer,2533
Gregory,46053,2021,truck,554
Gregory,46053,2020,boat,460
Gregory,46053,2020,bus,19
Gregory,46053,2020,commercial_plate,342
Gregory,46053,2020,electric,2
Gregory,46053,2020,gross_vehicle_weight,441
Gregory,46053,2020,gross_vehicle_weight,444
Gregory,46053,2020,irp_with_prorate_plate,40
Gregory,46053,2020,motorcycle,238
Gregory,46053,2020,off_road,353
Gregory,46053,2020,passenger_low_speed,1658
Gregory,46053,2020,pickup_suv_van,5051
Gregory,46053,2020,recreational,39
Gregory,46053,2020,snowmobile,28
Gregory,46053,2020,titles,2096
Gregory,46053,2020,trailer,2382
Gregory,46053,2020,truck,555
Gregory,46053,2019,boat,433
Gregory,46053,2019,bus,28
Gregory,46053,2019,commercial_plate,351
Gregory,46053,2019,electric,1
Gregory,46053,2019,gross_vehicle_weight,427
Gregory,46053,2019,gross_vehicle_weight,428
Gregory,46053,2019,irp_with_prorate_plate,43
Gregory,46053,2019,motorcycle,222
Gregory,46053,2019,off_road,324
Gregory,46053,2019,passenger_low_speed,1793
Gregory,46053,2019,pickup_suv_van,4857
Gregory,46053,2019,recreational,33
Gregory,46053,2019,snowmobile,29
Gregory,46053,2019,titles,1850
Gregory,46053,2019,trailer,2255
Gregory,46053,2019,truck,556
Gregory,46053,2018,boat,460
Gregory,46053,2018,bus,27
Gregory,46053,2018,commercial_plate,363
Gregory,46053,2018,electric,2
Gregory,46053,2018,gross_vehicle_weight,460
Gregory,46053,2018,gross_vehicle_weight,462
Gregory,46053,2018,irp_with_prorate_plate,45
Gregory,46053,2018,motorcycle,227
Gregory,46053,2018,off_road,301
Gregory,46053,2018,passenger_low_speed,1958
Gregory,46053,2018,pickup_suv_van,4880
Gregory,46053,2018,recreational,57
Gregory,46053,2018,snowmobile,25
Gregory,46053,2018,titles,2005
Gregory,46053,2018,trailer,2402
Gregory,46053,2018,truck,607
Gregory,46053,2017,boat,450
Gregory,46053,2017,bus,26
Gregory,46053,2017,commercial_plate,348
Gregory,46053,2017,electric,1
Gregory,46053,2017,gross_vehicle_weight,494
Gregory,46053,2017,irp_with_prorate_plate,37
Gregory,46053,2017,motorcycle,254
Gregory,46053,2017,off_road,288
Gregory,46053,2017,passenger_low_speed,2027
Gregory,46053,2017,pickup_suv_van,4715
Gregory,46053,2017,recreational,56
Gregory,46053,2017,snowmobile,24
Gregory,46053,2017,titles,2030
Gregory,46053,2017,trailer,2347
Gregory,46053,2017,truck,594
Gregory,46053,2016,boat,491
Gregory,46053,2016,bus,23
Gregory,46053,2016,commercial_plate,357
Gregory,46053,2016,electric,1
Gregory,46053,2016,gross_vehicle_weight,486
Gregory,46053,2016,irp_with_prorate_plate,50
Gregory,46053,2016,motorcycle,253
Gregory,46053,2016,off_road,274
Gregory,46053,2016,passenger_low_speed,2109
Gregory,46053,2016,pickup_suv_van,4673
Gregory,46053,2016,recreational,58
Gregory,46053,2016,snowmobile,28
Gregory,46053,2016,titles,2028
Gregory,46053,2016,trailer,2344
Gregory,46053,2016,truck,619
Gregory,46053,2015,boat,480
Gregory,46053,2015,bus,40
Gregory,46053,2015,commercial_plate,339
Gregory,46053,2015,electric,1
Gregory,46053,2015,gross_vehicle_weight,510
Gregory,46053,2015,irp_with_prorate_plate,39
Gregory,46053,2015,motorcycle,265
Gregory,46053,2015,off_road,215
Gregory,46053,2015,passenger_low_speed,2127
Gregory,46053,2015,pickup_suv_van,4525
Gregory,46053,2015,recreational,53
Gregory,46053,2015,snowmobile,37
Gregory,46053,2015,titles,2212
Gregory,46053,2015,trailer,2316
Gregory,46053,2015,truck,640
Haakon,46055,2025,boat,3
Haakon,46055,2025,bus,0
Haakon,46055,2025,commercial_plate,8
Haakon,46055,2025,electric,0
Haakon,46055,2025,gross_vehicle_weight,25
Haakon,46055,2025,irp_with_prorate_plate,3
Haakon,46055,2025,motorcycle,3
Haakon,46055,2025,off_road,18
Haakon,46055,2025,passenger_low_speed,48
Haakon,46055,2025,pickup_suv_van,230
Haakon,46055,2025,recreational,0
Haakon,46055,2025,snowmobile,8
Haakon,46055,2025,titles,48
Haakon,46055,2025,trailer,108
Haakon,46055,2025,truck,25
Haakon,46055,2024,boat,94
Haakon,46055,2024,bus,0
Haakon,46055,2024,commercial_plate,119
Haakon,46055,2024,electric,2
Haakon,46055,2024,gross_vehicle_weight,381
Haakon,46055,2024,irp_with_prorate_plate,15
Haakon,46055,2024,motorcycle,111
Haakon,46055,2024,off_road,175
Haakon,46055,2024,passenger_low_speed,619
Haakon,46055,2024,pickup_suv_van,2370
Haakon,46055,2024,recreational,14
Haakon,46055,2024,snowmobile,41
Haakon,46055,2024,titles,809
Haakon,46055,2024,trailer,1280
Haakon,46055,2024,truck,366
Haakon,46055,2023,boat,101
Haakon,46055,2023,bus,0
Haakon,46055,2023,commercial_plate,130
Haakon,46055,2023,electric,3
Haakon,46055,2023,gross_vehicle_weight,392
Haakon,46055,2023,irp_with_prorate_plate,11
Haakon,46055,2023,motorcycle,103
Haakon,46055,2023,off_road,176
Haakon,46055,2023,passenger_low_speed,662
Haakon,46055,2023,pickup_suv_van,2490
Haakon,46055,2023,recreational,12
Haakon,46055,2023,snowmobile,45
Haakon,46055,2023,titles,1063
Haakon,46055,2023,trailer,1350
Haakon,46055,2023,truck,388
Haakon,46055,2022,boat,98
Haakon,46055,2022,bus,5
Haakon,46055,2022,commercial_plate,115
Haakon,46055,2022,electric,4
Haakon,46055,2022,gross_vehicle_weight,372
Haakon,46055,2022,gross_vehicle_weight,380
Haakon,46055,2022,irp_with_prorate_plate,10
Haakon,46055,2022,motorcycle,109
Haakon,46055,2022,off_road,153
Haakon,46055,2022,passenger_low_speed,668
Haakon,46055,2022,pickup_suv_van,2362
Haakon,46055,2022,pickup_suv_van,2367
Haakon,46055,2022,recreational,14
Haakon,46055,2022,snowmobile,36
Haakon,46055,2022,titles,831
Haakon,46055,2022,trailer,1288
Haakon,46055,2022,truck,362
Haakon,46055,2021,boat,107
Haakon,46055,2021,bus,2
Haakon,46055,2021,commercial_plate,102
Haakon,46055,2021,electric,3
Haakon,46055,2021,gross_vehicle_weight,355
Haakon,46055,2021,gross_vehicle_weight,363
Haakon,46055,2021,irp_with_prorate_plate,10
Haakon,46055,2021,motorcycle,109
Haakon,46055,2021,off_road,164
Haakon,46055,2021,passenger_low_speed,700
Haakon,46055,2021,pickup_suv_van,2315
Haakon,46055,2021,recreational,13
Haakon,46055,2021,snowmobile,43
Haakon,46055,2021,titles,1004
Haakon,46055,2021,trailer,1284
Haakon,46055,2021,truck,343
Haakon,46055,2020,boat,102
Haakon,46055,2020,bus,2
Haakon,46055,2020,commercial_plate,93
Haakon,46055,2020,electric,3
Haakon,46055,2020,gross_vehicle_weight,358
Haakon,46055,2020,gross_vehicle_weight,367
Haakon,46055,2020,irp_with_prorate_plate,8
Haakon,46055,2020,motorcycle,116
Haakon,46055,2020,off_road,157
Haakon,46055,2020,passenger_low_speed,719
Haakon,46055,2020,pickup_suv_van,2250
Haakon,46055,2020,recreational,13
Haakon,46055,2020,snowmobile,60
Haakon,46055,2020,titles,894
Haakon,46055,2020,trailer,1264
Haakon,46055,2020,truck,342
Haakon,46055,2019,boat,104
Haakon,46055,2019,bus,4
Haakon,46055,2019,commercial_plate,102
Haakon,46055,2019,electric,3
Haakon,46055,2019,gross_vehicle_weight,332
Haakon,46055,2019,gross_vehicle_weight,339
Haakon,46055,2019,irp_with_prorate_plate,10
Haakon,46055,2019,motorcycle,109
Haakon,46055,2019,off_road,123
Haakon,46055,2019,passenger_low_speed,712
Haakon,46055,2019,pickup_suv_van,2181
Haakon,46055,2019,recreational,11
Haakon,46055,2019,snowmobile,56
Haakon,46055,2019,titles,878
Haakon,46055,2019,trailer,1245
Haakon,46055,2019,truck,331
Haakon,46055,2018,boat,101
Haakon,46055,2018,bus,4
Haakon,46055,2018,commercial_plate,94
Haakon,46055,2018,electric,2
Haakon,46055,2018,gross_vehicle_weight,303
Haakon,46055,2018,gross_vehicle_weight,307
Haakon,46055,2018,irp_with_prorate_plate,10
Haakon,46055,2018,motorcycle,124
Haakon,46055,2018,off_road,137
Haakon,46055,2018,passenger_low_speed,766
Haakon,46055,2018,pickup_suv_van,2146
Haakon,46055,2018,recreational,11
Haakon,46055,2018,snowmobile,54
Haakon,46055,2018,titles,894
Haakon,46055,2018,trailer,1215
Haakon,46055,2018,truck,316
Haakon,46055,2017,boat,106
Haakon,46055,2017,bus,1
Haakon,46055,2017,commercial_plate,99
Haakon,46055,2017,electric,2
Haakon,46055,2017,gross_vehicle_weight,321
Haakon,46055,2017,irp_with_prorate_plate,10
Haakon,46055,2017,motorcycle,119
Haakon,46055,2017,off_road,132
Haakon,46055,2017,passenger_low_speed,795
Haakon,46055,2017,pickup_suv_van,2171
Haakon,46055,2017,recreational,14
Haakon,46055,2017,snowmobile,58
Haakon,46055,2017,titles,975
Haakon,46055,2017,trailer,1243
Haakon,46055,2017,truck,319
Haakon,46055,2016,boat,109
Haakon,46055,2016,bus,3
Haakon,46055,2016,commercial_plate,92
Haakon,46055,2016,electric,2
Haakon,46055,2016,gross_vehicle_weight,332
Haakon,46055,2016,irp_with_prorate_plate,16
Haakon,46055,2016,motorcycle,148
Haakon,46055,2016,off_road,133
Haakon,46055,2016,passenger_low_speed,819
Haakon,46055,2016,pickup_suv_van,2085
Haakon,46055,2016,recreational,22
Haakon,46055,2016,snowmobile,55
Haakon,46055,2016,titles,903
Haakon,46055,2016,trailer,1249
Haakon,46055,2016,truck,324
Haakon,46055,2015,boat,94
Haakon,46055,2015,bus,18
Haakon,46055,2015,commercial_plate,101
Haakon,46055,2015,electric,2
Haakon,46055,2015,gross_vehicle_weight,333
Haakon,46055,2015,irp_with_prorate_plate,15
Haakon,46055,2015,motorcycle,133
Haakon,46055,2015,off_road,134
Haakon,46055,2015,passenger_low_speed,808
Haakon,46055,2015,pickup_suv_van,2118
Haakon,46055,2015,recreational,17
Haakon,46055,2015,snowmobile,57
Haakon,46055,2015,titles,1099
Haakon,46055,2015,trailer,1298
Haakon,46055,2015,truck,352
Hamlin,46057,2025,boat,88
Hamlin,46057,2025,bus,2
Hamlin,46057,2025,commercial_plate,40
Hamlin,46057,2025,electric,2
Hamlin,46057,2025,gross_vehicle_weight,47
Hamlin,46057,2025,irp_with_prorate_plate,14
Hamlin,46057,2025,motorcycle,20
Hamlin,46057,2025,off_road,63
Hamlin,46057,2025,passenger_low_speed,219
Hamlin,46057,2025,pickup_suv_van,662
Hamlin,46057,2025,recreational,6
Hamlin,46057,2025,snowmobile,32
Hamlin,46057,2025,titles,132
Hamlin,46057,2025,trailer,311
Hamlin,46057,2025,truck,70
Hamlin,46057,2024,boat,831
Hamlin,46057,2024,bus,11
Hamlin,46057,2024,commercial_plate,698
Hamlin,46057,2024,electric,20
Hamlin,46057,2024,gross_vehicle_weight,648
Hamlin,46057,2024,irp_with_prorate_plate,47
Hamlin,46057,2024,motorcycle,270
Hamlin,46057,2024,off_road,641
Hamlin,46057,2024,passenger_low_speed,1936
Hamlin,46057,2024,pickup_suv_van,6073
Hamlin,46057,2024,recreational,65
Hamlin,46057,2024,snowmobile,182
Hamlin,46057,2024,titles,2458
Hamlin,46057,2024,trailer,3175
Hamlin,46057,2024,truck,918
Hamlin,46057,2023,boat,869
Hamlin,46057,2023,bus,19
Hamlin,46057,2023,commercial_plate,750
Hamlin,46057,2023,electric,15
Hamlin,46057,2023,gross_vehicle_weight,656
Hamlin,46057,2023,irp_with_prorate_plate,57
Hamlin,46057,2023,motorcycle,288
Hamlin,46057,2023,off_road,609
Hamlin,46057,2023,passenger_low_speed,2061
Hamlin,46057,2023,pickup_suv_van,6204
Hamlin,46057,2023,recreational,77
Hamlin,46057,2023,snowmobile,204
Hamlin,46057,2023,titles,3088
Hamlin,46057,2023,trailer,3288
Hamlin,46057,2023,truck,943
Hamlin,46057,2022,boat,874
Hamlin,46057,2022,bus,9
Hamlin,46057,2022,commercial_plate,730
Hamlin,46057,2022,electric,14
Hamlin,46057,2022,gross_vehicle_weight,626
Hamlin,46057,2022,gross_vehicle_weight,635
Hamlin,46057,2022,irp_with_prorate_plate,57
Hamlin,46057,2022,motorcycle,277
Hamlin,46057,2022,motorcycle,276
Hamlin,46057,2022,off_road,606
Hamlin,46057,2022,off_road,607
Hamlin,46057,2022,passenger_low_speed,2083
Hamlin,46057,2022,passenger_low_speed,2084
Hamlin,46057,2022,pickup_suv_van,5860
Hamlin,46057,2022,pickup_suv_van,5865
Hamlin,46057,2022,recreational,72
Hamlin,46057,2022,snowmobile,214
Hamlin,46057,2022,titles,2600
Hamlin,46057,2022,trailer,3207
Hamlin,46057,2022,trailer,3206
Hamlin,46057,2022,truck,926
Hamlin,46057,2021,boat,905
Hamlin,46057,2021,bus,7
Hamlin,46057,2021,commercial_plate,691
Hamlin,46057,2021,electric,9
Hamlin,46057,2021,gross_vehicle_weight,638
Hamlin,46057,2021,gross_vehicle_weight,644
Hamlin,46057,2021,irp_with_prorate_plate,56
Hamlin,46057,2021,motorcycle,291
Hamlin,46057,2021,off_road,603
Hamlin,46057,2021,passenger_low_speed,2195
Hamlin,46057,2021,pickup_suv_van,5742
Hamlin,46057,2021,pickup_suv_van,5741
Hamlin,46057,2021,recreational,78
Hamlin,46057,2021,snowmobile,199
Hamlin,46057,2021,titles,3135
Hamlin,46057,2021,trailer,3201
Hamlin,46057,2021,truck,924
Hamlin,46057,2020,boat,838
Hamlin,46057,2020,bus,5
Hamlin,46057,2020,commercial_plate,653
Hamlin,46057,2020,electric,6
Hamlin,46057,2020,gross_vehicle_weight,638
Hamlin,46057,2020,gross_vehicle_weight,646
Hamlin,46057,2020,irp_with_prorate_plate,56
Hamlin,46057,2020,motorcycle,271
Hamlin,46057,2020,off_road,577
Hamlin,46057,2020,passenger_low_speed,2205
Hamlin,46057,2020,pickup_suv_van,5478
Hamlin,46057,2020,recreational,71
Hamlin,46057,2020,snowmobile,252
Hamlin,46057,2020,titles,2740
Hamlin,46057,2020,trailer,3099
Hamlin,46057,2020,truck,913
Hamlin,46057,2019,boat,806
Hamlin,46057,2019,bus,15
Hamlin,46057,2019,commercial_plate,650
Hamlin,46057,2019,electric,5
Hamlin,46057,2019,gross_vehicle_weight,687
Hamlin,46057,2019,gross_vehicle_weight,692
Hamlin,46057,2019,irp_with_prorate_plate,53
Hamlin,46057,2019,motorcycle,295
Hamlin,46057,2019,off_road,525
Hamlin,46057,2019,passenger_low_speed,2351
Hamlin,46057,2019,pickup_suv_van,5283
Hamlin,46057,2019,recreational,57
Hamlin,46057,2019,snowmobile,264
Hamlin,46057,2019,titles,2710
Hamlin,46057,2019,trailer,3031
Hamlin,46057,2019,truck,950
Hamlin,46057,2018,boat,852
Hamlin,46057,2018,bus,23
Hamlin,46057,2018,commercial_plate,588
Hamlin,46057,2018,electric,2
Hamlin,46057,2018,gross_vehicle_weight,684
Hamlin,46057,2018,gross_vehicle_weight,690
Hamlin,46057,2018,irp_with_prorate_plate,56
Hamlin,46057,2018,motorcycle,266
Hamlin,46057,2018,off_road,524
Hamlin,46057,2018,passenger_low_speed,2424
Hamlin,46057,2018,pickup_suv_van,5052
Hamlin,46057,2018,recreational,57
Hamlin,46057,2018,snowmobile,269
Hamlin,46057,2018,titles,2481
Hamlin,46057,2018,trailer,3005
Hamlin,46057,2018,truck,907
Hamlin,46057,2017,boat,858
Hamlin,46057,2017,bus,4
Hamlin,46057,2017,commercial_plate,549
Hamlin,46057,2017,electric,3
Hamlin,46057,2017,gross_vehicle_weight,685
Hamlin,46057,2017,irp_with_prorate_plate,55
Hamlin,46057,2017,motorcycle,278
Hamlin,46057,2017,off_road,494
Hamlin,46057,2017,passenger_low_speed,2489
Hamlin,46057,2017,pickup_suv_van,4917
Hamlin,46057,2017,recreational,58
Hamlin,46057,2017,snowmobile,252
Hamlin,46057,2017,titles,2584
Hamlin,46057,2017,trailer,2985
Hamlin,46057,2017,truck,889
Hamlin,46057,2016,boat,843
Hamlin,46057,2016,bus,19
Hamlin,46057,2016,commercial_plate,532
Hamlin,46057,2016,electric,2
Hamlin,46057,2016,gross_vehicle_weight,731
Hamlin,46057,2016,irp_with_prorate_plate,52
Hamlin,46057,2016,motorcycle,295
Hamlin,46057,2016,off_road,490
Hamlin,46057,2016,passenger_low_speed,2542
Hamlin,46057,2016,pickup_suv_van,4727
Hamlin,46057,2016,recreational,53
Hamlin,46057,2016,snowmobile,306
Hamlin,46057,2016,titles,2503
Hamlin,46057,2016,trailer,2975
Hamlin,46057,2016,truck,903
Hamlin,46057,2015,boat,824
Hamlin,46057,2015,bus,20
Hamlin,46057,2015,commercial_plate,507
Hamlin,46057,2015,electric,3
Hamlin,46057,2015,gross_vehicle_weight,714
Hamlin,46057,2015,irp_with_prorate_plate,59
Hamlin,46057,2015,motorcycle,300
Hamlin,46057,2015,off_road,450
Hamlin,46057,2015,passenger_low_speed,2593
Hamlin,46057,2015,pickup_suv_van,4571
Hamlin,46057,2015,recreational,54
Hamlin,46057,2015,snowmobile,307
Hamlin,46057,2015,titles,2640
Hamlin,46057,2015,trailer,2857
Hamlin,46057,2015,truck,927
Hand,46059,2025,boat,20
Hand,46059,2025,bus,0
Hand,46059,2025,commercial_plate,43
Hand,46059,2025,electric,1
Hand,46059,2025,gross_vehicle_weight,83
Hand,46059,2025,irp_with_prorate_plate,0
Hand,46059,2025,motorcycle,34
Hand,46059,2025,off_road,51
Hand,46059,2025,passenger_low_speed,101
Hand,46059,2025,pickup_suv_van,507
Hand,46059,2025,recreational,2
Hand,46059,2025,snowmobile,26
Hand,46059,2025,titles,85
Hand,46059,2025,trailer,268
Hand,46059,2025,truck,107
Hand,46059,2024,boat,263
Hand,46059,2024,bus,9
Hand,46059,2024,commercial_plate,233
Hand,46059,2024,electric,3
Hand,46059,2024,gross_vehicle_weight,648
Hand,46059,2024,irp_with_prorate_plate,11
Hand,46059,2024,motorcycle,176
Hand,46059,2024,off_road,376
Hand,46059,2024,passenger_low_speed,868
Hand,46059,2024,pickup_suv_van,3780
Hand,46059,2024,recreational,42
Hand,46059,2024,snowmobile,86
Hand,46059,2024,titles,1427
Hand,46059,2024,trailer,2196
Hand,46059,2024,truck,739
Hand,46059,2023,boat,289
Hand,46059,2023,bus,9
Hand,46059,2023,commercial_plate,258
Hand,46059,2023,electric,3
Hand,46059,2023,gross_vehicle_weight,662
Hand,46059,2023,irp_with_prorate_plate,15
Hand,46059,2023,motorcycle,180
Hand,46059,2023,off_road,382
Hand,46059,2023,passenger_low_speed,975
Hand,46059,2023,pickup_suv_van,3951
Hand,46059,2023,recreational,33
Hand,46059,2023,snowmobile,111
Hand,46059,2023,titles,1725
Hand,46059,2023,trailer,2290
Hand,46059,2023,truck,743
Hand,46059,2022,boat,269
Hand,46059,2022,bus,9
Hand,46059,2022,commercial_plate,201
Hand,46059,2022,electric,2
Hand,46059,2022,gross_vehicle_weight,639
Hand,46059,2022,gross_vehicle_weight,647
Hand,46059,2022,irp_with_prorate_plate,14
Hand,46059,2022,motorcycle,165
Hand,46059,2022,off_road,351
Hand,46059,2022,passenger_low_speed,997
Hand,46059,2022,passenger_low_speed,996
Hand,46059,2022,pickup_suv_van,3729
Hand,46059,2022,pickup_suv_van,3731
Hand,46059,2022,recreational,29
Hand,46059,2022,snowmobile,87
Hand,46059,2022,titles,1503
Hand,46059,2022,trailer,2243
Hand,46059,2022,truck,712
Hand,46059,2021,boat,297
Hand,46059,2021,bus,9
Hand,46059,2021,commercial_plate,208
Hand,46059,2021,electric,3
Hand,46059,2021,gross_vehicle_weight,656
Hand,46059,2021,gross_vehicle_weight,663
Hand,46059,2021,irp_with_prorate_plate,14
Hand,46059,2021,motorcycle,185
Hand,46059,2021,off_road,325
Hand,46059,2021,passenger_low_speed,1036
Hand,46059,2021,pickup_suv_van,3693
Hand,46059,2021,recreational,32
Hand,46059,2021,snowmobile,83
Hand,46059,2021,titles,1651
Hand,46059,2021,trailer,2212
Hand,46059,2021,truck,706
Hand,46059,2020,boat,283
Hand,46059,2020,bus,9
Hand,46059,2020,commercial_plate,189
Hand,46059,2020,electric,1
Hand,46059,2020,gross_vehicle_weight,691
Hand,46059,2020,gross_vehicle_weight,699
Hand,46059,2020,irp_with_prorate_plate,12
Hand,46059,2020,motorcycle,186
Hand,46059,2020,off_road,316
Hand,46059,2020,passenger_low_speed,1065
Hand,46059,2020,pickup_suv_van,3718
Hand,46059,2020,recreational,30
Hand,46059,2020,snowmobile,117
Hand,46059,2020,titles,1382
Hand,46059,2020,trailer,2206
Hand,46059,2020,truck,708
Hand,46059,2019,boat,252
Hand,46059,2019,bus,18
Hand,46059,2019,commercial_plate,181
Hand,46059,2019,electric,2
Hand,46059,2019,gross_vehicle_weight,681
Hand,46059,2019,gross_vehicle_weight,686
Hand,46059,2019,irp_with_prorate_plate,15
Hand,46059,2019,motorcycle,184
Hand,46059,2019,off_road,302
Hand,46059,2019,passenger_low_speed,1165
Hand,46059,2019,pickup_suv_van,3640
Hand,46059,2019,recreational,29
Hand,46059,2019,snowmobile,111
Hand,46059,2019,titles,1555
Hand,46059,2019,trailer,2168
Hand,46059,2019,truck,705
Hand,46059,2018,boat,267
Hand,46059,2018,bus,14
Hand,46059,2018,commercial_plate,216
Hand,46059,2018,electric,0
Hand,46059,2018,gross_vehicle_weight,718
Hand,46059,2018,gross_vehicle_weight,723
Hand,46059,2018,irp_with_prorate_plate,16
Hand,46059,2018,motorcycle,198
Hand,46059,2018,off_road,297
Hand,46059,2018,passenger_low_speed,1237
Hand,46059,2018,pickup_suv_van,3624
Hand,46059,2018,recreational,34
Hand,46059,2018,snowmobile,137
Hand,46059,2018,titles,1557
Hand,46059,2018,trailer,2181
Hand,46059,2018,truck,774
Hand,46059,2017,boat,270
Hand,46059,2017,bus,6
Hand,46059,2017,commercial_plate,218
Hand,46059,2017,electric,0
Hand,46059,2017,gross_vehicle_weight,738
Hand,46059,2017,irp_with_prorate_plate,6
Hand,46059,2017,motorcycle,204
Hand,46059,2017,off_road,280
Hand,46059,2017,passenger_low_speed,1359
Hand,46059,2017,pickup_suv_van,3548
Hand,46059,2017,recreational,35
Hand,46059,2017,snowmobile,135
Hand,46059,2017,titles,1588
Hand,46059,2017,trailer,2187
Hand,46059,2017,truck,751
Hand,46059,2016,boat,287
Hand,46059,2016,bus,33
Hand,46059,2016,commercial_plate,230
Hand,46059,2016,electric,0
Hand,46059,2016,gross_vehicle_weight,788
Hand,46059,2016,irp_with_prorate_plate,7
Hand,46059,2016,motorcycle,189
Hand,46059,2016,off_road,262
Hand,46059,2016,passenger_low_speed,1421
Hand,46059,2016,pickup_suv_van,3551
Hand,46059,2016,recreational,33
Hand,46059,2016,snowmobile,176
Hand,46059,2016,titles,1625
Hand,46059,2016,trailer,2195
Hand,46059,2016,truck,798
Hand,46059,2015,boat,285
Hand,46059,2015,bus,13
Hand,46059,2015,commercial_plate,217
Hand,46059,2015,electric,0
Hand,46059,2015,gross_vehicle_weight,812
Hand,46059,2015,irp_with_prorate_plate,7
Hand,46059,2015,motorcycle,220
Hand,46059,2015,off_road,233
Hand,46059,2015,passenger_low_speed,1439
Hand,46059,2015,pickup_suv_van,3655
Hand,46059,2015,recreational,33
Hand,46059,2015,snowmobile,158
Hand,46059,2015,titles,1893
Hand,46059,2015,trailer,2224
Hand,46059,2015,truck,852
Hanson,46061,2025,boat,32
Hanson,46061,2025,bus,0
Hanson,46061,2025,commercial_plate,25
Hanson,46061,2025,electric,1
Hanson,46061,2025,gross_vehicle_weight,37
Hanson,46061,2025,irp_with_prorate_plate,5
Hanson,46061,2025,motorcycle,26
Hanson,46061,2025,off_road,38
Hanson,46061,2025,passenger_low_speed,196
Hanson,46061,2025,pickup_suv_van,485
Hanson,46061,2025,recreational,25
Hanson,46061,2025,snowmobile,7
Hanson,46061,2025,titles,122
Hanson,46061,2025,trailer,224
Hanson,46061,2025,truck,48
Hanson,46061,2024,boat,315
Hanson,46061,2024,bus,11
Hanson,46061,2024,commercial_plate,288
Hanson,46061,2024,electric,23
Hanson,46061,2024,gross_vehicle_weight,443
Hanson,46061,2024,irp_with_prorate_plate,15
Hanson,46061,2024,motorcycle,326
Hanson,46061,2024,off_road,431
Hanson,46061,2024,passenger_low_speed,1613
Hanson,46061,2024,pickup_suv_van,4429
Hanson,46061,2024,recreational,249
Hanson,46061,2024,snowmobile,40
Hanson,46061,2024,titles,1870
Hanson,46061,2024,trailer,2027
Hanson,46061,2024,truck,538
Hanson,46061,2023,boat,298
Hanson,46061,2023,bus,8
Hanson,46061,2023,commercial_plate,316
Hanson,46061,2023,electric,16
Hanson,46061,2023,gross_vehicle_weight,478
Hanson,46061,2023,irp_with_prorate_plate,11
Hanson,46061,2023,motorcycle,335
Hanson,46061,2023,off_road,411
Hanson,46061,2023,passenger_low_speed,1664
Hanson,46061,2023,pickup_suv_van,4574
Hanson,46061,2023,recreational,308
Hanson,46061,2023,snowmobile,62
Hanson,46061,2023,titles,2212
Hanson,46061,2023,trailer,2154
Hanson,46061,2023,truck,588
Hanson,46061,2022,boat,298
Hanson,46061,2022,bus,8
Hanson,46061,2022,commercial_plate,294
Hanson,46061,2022,electric,13
Hanson,46061,2022,gross_vehicle_weight,426
Hanson,46061,2022,gross_vehicle_weight,431
Hanson,46061,2022,irp_with_prorate_plate,12
Hanson,46061,2022,motorcycle,304
Hanson,46061,2022,motorcycle,305
Hanson,46061,2022,off_road,389
Hanson,46061,2022,passenger_low_speed,1691
Hanson,46061,2022,passenger_low_speed,1693
Hanson,46061,2022,pickup_suv_van,4318
Hanson,46061,2022,recreational,334
Hanson,46061,2022,snowmobile,78
Hanson,46061,2022,snowmobile,77
Hanson,46061,2022,titles,2036
Hanson,46061,2022,trailer,2124
Hanson,46061,2022,truck,540
Hanson,46061,2021,boat,306
Hanson,46061,2021,bus,6
Hanson,46061,2021,commercial_plate,285
Hanson,46061,2021,electric,11
Hanson,46061,2021,gross_vehicle_weight,461
Hanson,46061,2021,gross_vehicle_weight,466
Hanson,46061,2021,irp_with_prorate_plate,15
Hanson,46061,2021,motorcycle,343
Hanson,46061,2021,off_road,377
Hanson,46061,2021,passenger_low_speed,1670
Hanson,46061,2021,pickup_suv_van,4365
Hanson,46061,2021,recreational,386
Hanson,46061,2021,snowmobile,63
Hanson,46061,2021,titles,2221
Hanson,46061,2021,trailer,2183
Hanson,46061,2021,truck,558
Hanson,46061,2020,boat,315
Hanson,46061,2020,bus,9
Hanson,46061,2020,commercial_plate,273
Hanson,46061,2020,electric,9
Hanson,46061,2020,gross_vehicle_weight,451
Hanson,46061,2020,gross_vehicle_weight,459
Hanson,46061,2020,irp_with_prorate_plate,12
Hanson,46061,2020,motorcycle,335
Hanson,46061,2020,off_road,364
Hanson,46061,2020,passenger_low_speed,1610
Hanson,46061,2020,pickup_suv_van,4273
Hanson,46061,2020,recreational,446
Hanson,46061,2020,snowmobile,80
Hanson,46061,2020,titles,2088
Hanson,46061,2020,trailer,2199
Hanson,46061,2020,truck,543
Hanson,46061,2019,boat,290
Hanson,46061,2019,bus,12
Hanson,46061,2019,commercial_plate,270
Hanson,46061,2019,electric,5
Hanson,46061,2019,gross_vehicle_weight,444
Hanson,46061,2019,gross_vehicle_weight,445
Hanson,46061,2019,irp_with_prorate_plate,8
Hanson,46061,2019,motorcycle,348
Hanson,46061,2019,off_road,356
Hanson,46061,2019,passenger_low_speed,1663
Hanson,46061,2019,pickup_suv_van,4088
Hanson,46061,2019,recreational,439
Hanson,46061,2019,snowmobile,82
Hanson,46061,2019,titles,2060
Hanson,46061,2019,trailer,2079
Hanson,46061,2019,truck,532
Hanson,46061,2018,boat,301
Hanson,46061,2018,bus,10
Hanson,46061,2018,commercial_plate,255
Hanson,46061,2018,electric,3
Hanson,46061,2018,gross_vehicle_weight,435
Hanson,46061,2018,gross_vehicle_weight,434
Hanson,46061,2018,irp_with_prorate_plate,10
Hanson,46061,2018,motorcycle,345
Hanson,46061,2018,off_road,352
Hanson,46061,2018,passenger_low_speed,1669
Hanson,46061,2018,pickup_suv_van,3863
Hanson,46061,2018,recreational,455
Hanson,46061,2018,snowmobile,84
Hanson,46061,2018,titles,1881
Hanson,46061,2018,trailer,2031
Hanson,46061,2018,truck,518
Hanson,46061,2017,boat,302
Hanson,46061,2017,bus,9
Hanson,46061,2017,commercial_plate,266
Hanson,46061,2017,electric,2
Hanson,46061,2017,gross_vehicle_weight,444
Hanson,46061,2017,irp_with_prorate_plate,10
Hanson,46061,2017,motorcycle,359
Hanson,46061,2017,off_road,317
Hanson,46061,2017,passenger_low_speed,1627
Hanson,46061,2017,pickup_suv_van,3704
Hanson,46061,2017,recreational,469
Hanson,46061,2017,snowmobile,84
Hanson,46061,2017,titles,1846
Hanson,46061,2017,trailer,1984
Hanson,46061,2017,truck,530
Hanson,46061,2016,boat,333
Hanson,46061,2016,bus,11
Hanson,46061,2016,commercial_plate,234
Hanson,46061,2016,electric,1
Hanson,46061,2016,gross_vehicle_weight,458
Hanson,46061,2016,irp_with_prorate_plate,14
Hanson,46061,2016,motorcycle,354
Hanson,46061,2016,off_road,315
Hanson,46061,2016,passenger_low_speed,1757
Hanson,46061,2016,pickup_suv_van,3811
Hanson,46061,2016,recreational,509
Hanson,46061,2016,snowmobile,85
Hanson,46061,2016,titles,1805
Hanson,46061,2016,trailer,2025
Hanson,46061,2016,truck,521
Hanson,46061,2015,boat,321
Hanson,46061,2015,bus,3
Hanson,46061,2015,commercial_plate,236
Hanson,46061,2015,electric,1
Hanson,46061,2015,gross_vehicle_weight,467
Hanson,46061,2015,irp_with_prorate_plate,14
Hanson,46061,2015,motorcycle,363
Hanson,46061,2015,off_road,304
Hanson,46061,2015,passenger_low_speed,1742
Hanson,46061,2015,pickup_suv_van,3769
Hanson,46061,2015,recreational,548
Hanson,46061,2015,snowmobile,90
Hanson,46061,2015,titles,1928
Hanson,46061,2015,trailer,2098
Hanson,46061,2015,truck,542
Harding,46063,2025,boat,10
Harding,46063,2025,bus,0
Harding,46063,2025,commercial_plate,2
Harding,46063,2025,electric,0
Harding,46063,2025,gross_vehicle_weight,46
Harding,46063,2025,irp_with_prorate_plate,1
Harding,46063,2025,motorcycle,9
Harding,46063,2025,off_road,12
Harding,46063,2025,passenger_low_speed,34
Harding,46063,2025,pickup_suv_van,239
Harding,46063,2025,recreational,2
Harding,46063,2025,snowmobile,2
Harding,46063,2025,titles,25
Harding,46063,2025,trailer,154
Harding,46063,2025,truck,36
Harding,46063,2024,boat,74
Harding,46063,2024,bus,0
Harding,46063,2024,commercial_plate,106
Harding,46063,2024,electric,4
Harding,46063,2024,gross_vehicle_weight,360
Harding,46063,2024,irp_with_prorate_plate,17
Harding,46063,2024,motorcycle,68
Harding,46063,2024,off_road,82
Harding,46063,2024,passenger_low_speed,353
Harding,46063,2024,pickup_suv_van,2042
Harding,46063,2024,recreational,16
Harding,46063,2024,snowmobile,17
Harding,46063,2024,titles,786
Harding,46063,2024,trailer,1305
Harding,46063,2024,truck,401
Harding,46063,2023,boat,75
Harding,46063,2023,bus,0
Harding,46063,2023,commercial_plate,104
Harding,46063,2023,electric,1
Harding,46063,2023,gross_vehicle_weight,368
Harding,46063,2023,irp_with_prorate_plate,21
Harding,46063,2023,motorcycle,59
Harding,46063,2023,off_road,86
Harding,46063,2023,passenger_low_speed,338
Harding,46063,2023,pickup_suv_van,2039
Harding,46063,2023,recreational,14
Harding,46063,2023,snowmobile,16
Harding,46063,2023,titles,813
Harding,46063,2023,trailer,1305
Harding,46063,2023,truck,396
Harding,46063,2022,boat,75
Harding,46063,2022,bus,1
Harding,46063,2022,commercial_plate,105
Harding,46063,2022,electric,1
Harding,46063,2022,gross_vehicle_weight,353
Harding,46063,2022,gross_vehicle_weight,357
Harding,46063,2022,irp_with_prorate_plate,19
Harding,46063,2022,motorcycle,62
Harding,46063,2022,off_road,80
Harding,46063,2022,passenger_low_speed,367
Harding,46063,2022,pickup_suv_van,1954
Harding,46063,2022,pickup_suv_van,1956
Harding,46063,2022,recreational,17
Harding,46063,2022,snowmobile,19
Harding,46063,2022,titles,647
Harding,46063,2022,trailer,1289
Harding,46063,2022,truck,376
Harding,46063,2022,truck,377
Harding,46063,2021,boat,73
Harding,46063,2021,bus,1
Harding,46063,2021,commercial_plate,102
Harding,46063,2021,electric,1
Harding,46063,2021,gross_vehicle_weight,334
Harding,46063,2021,gross_vehicle_weight,335
Harding,46063,2021,irp_with_prorate_plate,18
Harding,46063,2021,motorcycle,73
Harding,46063,2021,off_road,79
Harding,46063,2021,passenger_low_speed,395
Harding,46063,2021,pickup_suv_van,1944
Harding,46063,2021,recreational,20
Harding,46063,2021,snowmobile,19
Harding,46063,2021,titles,764
Harding,46063,2021,trailer,1303
Harding,46063,2021,truck,354
Harding,46063,2020,boat,65
Harding,46063,2020,bus,0
Harding,46063,2020,commercial_plate,100
Harding,46063,2020,electric,0
Harding,46063,2020,gross_vehicle_weight,330
Harding,46063,2020,gross_vehicle_weight,329
Harding,46063,2020,irp_with_prorate_plate,25
Harding,46063,2020,motorcycle,63
Harding,46063,2020,off_road,63
Harding,46063,2020,passenger_low_speed,392
Harding,46063,2020,pickup_suv_van,1916
Harding,46063,2020,recreational,13
Harding,46063,2020,snowmobile,25
Harding,46063,2020,titles,684
Harding,46063,2020,trailer,1312
Harding,46063,2020,truck,345
Harding,46063,2019,boat,64
Harding,46063,2019,bus,2
Harding,46063,2019,commercial_plate,106
Harding,46063,2019,electric,1
Harding,46063,2019,gross_vehicle_weight,318
Harding,46063,2019,gross_vehicle_weight,319
Harding,46063,2019,irp_with_prorate_plate,21
Harding,46063,2019,motorcycle,50
Harding,46063,2019,off_road,60
Harding,46063,2019,passenger_low_speed,365
Harding,46063,2019,pickup_suv_van,1824
Harding,46063,2019,recreational,17
Harding,46063,2019,snowmobile,26
Harding,46063,2019,titles,734
Harding,46063,2019,trailer,1246
Harding,46063,2019,truck,340
Harding,46063,2018,boat,70
Harding,46063,2018,bus,3
Harding,46063,2018,commercial_plate,102
Harding,46063,2018,electric,1
Harding,46063,2018,gross_vehicle_weight,336
Harding,46063,2018,gross_vehicle_weight,337
Harding,46063,2018,irp_with_prorate_plate,16
Harding,46063,2018,motorcycle,50
Harding,46063,2018,off_road,57
Harding,46063,2018,passenger_low_speed,423
Harding,46063,2018,pickup_suv_van,1884
Harding,46063,2018,recreational,21
Harding,46063,2018,snowmobile,30
Harding,46063,2018,titles,779
Harding,46063,2018,trailer,1245
Harding,46063,2018,truck,381
Harding,46063,2017,boat,75
Harding,46063,2017,bus,1
Harding,46063,2017,commercial_plate,78
Harding,46063,2017,electric,0
Harding,46063,2017,gross_vehicle_weight,317
Harding,46063,2017,irp_with_prorate_plate,19
Harding,46063,2017,motorcycle,58
Harding,46063,2017,off_road,63
Harding,46063,2017,passenger_low_speed,428
Harding,46063,2017,pickup_suv_van,1760
Harding,46063,2017,recreational,11
Harding,46063,2017,snowmobile,36
Harding,46063,2017,titles,684
Harding,46063,2017,trailer,1237
Harding,46063,2017,truck,319
Harding,46063,2016,boat,81
Harding,46063,2016,bus,0
Harding,46063,2016,commercial_plate,87
Harding,46063,2016,electric,0
Harding,46063,2016,gross_vehicle_weight,328
Harding,46063,2016,irp_with_prorate_plate,20
Harding,46063,2016,motorcycle,58
Harding,46063,2016,off_road,41
Harding,46063,2016,passenger_low_speed,447
Harding,46063,2016,pickup_suv_van,1770
Harding,46063,2016,recreational,18
Harding,46063,2016,snowmobile,35
Harding,46063,2016,titles,697
Harding,46063,2016,trailer,1260
Harding,46063,2016,truck,344
Harding,46063,2015,boat,81
Harding,46063,2015,bus,457
Harding,46063,2015,commercial_plate,100
Harding,46063,2015,electric,0
Harding,46063,2015,gross_vehicle_weight,347
Harding,46063,2015,irp_with_prorate_plate,14
Harding,46063,2015,motorcycle,74
Harding,46063,2015,off_road,47
Harding,46063,2015,passenger_low_speed,494
Harding,46063,2015,pickup_suv_van,1829
Harding,46063,2015,recreational,14
Harding,46063,2015,snowmobile,38
Harding,46063,2015,titles,932
Harding,46063,2015,trailer,1243
Harding,46063,2015,truck,407
Hughes,46065,2025,boat,216
Hughes,46065,2025,bus,0
Hughes,46065,2025,commercial_plate,212
Hughes,46065,2025,electric,4
Hughes,46065,2025,gross_vehicle_weight,60
Hughes,46065,2025,irp_with_prorate_plate,20
Hughes,46065,2025,motorcycle,92
Hughes,46065,2025,off_road,92
Hughes,46065,2025,passenger_low_speed,604
Hughes,46065,2025,pickup_suv_van,1912
Hughes,46065,2025,recreational,10
Hughes,46065,2025,snowmobile,38
Hughes,46065,2025,titles,298
Hughes,46065,2025,trailer,688
Hughes,46065,2025,truck,114
Hughes,46065,2024,boat,2239
Hughes,46065,2024,bus,40
Hughes,46065,2024,commercial_plate,1193
Hughes,46065,2024,electric,17
Hughes,46065,2024,gross_vehicle_weight,550
Hughes,46065,2024,irp_with_prorate_plate,347
Hughes,46065,2024,motorcycle,1084
Hughes,46065,2024,off_road,804
Hughes,46065,2024,passenger_low_speed,4467
Hughes,46065,2024,pickup_suv_van,14518
Hughes,46065,2024,recreational,149
Hughes,46065,2024,snowmobile,232
Hughes,46065,2024,titles,5878
Hughes,46065,2024,trailer,6493
Hughes,46065,2024,truck,1094
Hughes,46065,2023,boat,2350
Hughes,46065,2023,bus,46
Hughes,46065,2023,commercial_plate,1242
Hughes,46065,2023,electric,15
Hughes,46065,2023,gross_vehicle_weight,565
Hughes,46065,2023,irp_with_prorate_plate,429
Hughes,46065,2023,motorcycle,1120
Hughes,46065,2023,off_road,835
Hughes,46065,2023,passenger_low_speed,4875
Hughes,46065,2023,pickup_suv_van,15070
Hughes,46065,2023,recreational,149
Hughes,46065,2023,snowmobile,264
Hughes,46065,2023,titles,7046
Hughes,46065,2023,trailer,6803
Hughes,46065,2023,truck,1166
Hughes,46065,2022,boat,2313
Hughes,46065,2022,bus,48
Hughes,46065,2022,commercial_plate,1220
Hughes,46065,2022,electric,12
Hughes,46065,2022,gross_vehicle_weight,534
Hughes,46065,2022,gross_vehicle_weight,555
Hughes,46065,2022,irp_with_prorate_plate,494
Hughes,46065,2022,motorcycle,1090
Hughes,46065,2022,motorcycle,1092
Hughes,46065,2022,off_road,786
Hughes,46065,2022,off_road,785
Hughes,46065,2022,passenger_low_speed,4947
Hughes,46065,2022,passenger_low_speed,4944
Hughes,46065,2022,pickup_suv_van,14297
Hughes,46065,2022,pickup_suv_van,14309
Hughes,46065,2022,recreational,161
Hughes,46065,2022,recreational,162
Hughes,46065,2022,snowmobile,258
Hughes,46065,2022,titles,6323
Hughes,46065,2022,trailer,6710
Hughes,46065,2022,trailer,6711
Hughes,46065,2022,truck,1212
Hughes,46065,2022,truck,1213
Hughes,46065,2021,boat,2457
Hughes,46065,2021,bus,53
Hughes,46065,2021,commercial_plate,1231
Hughes,46065,2021,electric,7
Hughes,46065,2021,gross_vehicle_weight,570
Hughes,46065,2021,gross_vehicle_weight,581
Hughes,46065,2021,irp_with_prorate_plate,562
Hughes,46065,2021,motorcycle,1104
Hughes,46065,2021,off_road,778
Hughes,46065,2021,passenger_low_speed,5509
Hughes,46065,2021,pickup_suv_van,14794
Hughes,46065,2021,recreational,168
Hughes,46065,2021,snowmobile,241
Hughes,46065,2021,titles,7643
Hughes,46065,2021,trailer,6881
Hughes,46065,2021,truck,1286
Hughes,46065,2020,boat,2493
Hughes,46065,2020,bus,60
Hughes,46065,2020,commercial_plate,1186
Hughes,46065,2020,electric,4
Hughes,46065,2020,gross_vehicle_weight,569
Hughes,46065,2020,gross_vehicle_weight,580
Hughes,46065,2020,irp_with_prorate_plate,699
Hughes,46065,2020,motorcycle,1125
Hughes,46065,2020,off_road,695
Hughes,46065,2020,passenger_low_speed,5636
Hughes,46065,2020,pickup_suv_van,14369
Hughes,46065,2020,recreational,156
Hughes,46065,2020,snowmobile,236
Hughes,46065,2020,titles,7772
Hughes,46065,2020,trailer,6633
Hughes,46065,2020,truck,1401
Hughes,46065,2019,boat,2355
Hughes,46065,2019,bus,202
Hughes,46065,2019,commercial_plate,1230
Hughes,46065,2019,electric,5
Hughes,46065,2019,gross_vehicle_weight,621
Hughes,46065,2019,gross_vehicle_weight,632
Hughes,46065,2019,irp_with_prorate_plate,870
Hughes,46065,2019,motorcycle,1056
Hughes,46065,2019,off_road,704
Hughes,46065,2019,passenger_low_speed,6158
Hughes,46065,2019,pickup_suv_van,14410
Hughes,46065,2019,pickup_suv_van,14411
Hughes,46065,2019,recreational,151
Hughes,46065,2019,snowmobile,258
Hughes,46065,2019,titles,7727
Hughes,46065,2019,trailer,6521
Hughes,46065,2019,trailer,6522
Hughes,46065,2019,truck,1840
Hughes,46065,2019,truck,1841
Hughes,46065,2018,boat,2491
Hughes,46065,2018,bus,640
Hughes,46065,2018,commercial_plate,1170
Hughes,46065,2018,electric,9
Hughes,46065,2018,gross_vehicle_weight,777
Hughes,46065,2018,gross_vehicle_weight,801
Hughes,46065,2018,irp_with_prorate_plate,1066
Hughes,46065,2018,motorcycle,1084
Hughes,46065,2018,off_road,940
Hughes,46065,2018,passenger_low_speed,7626
Hughes,46065,2018,pickup_suv_van,17726
Hughes,46065,2018,recreational,143
Hughes,46065,2018,snowmobile,256
Hughes,46065,2018,titles,7456
Hughes,46065,2018,trailer,8728
Hughes,46065,2018,truck,3395
Hughes,46065,2017,boat,2630
Hughes,46065,2017,bus,305
Hughes,46065,2017,commercial_plate,1197
Hughes,46065,2017,electric,8
Hughes,46065,2017,gross_vehicle_weight,667
Hughes,46065,2017,irp_with_prorate_plate,1307
Hughes,46065,2017,motorcycle,1096
Hughes,46065,2017,off_road,638
Hughes,46065,2017,passenger_low_speed,6901
Hughes,46065,2017,pickup_suv_van,14570
Hughes,46065,2017,recreational,148
Hughes,46065,2017,snowmobile,224
Hughes,46065,2017,titles,7880
Hughes,46065,2017,trailer,7170
Hughes,46065,2017,truck,2383
Hughes,46065,2016,boat,2765
Hughes,46065,2016,bus,401
Hughes,46065,2016,commercial_plate,1228
Hughes,46065,2016,electric,9
Hughes,46065,2016,gross_vehicle_weight,903
Hughes,46065,2016,irp_with_prorate_plate,1746
Hughes,46065,2016,motorcycle,1161
Hughes,46065,2016,off_road,789
Hughes,46065,2016,passenger_low_speed,8589
Hughes,46065,2016,pickup_suv_van,17158
Hughes,46065,2016,recreational,170
Hughes,46065,2016,snowmobile,225
Hughes,46065,2016,titles,10505
Hughes,46065,2016,trailer,8159
Hughes,46065,2016,truck,3393
Hughes,46065,2015,boat,3143
Hughes,46065,2015,bus,23
Hughes,46065,2015,commercial_plate,1140
Hughes,46065,2015,electric,2
Hughes,46065,2015,gross_vehicle_weight,826
Hughes,46065,2015,irp_with_prorate_plate,1655
Hughes,46065,2015,motorcycle,1191
Hughes,46065,2015,off_road,667
Hughes,46065,2015,passenger_low_speed,7680
Hughes,46065,2015,pickup_suv_van,14420
Hughes,46065,2015,recreational,162
Hughes,46065,2015,snowmobile,221
Hughes,46065,2015,titles,11015
Hughes,46065,2015,trailer,8279
Hughes,46065,2015,truck,3302
Hutchinson,46067,2025,boat,60
Hutchinson,46067,2025,bus,0
Hutchinson,46067,2025,commercial_plate,29
Hutchinson,46067,2025,electric,1
Hutchinson,46067,2025,gross_vehicle_weight,61
Hutchinson,46067,2025,irp_with_prorate_plate,13
Hutchinson,46067,2025,motorcycle,38
Hutchinson,46067,2025,off_road,79
Hutchinson,46067,2025,passenger_low_speed,293
Hutchinson,46067,2025,pickup_suv_van,780
Hutchinson,46067,2025,recreational,1
Hutchinson,46067,2025,snowmobile,19
Hutchinson,46067,2025,titles,139
Hutchinson,46067,2025,trailer,368
Hutchinson,46067,2025,truck,79
Hutchinson,46067,2024,boat,492
Hutchinson,46067,2024,bus,9
Hutchinson,46067,2024,commercial_plate,374
Hutchinson,46067,2024,electric,9
Hutchinson,46067,2024,gross_vehicle_weight,748
Hutchinson,46067,2024,irp_with_prorate_plate,78
Hutchinson,46067,2024,motorcycle,333
Hutchinson,46067,2024,off_road,662
Hutchinson,46067,2024,passenger_low_speed,2392
Hutchinson,46067,2024,pickup_suv_van,6818
Hutchinson,46067,2024,recreational,40
Hutchinson,46067,2024,snowmobile,114
Hutchinson,46067,2024,titles,2177
Hutchinson,46067,2024,trailer,3175
Hutchinson,46067,2024,truck,905
Hutchinson,46067,2023,boat,523
Hutchinson,46067,2023,bus,8
Hutchinson,46067,2023,commercial_plate,451
Hutchinson,46067,2023,electric,8
Hutchinson,46067,2023,gross_vehicle_weight,755
Hutchinson,46067,2023,irp_with_prorate_plate,84
Hutchinson,46067,2023,motorcycle,326
Hutchinson,46067,2023,off_road,661
Hutchinson,46067,2023,passenger_low_speed,2628
Hutchinson,46067,2023,pickup_suv_van,7091
Hutchinson,46067,2023,recreational,47
Hutchinson,46067,2023,snowmobile,148
Hutchinson,46067,2023,titles,2810
Hutchinson,46067,2023,trailer,3272
Hutchinson,46067,2023,truck,932
Hutchinson,46067,2022,boat,518
Hutchinson,46067,2022,bus,7
Hutchinson,46067,2022,commercial_plate,429
Hutchinson,46067,2022,electric,10
Hutchinson,46067,2022,gross_vehicle_weight,756
Hutchinson,46067,2022,gross_vehicle_weight,757
Hutchinson,46067,2022,irp_with_prorate_plate,78
Hutchinson,46067,2022,motorcycle,330
Hutchinson,46067,2022,off_road,599
Hutchinson,46067,2022,passenger_low_speed,2664
Hutchinson,46067,2022,passenger_low_speed,2661
Hutchinson,46067,2022,pickup_suv_van,6732
Hutchinson,46067,2022,pickup_suv_van,6738
Hutchinson,46067,2022,recreational,44
Hutchinson,46067,2022,snowmobile,115
Hutchinson,46067,2022,titles,2420
Hutchinson,46067,2022,trailer,3172
Hutchinson,46067,2022,truck,929
Hutchinson,46067,2021,boat,528
Hutchinson,46067,2021,bus,13
Hutchinson,46067,2021,commercial_plate,438
Hutchinson,46067,2021,electric,7
Hutchinson,46067,2021,gross_vehicle_weight,794
Hutchinson,46067,2021,gross_vehicle_weight,797
Hutchinson,46067,2021,irp_with_prorate_plate,81
Hutchinson,46067,2021,motorcycle,338
Hutchinson,46067,2021,off_road,586
Hutchinson,46067,2021,passenger_low_speed,2849
Hutchinson,46067,2021,pickup_suv_van,6804
Hutchinson,46067,2021,recreational,49
Hutchinson,46067,2021,snowmobile,133
Hutchinson,46067,2021,titles,3031
Hutchinson,46067,2021,trailer,3238
Hutchinson,46067,2021,truck,981
Hutchinson,46067,2020,boat,517
Hutchinson,46067,2020,bus,13
Hutchinson,46067,2020,commercial_plate,421
Hutchinson,46067,2020,electric,6
Hutchinson,46067,2020,gross_vehicle_weight,779
Hutchinson,46067,2020,gross_vehicle_weight,780
Hutchinson,46067,2020,irp_with_prorate_plate,81
Hutchinson,46067,2020,motorcycle,320
Hutchinson,46067,2020,off_road,562
Hutchinson,46067,2020,passenger_low_speed,2921
Hutchinson,46067,2020,pickup_suv_van,6611
Hutchinson,46067,2020,recreational,44
Hutchinson,46067,2020,snowmobile,131
Hutchinson,46067,2020,titles,2583
Hutchinson,46067,2020,trailer,3110
Hutchinson,46067,2020,truck,922
Hutchinson,46067,2019,boat,495
Hutchinson,46067,2019,bus,12
Hutchinson,46067,2019,commercial_plate,416
Hutchinson,46067,2019,electric,4
Hutchinson,46067,2019,gross_vehicle_weight,744
Hutchinson,46067,2019,gross_vehicle_weight,742
Hutchinson,46067,2019,irp_with_prorate_plate,89
Hutchinson,46067,2019,motorcycle,317
Hutchinson,46067,2019,off_road,504
Hutchinson,46067,2019,passenger_low_speed,3030
Hutchinson,46067,2019,pickup_suv_van,6433
Hutchinson,46067,2019,recreational,41
Hutchinson,46067,2019,snowmobile,127
Hutchinson,46067,2019,titles,2508
Hutchinson,46067,2019,trailer,2977
Hutchinson,46067,2019,truck,893
Hutchinson,46067,2019,truck,894
Hutchinson,46067,2018,boat,519
Hutchinson,46067,2018,bus,20
Hutchinson,46067,2018,commercial_plate,438
Hutchinson,46067,2018,electric,3
Hutchinson,46067,2018,gross_vehicle_weight,793
Hutchinson,46067,2018,gross_vehicle_weight,790
Hutchinson,46067,2018,irp_with_prorate_plate,88
Hutchinson,46067,2018,motorcycle,323
Hutchinson,46067,2018,off_road,463
Hutchinson,46067,2018,passenger_low_speed,3127
Hutchinson,46067,2018,pickup_suv_van,6291
Hutchinson,46067,2018,recreational,49
Hutchinson,46067,2018,snowmobile,145
Hutchinson,46067,2018,titles,2524
Hutchinson,46067,2018,trailer,2979
Hutchinson,46067,2018,truck,986
Hutchinson,46067,2017,boat,531
Hutchinson,46067,2017,bus,17
Hutchinson,46067,2017,commercial_plate,439
Hutchinson,46067,2017,electric,3
Hutchinson,46067,2017,gross_vehicle_weight,789
Hutchinson,46067,2017,irp_with_prorate_plate,87
Hutchinson,46067,2017,motorcycle,328
Hutchinson,46067,2017,off_road,461
Hutchinson,46067,2017,passenger_low_speed,3318
Hutchinson,46067,2017,pickup_suv_van,6151
Hutchinson,46067,2017,recreational,43
Hutchinson,46067,2017,snowmobile,147
Hutchinson,46067,2017,titles,2548
Hutchinson,46067,2017,trailer,2931
Hutchinson,46067,2017,truck,945
Hutchinson,46067,2016,boat,509
Hutchinson,46067,2016,bus,9
Hutchinson,46067,2016,commercial_plate,398
Hutchinson,46067,2016,electric,2
Hutchinson,46067,2016,gross_vehicle_weight,782
Hutchinson,46067,2016,irp_with_prorate_plate,82
Hutchinson,46067,2016,motorcycle,327
Hutchinson,46067,2016,off_road,424
Hutchinson,46067,2016,passenger_low_speed,3531
Hutchinson,46067,2016,pickup_suv_van,5974
Hutchinson,46067,2016,recreational,46
Hutchinson,46067,2016,snowmobile,178
Hutchinson,46067,2016,titles,2586
Hutchinson,46067,2016,trailer,2959
Hutchinson,46067,2016,truck,924
Hutchinson,46067,2015,boat,505
Hutchinson,46067,2015,bus,4
Hutchinson,46067,2015,commercial_plate,427
Hutchinson,46067,2015,electric,0
Hutchinson,46067,2015,gross_vehicle_weight,820
Hutchinson,46067,2015,irp_with_prorate_plate,84
Hutchinson,46067,2015,motorcycle,345
Hutchinson,46067,2015,off_road,404
Hutchinson,46067,2015,passenger_low_speed,3612
Hutchinson,46067,2015,pickup_suv_van,5881
Hutchinson,46067,2015,recreational,47
Hutchinson,46067,2015,snowmobile,165
Hutchinson,46067,2015,titles,2795
Hutchinson,46067,2015,trailer,2911
Hutchinson,46067,2015,truck,1003
Hyde,46069,2025,boat,14
Hyde,46069,2025,bus,0
Hyde,46069,2025,commercial_plate,3
Hyde,46069,2025,electric,1
Hyde,46069,2025,gross_vehicle_weight,29
Hyde,46069,2025,irp_with_prorate_plate,0
Hyde,46069,2025,motorcycle,18
Hyde,46069,2025,off_road,14
Hyde,46069,2025,passenger_low_speed,53
Hyde,46069,2025,pickup_suv_van,228
Hyde,46069,2025,recreational,1
Hyde,46069,2025,snowmobile,4
Hyde,46069,2025,titles,38
Hyde,46069,2025,trailer,141
Hyde,46069,2025,truck,29
Hyde,46069,2024,boat,101
Hyde,46069,2024,bus,3
Hyde,46069,2024,commercial_plate,110
Hyde,46069,2024,electric,4
Hyde,46069,2024,gross_vehicle_weight,237
Hyde,46069,2024,irp_with_prorate_plate,5
Hyde,46069,2024,motorcycle,86
Hyde,46069,2024,off_road,132
Hyde,46069,2024,passenger_low_speed,416
Hyde,46069,2024,pickup_suv_van,1526
Hyde,46069,2024,recreational,12
Hyde,46069,2024,snowmobile,38
Hyde,46069,2024,titles,643
Hyde,46069,2024,trailer,915
Hyde,46069,2024,truck,266
Hyde,46069,2023,boat,113
Hyde,46069,2023,bus,2
Hyde,46069,2023,commercial_plate,133
Hyde,46069,2023,electric,7
Hyde,46069,2023,gross_vehicle_weight,242
Hyde,46069,2023,irp_with_prorate_plate,6
Hyde,46069,2023,motorcycle,79
Hyde,46069,2023,off_road,139
Hyde,46069,2023,passenger_low_speed,470
Hyde,46069,2023,pickup_suv_van,1655
Hyde,46069,2023,recreational,16
Hyde,46069,2023,snowmobile,77
Hyde,46069,2023,titles,733
Hyde,46069,2023,trailer,991
Hyde,46069,2023,truck,275
Hyde,46069,2022,boat,95
Hyde,46069,2022,bus,9
Hyde,46069,2022,commercial_plate,166
Hyde,46069,2022,electric,1
Hyde,46069,2022,gross_vehicle_weight,235
Hyde,46069,2022,gross_vehicle_weight,236
Hyde,46069,2022,irp_with_prorate_plate,6
Hyde,46069,2022,motorcycle,76
Hyde,46069,2022,off_road,137
Hyde,46069,2022,passenger_low_speed,475
Hyde,46069,2022,pickup_suv_van,1590
Hyde,46069,2022,pickup_suv_van,1591
Hyde,46069,2022,recreational,12
Hyde,46069,2022,snowmobile,33
Hyde,46069,2022,titles,677
Hyde,46069,2022,trailer,944
Hyde,46069,2022,truck,275
Hyde,46069,2021,boat,122
Hyde,46069,2021,bus,6
Hyde,46069,2021,commercial_plate,157
Hyde,46069,2021,electric,2
Hyde,46069,2021,gross_vehicle_weight,262
Hyde,46069,2021,gross_vehicle_weight,263
Hyde,46069,2021,irp_with_prorate_plate,4
Hyde,46069,2021,motorcycle,89
Hyde,46069,2021,off_road,130
Hyde,46069,2021,passenger_low_speed,509
Hyde,46069,2021,pickup_suv_van,1624
Hyde,46069,2021,recreational,16
Hyde,46069,2021,snowmobile,46
Hyde,46069,2021,titles,713
Hyde,46069,2021,trailer,1008
Hyde,46069,2021,truck,297
Hyde,46069,2020,boat,130
Hyde,46069,2020,bus,5
Hyde,46069,2020,commercial_plate,164
Hyde,46069,2020,electric,2
Hyde,46069,2020,gross_vehicle_weight,248
Hyde,46069,2020,gross_vehicle_weight,250
Hyde,46069,2020,irp_with_prorate_plate,3
Hyde,46069,2020,motorcycle,92
Hyde,46069,2020,off_road,118
Hyde,46069,2020,passenger_low_speed,558
Hyde,46069,2020,pickup_suv_van,1563
Hyde,46069,2020,recreational,19
Hyde,46069,2020,snowmobile,40
Hyde,46069,2020,titles,695
Hyde,46069,2020,trailer,942
Hyde,46069,2020,truck,284
Hyde,46069,2019,boat,110
Hyde,46069,2019,bus,5
Hyde,46069,2019,commercial_plate,179
Hyde,46069,2019,electric,3
Hyde,46069,2019,gross_vehicle_weight,259
Hyde,46069,2019,gross_vehicle_weight,261
Hyde,46069,2019,irp_with_prorate_plate,2
Hyde,46069,2019,motorcycle,79
Hyde,46069,2019,off_road,108
Hyde,46069,2019,passenger_low_speed,558
Hyde,46069,2019,pickup_suv_van,1604
Hyde,46069,2019,recreational,15
Hyde,46069,2019,snowmobile,46
Hyde,46069,2019,titles,701
Hyde,46069,2019,trailer,937
Hyde,46069,2019,truck,293
Hyde,46069,2018,boat,111
Hyde,46069,2018,bus,14
Hyde,46069,2018,commercial_plate,186
Hyde,46069,2018,electric,3
Hyde,46069,2018,gross_vehicle_weight,283
Hyde,46069,2018,gross_vehicle_weight,284
Hyde,46069,2018,irp_with_prorate_plate,3
Hyde,46069,2018,motorcycle,80
Hyde,46069,2018,off_road,113
Hyde,46069,2018,passenger_low_speed,571
Hyde,46069,2018,pickup_suv_van,1632
Hyde,46069,2018,recreational,14
Hyde,46069,2018,snowmobile,50
Hyde,46069,2018,titles,653
Hyde,46069,2018,trailer,965
Hyde,46069,2018,truck,336
Hyde,46069,2017,boat,123
Hyde,46069,2017,bus,4
Hyde,46069,2017,commercial_plate,149
Hyde,46069,2017,electric,0
Hyde,46069,2017,gross_vehicle_weight,275
Hyde,46069,2017,irp_with_prorate_plate,5
Hyde,46069,2017,motorcycle,90
Hyde,46069,2017,off_road,97
Hyde,46069,2017,passenger_low_speed,578
Hyde,46069,2017,pickup_suv_van,1540
Hyde,46069,2017,recreational,14
Hyde,46069,2017,snowmobile,59
Hyde,46069,2017,titles,732
Hyde,46069,2017,trailer,928
Hyde,46069,2017,truck,307
Hyde,46069,2016,boat,120
Hyde,46069,2016,bus,15
Hyde,46069,2016,commercial_plate,179
Hyde,46069,2016,electric,0
Hyde,46069,2016,gross_vehicle_weight,286
Hyde,46069,2016,irp_with_prorate_plate,3
Hyde,46069,2016,motorcycle,81
Hyde,46069,2016,off_road,88
Hyde,46069,2016,passenger_low_speed,655
Hyde,46069,2016,pickup_suv_van,1580
Hyde,46069,2016,recreational,20
Hyde,46069,2016,snowmobile,57
Hyde,46069,2016,titles,753
Hyde,46069,2016,trailer,948
Hyde,46069,2016,truck,334
Hyde,46069,2015,boat,112
Hyde,46069,2015,bus,6
Hyde,46069,2015,commercial_plate,185
Hyde,46069,2015,electric,1
Hyde,46069,2015,gross_vehicle_weight,321
Hyde,46069,2015,irp_with_prorate_plate,2
Hyde,46069,2015,motorcycle,92
Hyde,46069,2015,off_road,101
Hyde,46069,2015,passenger_low_speed,647
Hyde,46069,2015,pickup_suv_van,1645
Hyde,46069,2015,recreational,20
Hyde,46069,2015,snowmobile,56
Hyde,46069,2015,titles,894
Hyde,46069,2015,trailer,913
Hyde,46069,2015,truck,354
Jackson,46071,2025,boat,6
Jackson,46071,2025,bus,0
Jackson,46071,2025,commercial_plate,3
Jackson,46071,2025,electric,0
Jackson,46071,2025,gross_vehicle_weight,34
Jackson,46071,2025,irp_with_prorate_plate,0
Jackson,46071,2025,motorcycle,9
Jackson,46071,2025,off_road,7
Jackson,46071,2025,passenger_low_speed,78
Jackson,46071,2025,pickup_suv_van,303
Jackson,46071,2025,recreational,0
Jackson,46071,2025,snowmobile,9
Jackson,46071,2025,titles,45
Jackson,46071,2025,trailer,144
Jackson,46071,2025,truck,21
Jackson,46071,2024,boat,60
Jackson,46071,2024,bus,0
Jackson,46071,2024,commercial_plate,41
Jackson,46071,2024,electric,1
Jackson,46071,2024,gross_vehicle_weight,379
Jackson,46071,2024,irp_with_prorate_plate,7
Jackson,46071,2024,motorcycle,88
Jackson,46071,2024,off_road,76
Jackson,46071,2024,passenger_low_speed,768
Jackson,46071,2024,pickup_suv_van,2212
Jackson,46071,2024,recreational,13
Jackson,46071,2024,snowmobile,18
Jackson,46071,2024,titles,841
Jackson,46071,2024,trailer,918
Jackson,46071,2024,truck,273
Jackson,46071,2023,boat,55
Jackson,46071,2023,bus,2
Jackson,46071,2023,commercial_plate,50
Jackson,46071,2023,electric,0
Jackson,46071,2023,gross_vehicle_weight,384
Jackson,46071,2023,irp_with_prorate_plate,8
Jackson,46071,2023,motorcycle,79
Jackson,46071,2023,off_road,70
Jackson,46071,2023,passenger_low_speed,789
Jackson,46071,2023,pickup_suv_van,2262
Jackson,46071,2023,recreational,16
Jackson,46071,2023,snowmobile,25
Jackson,46071,2023,titles,967
Jackson,46071,2023,trailer,958
Jackson,46071,2023,truck,286
Jackson,46071,2022,boat,59
Jackson,46071,2022,bus,2
Jackson,46071,2022,commercial_plate,51
Jackson,46071,2022,electric,0
Jackson,46071,2022,gross_vehicle_weight,354
Jackson,46071,2022,gross_vehicle_weight,357
Jackson,46071,2022,irp_with_prorate_plate,11
Jackson,46071,2022,motorcycle,77
Jackson,46071,2022,off_road,63
Jackson,46071,2022,off_road,64
Jackson,46071,2022,passenger_low_speed,864
Jackson,46071,2022,pickup_suv_van,2247
Jackson,46071,2022,pickup_suv_van,2257
Jackson,46071,2022,recreational,19
Jackson,46071,2022,snowmobile,24
Jackson,46071,2022,titles,913
Jackson,46071,2022,trailer,957
Jackson,46071,2022,truck,275
Jackson,46071,2021,boat,61
Jackson,46071,2021,bus,0
Jackson,46071,2021,commercial_plate,57
Jackson,46071,2021,electric,0
Jackson,46071,2021,gross_vehicle_weight,359
Jackson,46071,2021,gross_vehicle_weight,358
Jackson,46071,2021,irp_with_prorate_plate,7
Jackson,46071,2021,motorcycle,85
Jackson,46071,2021,off_road,52
Jackson,46071,2021,passenger_low_speed,904
Jackson,46071,2021,pickup_suv_van,2250
Jackson,46071,2021,recreational,18
Jackson,46071,2021,snowmobile,22
Jackson,46071,2021,titles,1043
Jackson,46071,2021,trailer,932
Jackson,46071,2021,truck,277
Jackson,46071,2020,boat,63
Jackson,46071,2020,bus,3
Jackson,46071,2020,commercial_plate,60
Jackson,46071,2020,electric,0
Jackson,46071,2020,gross_vehicle_weight,355
Jackson,46071,2020,gross_vehicle_weight,357
Jackson,46071,2020,irp_with_prorate_plate,6
Jackson,46071,2020,motorcycle,75
Jackson,46071,2020,off_road,59
Jackson,46071,2020,passenger_low_speed,896
Jackson,46071,2020,pickup_suv_van,2142
Jackson,46071,2020,recreational,22
Jackson,46071,2020,snowmobile,27
Jackson,46071,2020,titles,986
Jackson,46071,2020,trailer,893
Jackson,46071,2020,truck,271
Jackson,46071,2019,boat,63
Jackson,46071,2019,bus,1
Jackson,46071,2019,commercial_plate,52
Jackson,46071,2019,electric,0
Jackson,46071,2019,gross_vehicle_weight,330
Jackson,46071,2019,gross_vehicle_weight,331
Jackson,46071,2019,irp_with_prorate_plate,4
Jackson,46071,2019,motorcycle,74
Jackson,46071,2019,off_road,48
Jackson,46071,2019,passenger_low_speed,881
Jackson,46071,2019,pickup_suv_van,2041
Jackson,46071,2019,recreational,15
Jackson,46071,2019,snowmobile,44
Jackson,46071,2019,titles,862
Jackson,46071,2019,trailer,855
Jackson,46071,2019,truck,254
Jackson,46071,2018,boat,63
Jackson,46071,2018,bus,4
Jackson,46071,2018,commercial_plate,53
Jackson,46071,2018,electric,0
Jackson,46071,2018,gross_vehicle_weight,326
Jackson,46071,2018,gross_vehicle_weight,329
Jackson,46071,2018,irp_with_prorate_plate,7
Jackson,46071,2018,motorcycle,86
Jackson,46071,2018,off_road,44
Jackson,46071,2018,passenger_low_speed,909
Jackson,46071,2018,pickup_suv_van,2031
Jackson,46071,2018,recreational,18
Jackson,46071,2018,snowmobile,44
Jackson,46071,2018,titles,937
Jackson,46071,2018,trailer,863
Jackson,46071,2018,truck,272
Jackson,46071,2017,boat,62
Jackson,46071,2017,bus,1
Jackson,46071,2017,commercial_plate,50
Jackson,46071,2017,electric,0
Jackson,46071,2017,gross_vehicle_weight,329
Jackson,46071,2017,irp_with_prorate_plate,11
Jackson,46071,2017,motorcycle,80
Jackson,46071,2017,off_road,52
Jackson,46071,2017,passenger_low_speed,957
Jackson,46071,2017,pickup_suv_van,1957
Jackson,46071,2017,recreational,17
Jackson,46071,2017,snowmobile,18
Jackson,46071,2017,titles,925
Jackson,46071,2017,trailer,841
Jackson,46071,2017,truck,258
Jackson,46071,2016,boat,75
Jackson,46071,2016,bus,1
Jackson,46071,2016,commercial_plate,54
Jackson,46071,2016,electric,0
Jackson,46071,2016,gross_vehicle_weight,346
Jackson,46071,2016,irp_with_prorate_plate,4
Jackson,46071,2016,motorcycle,89
Jackson,46071,2016,off_road,51
Jackson,46071,2016,passenger_low_speed,1059
Jackson,46071,2016,pickup_suv_van,2119
Jackson,46071,2016,recreational,16
Jackson,46071,2016,snowmobile,19
Jackson,46071,2016,titles,1001
Jackson,46071,2016,trailer,962
Jackson,46071,2016,truck,266
Jackson,46071,2015,boat,63
Jackson,46071,2015,bus,20
Jackson,46071,2015,commercial_plate,51
Jackson,46071,2015,electric,0
Jackson,46071,2015,gross_vehicle_weight,341
Jackson,46071,2015,irp_with_prorate_plate,6
Jackson,46071,2015,motorcycle,85
Jackson,46071,2015,off_road,48
Jackson,46071,2015,passenger_low_speed,1050
Jackson,46071,2015,pickup_suv_van,2194
Jackson,46071,2015,recreational,24
Jackson,46071,2015,snowmobile,18
Jackson,46071,2015,titles,1213
Jackson,46071,2015,trailer,964
Jackson,46071,2015,truck,284
Jerauld,46073,2025,boat,8
Jerauld,46073,2025,bus,0
Jerauld,46073,2025,commercial_plate,19
Jerauld,46073,2025,electric,0
Jerauld,46073,2025,gross_vehicle_weight,43
Jerauld,46073,2025,irp_with_prorate_plate,21
Jerauld,46073,2025,motorcycle,7
Jerauld,46073,2025,off_road,23
Jerauld,46073,2025,passenger_low_speed,48
Jerauld,46073,2025,pickup_suv_van,236
Jerauld,46073,2025,recreational,0
Jerauld,46073,2025,snowmobile,6
Jerauld,46073,2025,titles,36
Jerauld,46073,2025,trailer,125
Jerauld,46073,2025,truck,55
Jerauld,46073,2024,boat,156
Jerauld,46073,2024,bus,6
Jerauld,46073,2024,commercial_plate,106
Jerauld,46073,2024,electric,1
Jerauld,46073,2024,gross_vehicle_weight,504
Jerauld,46073,2024,irp_with_prorate_plate,42
Jerauld,46073,2024,motorcycle,100
Jerauld,46073,2024,off_road,204
Jerauld,46073,2024,passenger_low_speed,592
Jerauld,46073,2024,pickup_suv_van,2197
Jerauld,46073,2024,recreational,21
Jerauld,46073,2024,snowmobile,13
Jerauld,46073,2024,titles,961
Jerauld,46073,2024,trailer,1255
Jerauld,46073,2024,truck,401
Jerauld,46073,2023,boat,145
Jerauld,46073,2023,bus,7
Jerauld,46073,2023,commercial_plate,108
Jerauld,46073,2023,electric,1
Jerauld,46073,2023,gross_vehicle_weight,497
Jerauld,46073,2023,irp_with_prorate_plate,55
Jerauld,46073,2023,motorcycle,82
Jerauld,46073,2023,off_road,183
Jerauld,46073,2023,passenger_low_speed,673
Jerauld,46073,2023,pickup_suv_van,2206
Jerauld,46073,2023,recreational,24
Jerauld,46073,2023,snowmobile,27
Jerauld,46073,2023,titles,920
Jerauld,46073,2023,trailer,1265
Jerauld,46073,2023,truck,432
Jerauld,46073,2022,boat,146
Jerauld,46073,2022,bus,16
Jerauld,46073,2022,commercial_plate,97
Jerauld,46073,2022,electric,2
Jerauld,46073,2022,gross_vehicle_weight,495
Jerauld,46073,2022,gross_vehicle_weight,493
Jerauld,46073,2022,irp_with_prorate_plate,50
Jerauld,46073,2022,motorcycle,90
Jerauld,46073,2022,off_road,183
Jerauld,46073,2022,passenger_low_speed,679
Jerauld,46073,2022,pickup_suv_van,2124
Jerauld,46073,2022,pickup_suv_van,2125
Jerauld,46073,2022,recreational,28
Jerauld,46073,2022,snowmobile,19
Jerauld,46073,2022,titles,859
Jerauld,46073,2022,trailer,1222
Jerauld,46073,2022,truck,420
Jerauld,46073,2021,boat,149
Jerauld,46073,2021,bus,11
Jerauld,46073,2021,commercial_plate,95
Jerauld,46073,2021,electric,2
Jerauld,46073,2021,gross_vehicle_weight,477
Jerauld,46073,2021,gross_vehicle_weight,479
Jerauld,46073,2021,irp_with_prorate_plate,46
Jerauld,46073,2021,motorcycle,93
Jerauld,46073,2021,off_road,190
Jerauld,46073,2021,passenger_low_speed,715
Jerauld,46073,2021,pickup_suv_van,2122
Jerauld,46073,2021,recreational,23
Jerauld,46073,2021,snowmobile,17
Jerauld,46073,2021,titles,1048
Jerauld,46073,2021,trailer,1223
Jerauld,46073,2021,truck,426
Jerauld,46073,2020,boat,144
Jerauld,46073,2020,bus,10
Jerauld,46073,2020,commercial_plate,101
Jerauld,46073,2020,electric,0
Jerauld,46073,2020,gross_vehicle_weight,432
Jerauld,46073,2020,gross_vehicle_weight,435
Jerauld,46073,2020,irp_with_prorate_plate,58
Jerauld,46073,2020,motorcycle,80
Jerauld,46073,2020,off_road,182
Jerauld,46073,2020,passenger_low_speed,747
Jerauld,46073,2020,pickup_suv_van,2085
Jerauld,46073,2020,recreational,15
Jerauld,46073,2020,snowmobile,25
Jerauld,46073,2020,titles,941
Jerauld,46073,2020,trailer,1135
Jerauld,46073,2020,truck,429
Jerauld,46073,2019,boat,119
Jerauld,46073,2019,bus,6
Jerauld,46073,2019,commercial_plate,106
Jerauld,46073,2019,electric,1
Jerauld,46073,2019,gross_vehicle_weight,423
Jerauld,46073,2019,gross_vehicle_weight,428
Jerauld,46073,2019,irp_with_prorate_plate,54
Jerauld,46073,2019,motorcycle,74
Jerauld,46073,2019,off_road,163
Jerauld,46073,2019,passenger_low_speed,762
Jerauld,46073,2019,pickup_suv_van,2037
Jerauld,46073,2019,recreational,20
Jerauld,46073,2019,snowmobile,18
Jerauld,46073,2019,titles,905
Jerauld,46073,2019,trailer,1092
Jerauld,46073,2019,truck,453
Jerauld,46073,2018,boat,123
Jerauld,46073,2018,bus,18
Jerauld,46073,2018,commercial_plate,117
Jerauld,46073,2018,electric,1
Jerauld,46073,2018,gross_vehicle_weight,407
Jerauld,46073,2018,gross_vehicle_weight,411
Jerauld,46073,2018,irp_with_prorate_plate,26
Jerauld,46073,2018,motorcycle,80
Jerauld,46073,2018,off_road,175
Jerauld,46073,2018,passenger_low_speed,808
Jerauld,46073,2018,pickup_suv_van,2078
Jerauld,46073,2018,recreational,16
Jerauld,46073,2018,snowmobile,31
Jerauld,46073,2018,titles,915
Jerauld,46073,2018,trailer,1139
Jerauld,46073,2018,truck,420
Jerauld,46073,2017,boat,134
Jerauld,46073,2017,bus,9
Jerauld,46073,2017,commercial_plate,115
Jerauld,46073,2017,electric,1
Jerauld,46073,2017,gross_vehicle_weight,420
Jerauld,46073,2017,irp_with_prorate_plate,28
Jerauld,46073,2017,motorcycle,91
Jerauld,46073,2017,off_road,173
Jerauld,46073,2017,passenger_low_speed,861
Jerauld,46073,2017,pickup_suv_van,1995
Jerauld,46073,2017,recreational,22
Jerauld,46073,2017,snowmobile,35
Jerauld,46073,2017,titles,969
Jerauld,46073,2017,trailer,1127
Jerauld,46073,2017,truck,432
Jerauld,46073,2016,boat,130
Jerauld,46073,2016,bus,8
Jerauld,46073,2016,commercial_plate,127
Jerauld,46073,2016,electric,2
Jerauld,46073,2016,gross_vehicle_weight,420
Jerauld,46073,2016,irp_with_prorate_plate,23
Jerauld,46073,2016,motorcycle,81
Jerauld,46073,2016,off_road,167
Jerauld,46073,2016,passenger_low_speed,871
Jerauld,46073,2016,pickup_suv_van,2002
Jerauld,46073,2016,recreational,22
Jerauld,46073,2016,snowmobile,32
Jerauld,46073,2016,titles,1026
Jerauld,46073,2016,trailer,1103
Jerauld,46073,2016,truck,431
Jerauld,46073,2015,boat,139
Jerauld,46073,2015,bus,4
Jerauld,46073,2015,commercial_plate,130
Jerauld,46073,2015,electric,2
Jerauld,46073,2015,gross_vehicle_weight,428
Jerauld,46073,2015,irp_with_prorate_plate,16
Jerauld,46073,2015,motorcycle,79
Jerauld,46073,2015,off_road,171
Jerauld,46073,2015,passenger_low_speed,894
Jerauld,46073,2015,pickup_suv_van,2012
Jerauld,46073,2015,recreational,21
Jerauld,46073,2015,snowmobile,40
Jerauld,46073,2015,titles,1154
Jerauld,46073,2015,trailer,1116
Jerauld,46073,2015,truck,433
Jones,46075,2025,boat,7
Jones,46075,2025,bus,0
Jones,46075,2025,commercial_plate,0
Jones,46075,2025,electric,0
Jones,46075,2025,gross_vehicle_weight,32
Jones,46075,2025,irp_with_prorate_plate,0
Jones,46075,2025,motorcycle,9
Jones,46075,2025,off_road,8
Jones,46075,2025,passenger_low_speed,34
Jones,46075,2025,pickup_suv_van,180
Jones,46075,2025,recreational,0
Jones,46075,2025,snowmobile,1
Jones,46075,2025,titles,22
Jones,46075,2025,trailer,91
Jones,46075,2025,truck,28
Jones,46075,2024,boat,43
Jones,46075,2024,bus,3
Jones,46075,2024,commercial_plate,83
Jones,46075,2024,electric,2
Jones,46075,2024,gross_vehicle_weight,171
Jones,46075,2024,irp_with_prorate_plate,6
Jones,46075,2024,motorcycle,66
Jones,46075,2024,off_road,85
Jones,46075,2024,passenger_low_speed,357
Jones,46075,2024,pickup_suv_van,1254
Jones,46075,2024,recreational,5
Jones,46075,2024,snowmobile,8
Jones,46075,2024,titles,504
Jones,46075,2024,trailer,649
Jones,46075,2024,truck,203
Jones,46075,2023,boat,54
Jones,46075,2023,bus,3
Jones,46075,2023,commercial_plate,72
Jones,46075,2023,electric,6
Jones,46075,2023,gross_vehicle_weight,192
Jones,46075,2023,irp_with_prorate_plate,4
Jones,46075,2023,motorcycle,55
Jones,46075,2023,off_road,83
Jones,46075,2023,passenger_low_speed,347
Jones,46075,2023,pickup_suv_van,1321
Jones,46075,2023,recreational,5
Jones,46075,2023,snowmobile,12
Jones,46075,2023,titles,654
Jones,46075,2023,trailer,700
Jones,46075,2023,truck,218
Jones,46075,2022,boat,44
Jones,46075,2022,bus,0
Jones,46075,2022,commercial_plate,54
Jones,46075,2022,electric,2
Jones,46075,2022,gross_vehicle_weight,185
Jones,46075,2022,gross_vehicle_weight,189
Jones,46075,2022,irp_with_prorate_plate,4
Jones,46075,2022,motorcycle,52
Jones,46075,2022,off_road,83
Jones,46075,2022,passenger_low_speed,373
Jones,46075,2022,pickup_suv_van,1264
Jones,46075,2022,pickup_suv_van,1265
Jones,46075,2022,recreational,7
Jones,46075,2022,snowmobile,7
Jones,46075,2022,titles,545
Jones,46075,2022,trailer,710
Jones,46075,2022,truck,198
Jones,46075,2021,boat,48
Jones,46075,2021,bus,1
Jones,46075,2021,commercial_plate,83
Jones,46075,2021,electric,0
Jones,46075,2021,gross_vehicle_weight,168
Jones,46075,2021,irp_with_prorate_plate,6
Jones,46075,2021,motorcycle,62
Jones,46075,2021,off_road,71
Jones,46075,2021,passenger_low_speed,398
Jones,46075,2021,pickup_suv_van,1281
Jones,46075,2021,recreational,6
Jones,46075,2021,snowmobile,17
Jones,46075,2021,titles,606
Jones,46075,2021,trailer,676
Jones,46075,2021,truck,195
Jones,46075,2020,boat,41
Jones,46075,2020,bus,1
Jones,46075,2020,commercial_plate,73
Jones,46075,2020,electric,0
Jones,46075,2020,gross_vehicle_weight,181
Jones,46075,2020,irp_with_prorate_plate,5
Jones,46075,2020,motorcycle,59
Jones,46075,2020,off_road,73
Jones,46075,2020,passenger_low_speed,414
Jones,46075,2020,pickup_suv_van,1226
Jones,46075,2020,recreational,8
Jones,46075,2020,snowmobile,19
Jones,46075,2020,titles,484
Jones,46075,2020,trailer,647
Jones,46075,2020,truck,205
Jones,46075,2019,boat,24
Jones,46075,2019,bus,0
Jones,46075,2019,commercial_plate,87
Jones,46075,2019,electric,0
Jones,46075,2019,gross_vehicle_weight,164
Jones,46075,2019,gross_vehicle_weight,162
Jones,46075,2019,irp_with_prorate_plate,8
Jones,46075,2019,motorcycle,63
Jones,46075,2019,off_road,68
Jones,46075,2019,passenger_low_speed,451
Jones,46075,2019,pickup_suv_van,1224
Jones,46075,2019,recreational,6
Jones,46075,2019,snowmobile,13
Jones,46075,2019,titles,557
Jones,46075,2019,trailer,617
Jones,46075,2019,truck,201
Jones,46075,2018,boat,32
Jones,46075,2018,bus,3
Jones,46075,2018,commercial_plate,85
Jones,46075,2018,electric,0
Jones,46075,2018,gross_vehicle_weight,168
Jones,46075,2018,irp_with_prorate_plate,10
Jones,46075,2018,motorcycle,64
Jones,46075,2018,off_road,76
Jones,46075,2018,passenger_low_speed,507
Jones,46075,2018,pickup_suv_van,1228
Jones,46075,2018,recreational,8
Jones,46075,2018,snowmobile,17
Jones,46075,2018,titles,542
Jones,46075,2018,trailer,636
Jones,46075,2018,truck,223
Jones,46075,2017,boat,32
Jones,46075,2017,bus,1
Jones,46075,2017,commercial_plate,83
Jones,46075,2017,electric,0
Jones,46075,2017,gross_vehicle_weight,167
Jones,46075,2017,irp_with_prorate_plate,7
Jones,46075,2017,motorcycle,61
Jones,46075,2017,off_road,70
Jones,46075,2017,passenger_low_speed,501
Jones,46075,2017,pickup_suv_van,1180
Jones,46075,2017,recreational,11
Jones,46075,2017,snowmobile,12
Jones,46075,2017,titles,585
Jones,46075,2017,trailer,625
Jones,46075,2017,truck,205
Jones,46075,2016,boat,33
Jones,46075,2016,bus,1
Jones,46075,2016,commercial_plate,93
Jones,46075,2016,electric,0
Jones,46075,2016,gross_vehicle_weight,197
Jones,46075,2016,irp_with_prorate_plate,10
Jones,46075,2016,motorcycle,58
Jones,46075,2016,off_road,66
Jones,46075,2016,passenger_low_speed,568
Jones,46075,2016,pickup_suv_van,1237
Jones,46075,2016,recreational,9
Jones,46075,2016,snowmobile,14
Jones,46075,2016,titles,599
Jones,46075,2016,trailer,667
Jones,46075,2016,truck,243
Jones,46075,2015,boat,34
Jones,46075,2015,bus,30
Jones,46075,2015,commercial_plate,88
Jones,46075,2015,electric,0
Jones,46075,2015,gross_vehicle_weight,168
Jones,46075,2015,irp_with_prorate_plate,10
Jones,46075,2015,motorcycle,56
Jones,46075,2015,off_road,57
Jones,46075,2015,passenger_low_speed,566
Jones,46075,2015,pickup_suv_van,1212
Jones,46075,2015,recreational,11
Jones,46075,2015,snowmobile,24
Jones,46075,2015,titles,698
Jones,46075,2015,trailer,654
Jones,46075,2015,truck,221
Kingsbury,46077,2025,boat,66
Kingsbury,46077,2025,bus,1
Kingsbury,46077,2025,commercial_plate,37
Kingsbury,46077,2025,electric,2
Kingsbury,46077,2025,gross_vehicle_weight,78
Kingsbury,46077,2025,irp_with_prorate_plate,6
Kingsbury,46077,2025,motorcycle,42
Kingsbury,46077,2025,off_road,106
Kingsbury,46077,2025,passenger_low_speed,188
Kingsbury,46077,2025,pickup_suv_van,803
Kingsbury,46077,2025,recreational,7
Kingsbury,46077,2025,snowmobile,43
Kingsbury,46077,2025,titles,123
Kingsbury,46077,2025,trailer,433
Kingsbury,46077,2025,truck,78
Kingsbury,46077,2024,boat,608
Kingsbury,46077,2024,bus,4
Kingsbury,46077,2024,commercial_plate,373
Kingsbury,46077,2024,electric,12
Kingsbury,46077,2024,gross_vehicle_weight,686
Kingsbury,46077,2024,irp_with_prorate_plate,30
Kingsbury,46077,2024,motorcycle,419
Kingsbury,46077,2024,off_road,749
Kingsbury,46077,2024,passenger_low_speed,1539
Kingsbury,46077,2024,pickup_suv_van,5762
Kingsbury,46077,2024,recreational,44
Kingsbury,46077,2024,snowmobile,141
Kingsbury,46077,2024,titles,2138
Kingsbury,46077,2024,trailer,3192
Kingsbury,46077,2024,truck,817
Kingsbury,46077,2023,boat,595
Kingsbury,46077,2023,bus,6
Kingsbury,46077,2023,commercial_plate,383
Kingsbury,46077,2023,electric,7
Kingsbury,46077,2023,gross_vehicle_weight,720
Kingsbury,46077,2023,irp_with_prorate_plate,32
Kingsbury,46077,2023,motorcycle,395
Kingsbury,46077,2023,off_road,729
Kingsbury,46077,2023,passenger_low_speed,1674
Kingsbury,46077,2023,pickup_suv_van,5835
Kingsbury,46077,2023,recreational,53
Kingsbury,46077,2023,snowmobile,175
Kingsbury,46077,2023,titles,2501
Kingsbury,46077,2023,trailer,3300
Kingsbury,46077,2023,truck,850
Kingsbury,46077,2022,boat,556
Kingsbury,46077,2022,bus,6
Kingsbury,46077,2022,commercial_plate,336
Kingsbury,46077,2022,electric,7
Kingsbury,46077,2022,gross_vehicle_weight,685
Kingsbury,46077,2022,gross_vehicle_weight,686
Kingsbury,46077,2022,irp_with_prorate_plate,33
Kingsbury,46077,2022,motorcycle,404
Kingsbury,46077,2022,off_road,727
Kingsbury,46077,2022,passenger_low_speed,1742
Kingsbury,46077,2022,passenger_low_speed,1745
Kingsbury,46077,2022,pickup_suv_van,5634
Kingsbury,46077,2022,pickup_suv_van,5637
Kingsbury,46077,2022,recreational,49
Kingsbury,46077,2022,snowmobile,170
Kingsbury,46077,2022,titles,2222
Kingsbury,46077,2022,trailer,3151
Kingsbury,46077,2022,truck,811
Kingsbury,46077,2021,boat,591
Kingsbury,46077,2021,bus,7
Kingsbury,46077,2021,commercial_plate,351
Kingsbury,46077,2021,electric,2
Kingsbury,46077,2021,gross_vehicle_weight,721
Kingsbury,46077,2021,gross_vehicle_weight,749
Kingsbury,46077,2021,irp_with_prorate_plate,28
Kingsbury,46077,2021,motorcycle,400
Kingsbury,46077,2021,off_road,737
Kingsbury,46077,2021,passenger_low_speed,1864
Kingsbury,46077,2021,pickup_suv_van,5730
Kingsbury,46077,2021,recreational,52
Kingsbury,46077,2021,snowmobile,174
Kingsbury,46077,2021,titles,2672
Kingsbury,46077,2021,trailer,3189
Kingsbury,46077,2021,truck,826
Kingsbury,46077,2020,boat,604
Kingsbury,46077,2020,bus,7
Kingsbury,46077,2020,commercial_plate,341
Kingsbury,46077,2020,electric,1
Kingsbury,46077,2020,gross_vehicle_weight,722
Kingsbury,46077,2020,gross_vehicle_weight,749
Kingsbury,46077,2020,irp_with_prorate_plate,41
Kingsbury,46077,2020,motorcycle,407
Kingsbury,46077,2020,off_road,705
Kingsbury,46077,2020,passenger_low_speed,1941
Kingsbury,46077,2020,pickup_suv_van,5525
Kingsbury,46077,2020,recreational,52
Kingsbury,46077,2020,snowmobile,226
Kingsbury,46077,2020,titles,2326
Kingsbury,46077,2020,trailer,3068
Kingsbury,46077,2020,truck,839
Kingsbury,46077,2019,boat,557
Kingsbury,46077,2019,bus,11
Kingsbury,46077,2019,commercial_plate,341
Kingsbury,46077,2019,electric,2
Kingsbury,46077,2019,gross_vehicle_weight,759
Kingsbury,46077,2019,gross_vehicle_weight,787
Kingsbury,46077,2019,irp_with_prorate_plate,36
Kingsbury,46077,2019,motorcycle,405
Kingsbury,46077,2019,off_road,658
Kingsbury,46077,2019,passenger_low_speed,2048
Kingsbury,46077,2019,pickup_suv_van,5318
Kingsbury,46077,2019,pickup_suv_van,5319
Kingsbury,46077,2019,recreational,54
Kingsbury,46077,2019,snowmobile,236
Kingsbury,46077,2019,titles,2238
Kingsbury,46077,2019,trailer,2991
Kingsbury,46077,2019,truck,876
Kingsbury,46077,2018,boat,571
Kingsbury,46077,2018,bus,26
Kingsbury,46077,2018,commercial_plate,337
Kingsbury,46077,2018,electric,0
Kingsbury,46077,2018,gross_vehicle_weight,798
Kingsbury,46077,2018,gross_vehicle_weight,811
Kingsbury,46077,2018,irp_with_prorate_plate,33
Kingsbury,46077,2018,motorcycle,378
Kingsbury,46077,2018,off_road,650
Kingsbury,46077,2018,passenger_low_speed,2091
Kingsbury,46077,2018,pickup_suv_van,5211
Kingsbury,46077,2018,recreational,50
Kingsbury,46077,2018,snowmobile,212
Kingsbury,46077,2018,titles,2368
Kingsbury,46077,2018,trailer,3053
Kingsbury,46077,2018,truck,926
Kingsbury,46077,2017,boat,596
Kingsbury,46077,2017,bus,10
Kingsbury,46077,2017,commercial_plate,326
Kingsbury,46077,2017,electric,1
Kingsbury,46077,2017,gross_vehicle_weight,809
Kingsbury,46077,2017,irp_with_prorate_plate,48
Kingsbury,46077,2017,motorcycle,408
Kingsbury,46077,2017,off_road,669
Kingsbury,46077,2017,passenger_low_speed,2269
Kingsbury,46077,2017,pickup_suv_van,5143
Kingsbury,46077,2017,recreational,63
Kingsbury,46077,2017,snowmobile,274
Kingsbury,46077,2017,titles,2425
Kingsbury,46077,2017,trailer,3017
Kingsbury,46077,2017,truck,939
Kingsbury,46077,2016,boat,608
Kingsbury,46077,2016,bus,6
Kingsbury,46077,2016,commercial_plate,351
Kingsbury,46077,2016,electric,1
Kingsbury,46077,2016,gross_vehicle_weight,826
Kingsbury,46077,2016,irp_with_prorate_plate,46
Kingsbury,46077,2016,motorcycle,404
Kingsbury,46077,2016,off_road,614
Kingsbury,46077,2016,passenger_low_speed,2421
Kingsbury,46077,2016,pickup_suv_van,5121
Kingsbury,46077,2016,recreational,60
Kingsbury,46077,2016,snowmobile,270
Kingsbury,46077,2016,titles,2414
Kingsbury,46077,2016,trailer,2980
Kingsbury,46077,2016,truck,967
Kingsbury,46077,2015,boat,603
Kingsbury,46077,2015,bus,53
Kingsbury,46077,2015,commercial_plate,341
Kingsbury,46077,2015,electric,1
Kingsbury,46077,2015,gross_vehicle_weight,868
Kingsbury,46077,2015,irp_with_prorate_plate,45
Kingsbury,46077,2015,motorcycle,398
Kingsbury,46077,2015,off_road,621
Kingsbury,46077,2015,passenger_low_speed,2439
Kingsbury,46077,2015,pickup_suv_van,5066
Kingsbury,46077,2015,recreational,69
Kingsbury,46077,2015,snowmobile,278
Kingsbury,46077,2015,titles,2590
Kingsbury,46077,2015,trailer,3039
Kingsbury,46077,2015,truck,1006
Lake,46079,2025,boat,130
Lake,46079,2025,bus,1
Lake,46079,2025,commercial_plate,117
Lake,46079,2025,electric,3
Lake,46079,2025,gross_vehicle_weight,66
Lake,46079,2025,irp_with_prorate_plate,12
Lake,46079,2025,motorcycle,60
Lake,46079,2025,off_road,135
Lake,46079,2025,passenger_low_speed,380
Lake,46079,2025,pickup_suv_van,1315
Lake,46079,2025,recreational,13
Lake,46079,2025,snowmobile,39
Lake,46079,2025,titles,208
Lake,46079,2025,trailer,474
Lake,46079,2025,truck,110
Lake,46079,2024,boat,1308
Lake,46079,2024,bus,14
Lake,46079,2024,commercial_plate,698
Lake,46079,2024,electric,35
Lake,46079,2024,gross_vehicle_weight,670
Lake,46079,2024,irp_with_prorate_plate,77
Lake,46079,2024,motorcycle,722
Lake,46079,2024,off_road,970
Lake,46079,2024,passenger_low_speed,3316
Lake,46079,2024,pickup_suv_van,9860
Lake,46079,2024,recreational,93
Lake,46079,2024,snowmobile,223
Lake,46079,2024,titles,3751
Lake,46079,2024,trailer,4335
Lake,46079,2024,truck,933
Lake,46079,2023,boat,1387
Lake,46079,2023,bus,9
Lake,46079,2023,commercial_plate,795
Lake,46079,2023,electric,34
Lake,46079,2023,gross_vehicle_weight,682
Lake,46079,2023,irp_with_prorate_plate,75
Lake,46079,2023,motorcycle,743
Lake,46079,2023,off_road,1015
Lake,46079,2023,passenger_low_speed,3612
Lake,46079,2023,pickup_suv_van,10262
Lake,46079,2023,recreational,110
Lake,46079,2023,snowmobile,283
Lake,46079,2023,titles,4584
Lake,46079,2023,trailer,4556
Lake,46079,2023,truck,965
Lake,46079,2022,boat,1337
Lake,46079,2022,bus,7
Lake,46079,2022,commercial_plate,742
Lake,46079,2022,electric,21
Lake,46079,2022,gross_vehicle_weight,721
Lake,46079,2022,gross_vehicle_weight,726
Lake,46079,2022,irp_with_prorate_plate,93
Lake,46079,2022,motorcycle,754
Lake,46079,2022,motorcycle,753
Lake,46079,2022,off_road,1003
Lake,46079,2022,off_road,1004
Lake,46079,2022,passenger_low_speed,3869
Lake,46079,2022,passenger_low_speed,3870
Lake,46079,2022,pickup_suv_van,9979
Lake,46079,2022,pickup_suv_van,9987
Lake,46079,2022,recreational,157
Lake,46079,2022,recreational,158
Lake,46079,2022,snowmobile,255
Lake,46079,2022,titles,4147
Lake,46079,2022,trailer,4544
Lake,46079,2022,truck,1010
Lake,46079,2021,boat,1444
Lake,46079,2021,bus,13
Lake,46079,2021,commercial_plate,724
Lake,46079,2021,electric,17
Lake,46079,2021,gross_vehicle_weight,740
Lake,46079,2021,gross_vehicle_weight,738
Lake,46079,2021,irp_with_prorate_plate,96
Lake,46079,2021,motorcycle,838
Lake,46079,2021,off_road,985
Lake,46079,2021,passenger_low_speed,4187
Lake,46079,2021,pickup_suv_van,10230
Lake,46079,2021,recreational,182
Lake,46079,2021,snowmobile,264
Lake,46079,2021,titles,5171
Lake,46079,2021,trailer,4681
Lake,46079,2021,truck,996
Lake,46079,2020,boat,1411
Lake,46079,2020,bus,15
Lake,46079,2020,commercial_plate,724
Lake,46079,2020,electric,12
Lake,46079,2020,gross_vehicle_weight,721
Lake,46079,2020,gross_vehicle_weight,724
Lake,46079,2020,irp_with_prorate_plate,103
Lake,46079,2020,motorcycle,809
Lake,46079,2020,off_road,936
Lake,46079,2020,passenger_low_speed,4487
Lake,46079,2020,pickup_suv_van,10035
Lake,46079,2020,recreational,205
Lake,46079,2020,snowmobile,274
Lake,46079,2020,titles,4723
Lake,46079,2020,trailer,4501
Lake,46079,2020,truck,989
Lake,46079,2019,boat,1333
Lake,46079,2019,bus,27
Lake,46079,2019,commercial_plate,740
Lake,46079,2019,electric,12
Lake,46079,2019,gross_vehicle_weight,769
Lake,46079,2019,gross_vehicle_weight,770
Lake,46079,2019,irp_with_prorate_plate,105
Lake,46079,2019,motorcycle,852
Lake,46079,2019,off_road,830
Lake,46079,2019,passenger_low_speed,4721
Lake,46079,2019,pickup_suv_van,9738
Lake,46079,2019,recreational,258
Lake,46079,2019,snowmobile,296
Lake,46079,2019,titles,4789
Lake,46079,2019,trailer,4475
Lake,46079,2019,truck,1059
Lake,46079,2019,truck,1060
Lake,46079,2018,boat,1390
Lake,46079,2018,bus,27
Lake,46079,2018,commercial_plate,689
Lake,46079,2018,electric,11
Lake,46079,2018,gross_vehicle_weight,852
Lake,46079,2018,gross_vehicle_weight,851
Lake,46079,2018,irp_with_prorate_plate,104
Lake,46079,2018,motorcycle,1098
Lake,46079,2018,off_road,835
Lake,46079,2018,passenger_low_speed,5635
Lake,46079,2018,pickup_suv_van,10929
Lake,46079,2018,recreational,740
Lake,46079,2018,snowmobile,265
Lake,46079,2018,titles,6012
Lake,46079,2018,trailer,5175
Lake,46079,2018,truck,1058
Lake,46079,2017,boat,1425
Lake,46079,2017,bus,13
Lake,46079,2017,commercial_plate,701
Lake,46079,2017,electric,8
Lake,46079,2017,gross_vehicle_weight,887
Lake,46079,2017,irp_with_prorate_plate,120
Lake,46079,2017,motorcycle,1158
Lake,46079,2017,off_road,808
Lake,46079,2017,passenger_low_speed,6020
Lake,46079,2017,pickup_suv_van,10956
Lake,46079,2017,recreational,965
Lake,46079,2017,snowmobile,259
Lake,46079,2017,titles,6439
Lake,46079,2017,trailer,5467
Lake,46079,2017,truck,1067
Lake,46079,2016,boat,1394
Lake,46079,2016,bus,14
Lake,46079,2016,commercial_plate,642
Lake,46079,2016,electric,9
Lake,46079,2016,gross_vehicle_weight,924
Lake,46079,2016,irp_with_prorate_plate,111
Lake,46079,2016,motorcycle,1141
Lake,46079,2016,off_road,780
Lake,46079,2016,passenger_low_speed,6273
Lake,46079,2016,pickup_suv_van,10591
Lake,46079,2016,recreational,970
Lake,46079,2016,snowmobile,306
Lake,46079,2016,titles,6720
Lake,46079,2016,trailer,5557
Lake,46079,2016,truck,1105
Lake,46079,2015,boat,1402
Lake,46079,2015,bus,86
Lake,46079,2015,commercial_plate,642
Lake,46079,2015,electric,7
Lake,46079,2015,gross_vehicle_weight,956
Lake,46079,2015,irp_with_prorate_plate,97
Lake,46079,2015,motorcycle,1111
Lake,46079,2015,off_road,741
Lake,46079,2015,passenger_low_speed,6427
Lake,46079,2015,pickup_suv_van,10132
Lake,46079,2015,recreational,915
Lake,46079,2015,snowmobile,304
Lake,46079,2015,titles,6515
Lake,46079,2015,trailer,5134
Lake,46079,2015,truck,1066
Lawrence,46081,2025,boat,149
Lawrence,46081,2025,bus,1
Lawrence,46081,2025,commercial_plate,185
Lawrence,46081,2025,electric,16
Lawrence,46081,2025,gross_vehicle_weight,43
Lawrence,46081,2025,irp_with_prorate_plate,5
Lawrence,46081,2025,motorcycle,421
Lawrence,46081,2025,off_road,549
Lawrence,46081,2025,passenger_low_speed,1231
Lawrence,46081,2025,pickup_suv_van,4156
Lawrence,46081,2025,recreational,99
Lawrence,46081,2025,snowmobile,195
Lawrence,46081,2025,titles,740
Lawrence,46081,2025,trailer,1197
Lawrence,46081,2025,truck,78
Lawrence,46081,2024,boat,1438
Lawrence,46081,2024,bus,29
Lawrence,46081,2024,commercial_plate,1315
Lawrence,46081,2024,electric,151
Lawrence,46081,2024,gross_vehicle_weight,545
Lawrence,46081,2024,irp_with_prorate_plate,35
Lawrence,46081,2024,motorcycle,4016
Lawrence,46081,2024,off_road,5232
Lawrence,46081,2024,passenger_low_speed,9697
Lawrence,46081,2024,pickup_suv_van,29128
Lawrence,46081,2024,recreational,823
Lawrence,46081,2024,snowmobile,665
Lawrence,46081,2024,titles,13899
Lawrence,46081,2024,trailer,9759
Lawrence,46081,2024,truck,771
Lawrence,46081,2023,boat,1450
Lawrence,46081,2023,bus,28
Lawrence,46081,2023,commercial_plate,1392
Lawrence,46081,2023,electric,132
Lawrence,46081,2023,gross_vehicle_weight,532
Lawrence,46081,2023,irp_with_prorate_plate,45
Lawrence,46081,2023,motorcycle,3902
Lawrence,46081,2023,off_road,5258
Lawrence,46081,2023,passenger_low_speed,10222
Lawrence,46081,2023,pickup_suv_van,29316
Lawrence,46081,2023,recreational,817
Lawrence,46081,2023,snowmobile,939
Lawrence,46081,2023,titles,16688
Lawrence,46081,2023,trailer,9923
Lawrence,46081,2023,truck,819
Lawrence,46081,2022,boat,1434
Lawrence,46081,2022,boat,1433
Lawrence,46081,2022,bus,32
Lawrence,46081,2022,commercial_plate,1359
Lawrence,46081,2022,electric,93
Lawrence,46081,2022,gross_vehicle_weight,471
Lawrence,46081,2022,gross_vehicle_weight,500
Lawrence,46081,2022,irp_with_prorate_plate,56
Lawrence,46081,2022,motorcycle,3640
Lawrence,46081,2022,motorcycle,3638
Lawrence,46081,2022,off_road,4950
Lawrence,46081,2022,off_road,4953
Lawrence,46081,2022,passenger_low_speed,10153
Lawrence,46081,2022,passenger_low_speed,10160
Lawrence,46081,2022,pickup_suv_van,26639
Lawrence,46081,2022,pickup_suv_van,26661
Lawrence,46081,2022,recreational,699
Lawrence,46081,2022,recreational,703
Lawrence,46081,2022,snowmobile,895
Lawrence,46081,2022,titles,14943
Lawrence,46081,2022,titles,14944
Lawrence,46081,2022,trailer,9536
Lawrence,46081,2022,trailer,9535
Lawrence,46081,2022,truck,795
Lawrence,46081,2021,boat,1500
Lawrence,46081,2021,bus,26
Lawrence,46081,2021,commercial_plate,1427
Lawrence,46081,2021,electric,56
Lawrence,46081,2021,gross_vehicle_weight,529
Lawrence,46081,2021,gross_vehicle_weight,556
Lawrence,46081,2021,irp_with_prorate_plate,52
Lawrence,46081,2021,motorcycle,3490
Lawrence,46081,2021,off_road,4645
Lawrence,46081,2021,passenger_low_speed,10169
Lawrence,46081,2021,pickup_suv_van,25646
Lawrence,46081,2021,pickup_suv_van,25644
Lawrence,46081,2021,recreational,606
Lawrence,46081,2021,recreational,608
Lawrence,46081,2021,snowmobile,783
Lawrence,46081,2021,titles,15951
Lawrence,46081,2021,trailer,9322
Lawrence,46081,2021,truck,798
Lawrence,46081,2021,truck,797
Lawrence,46081,2020,boat,1491
Lawrence,46081,2020,bus,27
Lawrence,46081,2020,commercial_plate,1283
Lawrence,46081,2020,electric,28
Lawrence,46081,2020,gross_vehicle_weight,500
Lawrence,46081,2020,gross_vehicle_weight,527
Lawrence,46081,2020,irp_with_prorate_plate,63
Lawrence,46081,2020,motorcycle,3189
Lawrence,46081,2020,off_road,3830
Lawrence,46081,2020,passenger_low_speed,10346
Lawrence,46081,2020,pickup_suv_van,24066
Lawrence,46081,2020,pickup_suv_van,24065
Lawrence,46081,2020,recreational,444
Lawrence,46081,2020,snowmobile,925
Lawrence,46081,2020,titles,14112
Lawrence,46081,2020,trailer,8405
Lawrence,46081,2020,truck,715
Lawrence,46081,2019,boat,1436
Lawrence,46081,2019,bus,38
Lawrence,46081,2019,commercial_plate,1278
Lawrence,46081,2019,electric,20
Lawrence,46081,2019,gross_vehicle_weight,506
Lawrence,46081,2019,gross_vehicle_weight,528
Lawrence,46081,2019,irp_with_prorate_plate,71
Lawrence,46081,2019,motorcycle,3023
Lawrence,46081,2019,off_road,3336
Lawrence,46081,2019,passenger_low_speed,10450
Lawrence,46081,2019,pickup_suv_van,23215
Lawrence,46081,2019,recreational,440
Lawrence,46081,2019,snowmobile,913
Lawrence,46081,2019,titles,13786
Lawrence,46081,2019,trailer,7987
Lawrence,46081,2019,truck,693
Lawrence,46081,2019,truck,694
Lawrence,46081,2018,boat,1449
Lawrence,46081,2018,bus,71
Lawrence,46081,2018,commercial_plate,1271
Lawrence,46081,2018,electric,7
Lawrence,46081,2018,gross_vehicle_weight,531
Lawrence,46081,2018,gross_vehicle_weight,548
Lawrence,46081,2018,irp_with_prorate_plate,75
Lawrence,46081,2018,motorcycle,2980
Lawrence,46081,2018,off_road,3099
Lawrence,46081,2018,passenger_low_speed,10728
Lawrence,46081,2018,pickup_suv_van,22904
Lawrence,46081,2018,recreational,430
Lawrence,46081,2018,snowmobile,873
Lawrence,46081,2018,titles,13509
Lawrence,46081,2018,trailer,7931
Lawrence,46081,2018,truck,771
Lawrence,46081,2017,boat,1420
Lawrence,46081,2017,bus,38
Lawrence,46081,2017,commercial_plate,1232
Lawrence,46081,2017,electric,5
Lawrence,46081,2017,gross_vehicle_weight,554
Lawrence,46081,2017,irp_with_prorate_plate,78
Lawrence,46081,2017,motorcycle,3030
Lawrence,46081,2017,off_road,2792
Lawrence,46081,2017,passenger_low_speed,10747
Lawrence,46081,2017,pickup_suv_van,22025
Lawrence,46081,2017,recreational,404
Lawrence,46081,2017,snowmobile,867
Lawrence,46081,2017,titles,13322
Lawrence,46081,2017,trailer,7420
Lawrence,46081,2017,truck,689
Lawrence,46081,2016,boat,1438
Lawrence,46081,2016,bus,31
Lawrence,46081,2016,commercial_plate,1239
Lawrence,46081,2016,electric,6
Lawrence,46081,2016,gross_vehicle_weight,520
Lawrence,46081,2016,irp_with_prorate_plate,86
Lawrence,46081,2016,motorcycle,2940
Lawrence,46081,2016,off_road,2595
Lawrence,46081,2016,passenger_low_speed,11500
Lawrence,46081,2016,pickup_suv_van,21182
Lawrence,46081,2016,recreational,411
Lawrence,46081,2016,snowmobile,872
Lawrence,46081,2016,titles,13070
Lawrence,46081,2016,trailer,7501
Lawrence,46081,2016,truck,704
Lawrence,46081,2015,boat,1390
Lawrence,46081,2015,bus,62
Lawrence,46081,2015,commercial_plate,1245
Lawrence,46081,2015,electric,5
Lawrence,46081,2015,gross_vehicle_weight,559
Lawrence,46081,2015,irp_with_prorate_plate,83
Lawrence,46081,2015,motorcycle,2849
Lawrence,46081,2015,off_road,2349
Lawrence,46081,2015,passenger_low_speed,11993
Lawrence,46081,2015,pickup_suv_van,20192
Lawrence,46081,2015,recreational,418
Lawrence,46081,2015,snowmobile,885
Lawrence,46081,2015,titles,13603
Lawrence,46081,2015,trailer,7237
Lawrence,46081,2015,truck,828
Lincoln,46083,2025,boat,481
Lincoln,46083,2025,bus,2
Lincoln,46083,2025,commercial_plate,629
Lincoln,46083,2025,electric,47
Lincoln,46083,2025,gross_vehicle_weight,64
Lincoln,46083,2025,irp_with_prorate_plate,11
Lincoln,46083,2025,motorcycle,334
Lincoln,46083,2025,off_road,363
Lincoln,46083,2025,passenger_low_speed,2418
Lincoln,46083,2025,pickup_suv_van,6910
Lincoln,46083,2025,recreational,42
Lincoln,46083,2025,snowmobile,85
Lincoln,46083,2025,titles,3197
Lincoln,46083,2025,trailer,1626
Lincoln,46083,2025,truck,199
Lincoln,46083,2024,boat,4315
Lincoln,46083,2024,bus,17
Lincoln,46083,2024,commercial_plate,4167
Lincoln,46083,2024,electric,368
Lincoln,46083,2024,gross_vehicle_weight,715
Lincoln,46083,2024,irp_with_prorate_plate,374
Lincoln,46083,2024,motorcycle,3602
Lincoln,46083,2024,off_road,2977
Lincoln,46083,2024,passenger_low_speed,20681
Lincoln,46083,2024,pickup_suv_van,53360
Lincoln,46083,2024,recreational,360
Lincoln,46083,2024,snowmobile,478
Lincoln,46083,2024,titles,31640
Lincoln,46083,2024,trailer,13290
Lincoln,46083,2024,truck,2139
Lincoln,46083,2023,boat,4503
Lincoln,46083,2023,bus,22
Lincoln,46083,2023,commercial_plate,4347
Lincoln,46083,2023,electric,325
Lincoln,46083,2023,gross_vehicle_weight,854
Lincoln,46083,2023,irp_with_prorate_plate,399
Lincoln,46083,2023,motorcycle,3602
Lincoln,46083,2023,off_road,3134
Lincoln,46083,2023,passenger_low_speed,22398
Lincoln,46083,2023,pickup_suv_van,54527
Lincoln,46083,2023,recreational,377
Lincoln,46083,2023,snowmobile,625
Lincoln,46083,2023,titles,36171
Lincoln,46083,2023,trailer,14075
Lincoln,46083,2023,truck,2250
Lincoln,46083,2022,boat,4299
Lincoln,46083,2022,bus,14
Lincoln,46083,2022,commercial_plate,3939
Lincoln,46083,2022,electric,214
Lincoln,46083,2022,electric,210
Lincoln,46083,2022,gross_vehicle_weight,809
Lincoln,46083,2022,gross_vehicle_weight,876
Lincoln,46083,2022,irp_with_prorate_plate,388
Lincoln,46083,2022,motorcycle,3528
Lincoln,46083,2022,off_road,2832
Lincoln,46083,2022,passenger_low_speed,21701
Lincoln,46083,2022,passenger_low_speed,21734
Lincoln,46083,2022,pickup_suv_van,49477
Lincoln,46083,2022,pickup_suv_van,49521
Lincoln,46083,2022,recreational,347
Lincoln,46083,2022,snowmobile,525
Lincoln,46083,2022,titles,32485
Lincoln,46083,2022,trailer,13385
Lincoln,46083,2022,truck,2171
Lincoln,46083,2021,boat,4388
Lincoln,46083,2021,bus,17
Lincoln,46083,2021,commercial_plate,3908
Lincoln,46083,2021,electric,154
Lincoln,46083,2021,electric,156
Lincoln,46083,2021,gross_vehicle_weight,908
Lincoln,46083,2021,gross_vehicle_weight,931
Lincoln,46083,2021,irp_with_prorate_plate,383
Lincoln,46083,2021,motorcycle,3507
Lincoln,46083,2021,off_road,2646
Lincoln,46083,2021,passenger_low_speed,22374
Lincoln,46083,2021,pickup_suv_van,49179
Lincoln,46083,2021,recreational,356
Lincoln,46083,2021,snowmobile,608
Lincoln,46083,2021,titles,36168
Lincoln,46083,2021,trailer,13746
Lincoln,46083,2021,truck,2184
Lincoln,46083,2020,boat,4228
Lincoln,46083,2020,bus,14
Lincoln,46083,2020,commercial_plate,3560
Lincoln,46083,2020,electric,78
Lincoln,46083,2020,electric,79
Lincoln,46083,2020,gross_vehicle_weight,850
Lincoln,46083,2020,gross_vehicle_weight,870
Lincoln,46083,2020,irp_with_prorate_plate,416
Lincoln,46083,2020,motorcycle,3397
Lincoln,46083,2020,off_road,2369
Lincoln,46083,2020,passenger_low_speed,22485
Lincoln,46083,2020,pickup_suv_van,45245
Lincoln,46083,2020,recreational,338
Lincoln,46083,2020,snowmobile,695
Lincoln,46083,2020,titles,31387
Lincoln,46083,2020,titles,31385
Lincoln,46083,2020,trailer,12806
Lincoln,46083,2020,truck,1969
Lincoln,46083,2019,boat,3958
Lincoln,46083,2019,bus,11
Lincoln,46083,2019,commercial_plate,3381
Lincoln,46083,2019,electric,60
Lincoln,46083,2019,electric,59
Lincoln,46083,2019,gross_vehicle_weight,913
Lincoln,46083,2019,gross_vehicle_weight,929
Lincoln,46083,2019,irp_with_prorate_plate,376
Lincoln,46083,2019,motorcycle,3197
Lincoln,46083,2019,off_road,2030
Lincoln,46083,2019,passenger_low_speed,23316
Lincoln,46083,2019,pickup_suv_van,42460
Lincoln,46083,2019,recreational,287
Lincoln,46083,2019,snowmobile,636
Lincoln,46083,2019,titles,27293
Lincoln,46083,2019,trailer,12141
Lincoln,46083,2019,truck,1914
Lincoln,46083,2018,boat,4067
Lincoln,46083,2018,bus,72
Lincoln,46083,2018,commercial_plate,3310
Lincoln,46083,2018,electric,44
Lincoln,46083,2018,electric,42
Lincoln,46083,2018,gross_vehicle_weight,998
Lincoln,46083,2018,gross_vehicle_weight,1007
Lincoln,46083,2018,irp_with_prorate_plate,372
Lincoln,46083,2018,motorcycle,3126
Lincoln,46083,2018,off_road,1853
Lincoln,46083,2018,passenger_low_speed,24154
Lincoln,46083,2018,pickup_suv_van,40349
Lincoln,46083,2018,recreational,296
Lincoln,46083,2018,snowmobile,657
Lincoln,46083,2018,titles,26109
Lincoln,46083,2018,trailer,12312
Lincoln,46083,2018,truck,2001
Lincoln,46083,2017,boat,3884
Lincoln,46083,2017,bus,17
Lincoln,46083,2017,commercial_plate,3268
Lincoln,46083,2017,electric,27
Lincoln,46083,2017,gross_vehicle_weight,988
Lincoln,46083,2017,irp_with_prorate_plate,378
Lincoln,46083,2017,motorcycle,3153
Lincoln,46083,2017,off_road,1681
Lincoln,46083,2017,passenger_low_speed,24482
Lincoln,46083,2017,pickup_suv_van,37284
Lincoln,46083,2017,recreational,296
Lincoln,46083,2017,snowmobile,649
Lincoln,46083,2017,titles,26701
Lincoln,46083,2017,trailer,11715
Lincoln,46083,2017,truck,1868
Lincoln,46083,2016,boat,3785
Lincoln,46083,2016,bus,42
Lincoln,46083,2016,commercial_plate,3104
Lincoln,46083,2016,electric,18
Lincoln,46083,2016,gross_vehicle_weight,1047
Lincoln,46083,2016,irp_with_prorate_plate,435
Lincoln,46083,2016,motorcycle,2960
Lincoln,46083,2016,off_road,1590
Lincoln,46083,2016,passenger_low_speed,25030
Lincoln,46083,2016,pickup_suv_van,35126
Lincoln,46083,2016,recreational,280
Lincoln,46083,2016,snowmobile,680
Lincoln,46083,2016,titles,26039
Lincoln,46083,2016,trailer,11588
Lincoln,46083,2016,truck,1933
Lincoln,46083,2015,boat,3503
Lincoln,46083,2015,bus,26
Lincoln,46083,2015,commercial_plate,2806
Lincoln,46083,2015,electric,10
Lincoln,46083,2015,gross_vehicle_weight,1039
Lincoln,46083,2015,irp_with_prorate_plate,366
Lincoln,46083,2015,motorcycle,2951
Lincoln,46083,2015,off_road,1333
Lincoln,46083,2015,passenger_low_speed,24016
Lincoln,46083,2015,pickup_suv_van,31783
Lincoln,46083,2015,recreational,289
Lincoln,46083,2015,snowmobile,646
Lincoln,46083,2015,titles,25484
Lincoln,46083,2015,trailer,10938
Lincoln,46083,2015,truck,1834
Lyman,46085,2025,boat,17
Lyman,46085,2025,bus,0
Lyman,46085,2025,commercial_plate,20
Lyman,46085,2025,electric,0
Lyman,46085,2025,gross_vehicle_weight,58
Lyman,46085,2025,irp_with_prorate_plate,0
Lyman,46085,2025,motorcycle,14
Lyman,46085,2025,off_road,19
Lyman,46085,2025,passenger_low_speed,119
Lyman,46085,2025,pickup_suv_van,375
Lyman,46085,2025,recreational,2
Lyman,46085,2025,snowmobile,1
Lyman,46085,2025,titles,70
Lyman,46085,2025,trailer,154
Lyman,46085,2025,truck,38
Lyman,46085,2024,boat,245
Lyman,46085,2024,bus,13
Lyman,46085,2024,commercial_plate,124
Lyman,46085,2024,electric,2
Lyman,46085,2024,gross_vehicle_weight,574
Lyman,46085,2024,irp_with_prorate_plate,5
Lyman,46085,2024,motorcycle,120
Lyman,46085,2024,off_road,240
Lyman,46085,2024,passenger_low_speed,969
Lyman,46085,2024,pickup_suv_van,3135
Lyman,46085,2024,recreational,25
Lyman,46085,2024,snowmobile,34
Lyman,46085,2024,titles,1285
Lyman,46085,2024,trailer,1515
Lyman,46085,2024,truck,418
Lyman,46085,2023,boat,214
Lyman,46085,2023,bus,19
Lyman,46085,2023,commercial_plate,150
Lyman,46085,2023,electric,2
Lyman,46085,2023,gross_vehicle_weight,560
Lyman,46085,2023,irp_with_prorate_plate,6
Lyman,46085,2023,motorcycle,144
Lyman,46085,2023,off_road,222
Lyman,46085,2023,passenger_low_speed,1065
Lyman,46085,2023,pickup_suv_van,3284
Lyman,46085,2023,recreational,21
Lyman,46085,2023,snowmobile,37
Lyman,46085,2023,titles,1485
Lyman,46085,2023,trailer,1541
Lyman,46085,2023,truck,423
Lyman,46085,2022,boat,206
Lyman,46085,2022,bus,13
Lyman,46085,2022,commercial_plate,124
Lyman,46085,2022,electric,5
Lyman,46085,2022,gross_vehicle_weight,515
Lyman,46085,2022,gross_vehicle_weight,519
Lyman,46085,2022,irp_with_prorate_plate,6
Lyman,46085,2022,motorcycle,139
Lyman,46085,2022,off_road,186
Lyman,46085,2022,passenger_low_speed,1072
Lyman,46085,2022,passenger_low_speed,1076
Lyman,46085,2022,pickup_suv_van,3078
Lyman,46085,2022,pickup_suv_van,3086
Lyman,46085,2022,recreational,27
Lyman,46085,2022,snowmobile,37
Lyman,46085,2022,titles,1332
Lyman,46085,2022,trailer,1449
Lyman,46085,2022,truck,408
Lyman,46085,2021,boat,234
Lyman,46085,2021,bus,14
Lyman,46085,2021,commercial_plate,136
Lyman,46085,2021,electric,4
Lyman,46085,2021,gross_vehicle_weight,533
Lyman,46085,2021,gross_vehicle_weight,534
Lyman,46085,2021,irp_with_prorate_plate,7
Lyman,46085,2021,motorcycle,180
Lyman,46085,2021,off_road,217
Lyman,46085,2021,passenger_low_speed,1211
Lyman,46085,2021,pickup_suv_van,3281
Lyman,46085,2021,recreational,28
Lyman,46085,2021,snowmobile,44
Lyman,46085,2021,titles,1720
Lyman,46085,2021,trailer,1541
Lyman,46085,2021,truck,442
Lyman,46085,2020,boat,227
Lyman,46085,2020,bus,13
Lyman,46085,2020,commercial_plate,140
Lyman,46085,2020,electric,4
Lyman,46085,2020,gross_vehicle_weight,461
Lyman,46085,2020,gross_vehicle_weight,460
Lyman,46085,2020,irp_with_prorate_plate,10
Lyman,46085,2020,motorcycle,130
Lyman,46085,2020,off_road,158
Lyman,46085,2020,passenger_low_speed,1214
Lyman,46085,2020,pickup_suv_van,3016
Lyman,46085,2020,recreational,28
Lyman,46085,2020,snowmobile,50
Lyman,46085,2020,titles,1450
Lyman,46085,2020,trailer,1494
Lyman,46085,2020,truck,394
Lyman,46085,2019,boat,231
Lyman,46085,2019,bus,11
Lyman,46085,2019,commercial_plate,135
Lyman,46085,2019,electric,0
Lyman,46085,2019,gross_vehicle_weight,473
Lyman,46085,2019,irp_with_prorate_plate,8
Lyman,46085,2019,motorcycle,115
Lyman,46085,2019,off_road,158
Lyman,46085,2019,passenger_low_speed,1232
Lyman,46085,2019,pickup_suv_van,2886
Lyman,46085,2019,recreational,19
Lyman,46085,2019,snowmobile,55
Lyman,46085,2019,titles,1402
Lyman,46085,2019,trailer,1411
Lyman,46085,2019,truck,412
Lyman,46085,2019,truck,413
Lyman,46085,2018,boat,234
Lyman,46085,2018,bus,26
Lyman,46085,2018,commercial_plate,125
Lyman,46085,2018,electric,0
Lyman,46085,2018,gross_vehicle_weight,483
Lyman,46085,2018,gross_vehicle_weight,482
Lyman,46085,2018,irp_with_prorate_plate,8
Lyman,46085,2018,motorcycle,114
Lyman,46085,2018,off_road,146
Lyman,46085,2018,passenger_low_speed,1325
Lyman,46085,2018,pickup_suv_van,2921
Lyman,46085,2018,recreational,32
Lyman,46085,2018,snowmobile,49
Lyman,46085,2018,titles,1438
Lyman,46085,2018,trailer,1485
Lyman,46085,2018,truck,409
Lyman,46085,2017,boat,240
Lyman,46085,2017,bus,16
Lyman,46085,2017,commercial_plate,127
Lyman,46085,2017,electric,0
Lyman,46085,2017,gross_vehicle_weight,468
Lyman,46085,2017,irp_with_prorate_plate,9
Lyman,46085,2017,motorcycle,127
Lyman,46085,2017,off_road,132
Lyman,46085,2017,passenger_low_speed,1391
Lyman,46085,2017,pickup_suv_van,2827
Lyman,46085,2017,recreational,32
Lyman,46085,2017,snowmobile,40
Lyman,46085,2017,titles,1317
Lyman,46085,2017,trailer,1425
Lyman,46085,2017,truck,400
Lyman,46085,2016,boat,241
Lyman,46085,2016,bus,17
Lyman,46085,2016,commercial_plate,125
Lyman,46085,2016,electric,0
Lyman,46085,2016,gross_vehicle_weight,505
Lyman,46085,2016,irp_with_prorate_plate,5
Lyman,46085,2016,motorcycle,140
Lyman,46085,2016,off_road,123
Lyman,46085,2016,passenger_low_speed,1481
Lyman,46085,2016,pickup_suv_van,2925
Lyman,46085,2016,recreational,28
Lyman,46085,2016,snowmobile,57
Lyman,46085,2016,titles,1379
Lyman,46085,2016,trailer,1418
Lyman,46085,2016,truck,452
Lyman,46085,2015,boat,254
Lyman,46085,2015,bus,9
Lyman,46085,2015,commercial_plate,132
Lyman,46085,2015,electric,0
Lyman,46085,2015,gross_vehicle_weight,504
Lyman,46085,2015,irp_with_prorate_plate,6
Lyman,46085,2015,motorcycle,137
Lyman,46085,2015,off_road,119
Lyman,46085,2015,passenger_low_speed,1469
Lyman,46085,2015,pickup_suv_van,2879
Lyman,46085,2015,recreational,35
Lyman,46085,2015,snowmobile,59
Lyman,46085,2015,titles,1605
Lyman,46085,2015,trailer,1464
Lyman,46085,2015,truck,470
Marshall,46091,2025,boat,61
Marshall,46091,2025,bus,0
Marshall,46091,2025,commercial_plate,23
Marshall,46091,2025,electric,0
Marshall,46091,2025,gross_vehicle_weight,50
Marshall,46091,2025,irp_with_prorate_plate,3
Marshall,46091,2025,motorcycle,15
Marshall,46091,2025,off_road,50
Marshall,46091,2025,passenger_low_speed,110
Marshall,46091,2025,pickup_suv_van,517
Marshall,46091,2025,recreational,1
Marshall,46091,2025,snowmobile,9
Marshall,46091,2025,titles,100
Marshall,46091,2025,trailer,267
Marshall,46091,2025,truck,58
Marshall,46091,2024,boat,734
Marshall,46091,2024,bus,1
Marshall,46091,2024,commercial_plate,215
Marshall,46091,2024,electric,8
Marshall,46091,2024,gross_vehicle_weight,551
Marshall,46091,2024,irp_with_prorate_plate,29
Marshall,46091,2024,motorcycle,212
Marshall,46091,2024,off_road,331
Marshall,46091,2024,passenger_low_speed,1139
Marshall,46091,2024,pickup_suv_van,4493
Marshall,46091,2024,recreational,37
Marshall,46091,2024,snowmobile,127
Marshall,46091,2024,titles,1671
Marshall,46091,2024,trailer,2610
Marshall,46091,2024,truck,652
Marshall,46091,2023,boat,741
Marshall,46091,2023,bus,2
Marshall,46091,2023,commercial_plate,226
Marshall,46091,2023,electric,2
Marshall,46091,2023,gross_vehicle_weight,577
Marshall,46091,2023,irp_with_prorate_plate,29
Marshall,46091,2023,motorcycle,226
Marshall,46091,2023,off_road,336
Marshall,46091,2023,passenger_low_speed,1222
Marshall,46091,2023,pickup_suv_van,4688
Marshall,46091,2023,recreational,40
Marshall,46091,2023,snowmobile,143
Marshall,46091,2023,titles,1964
Marshall,46091,2023,trailer,2639
Marshall,46091,2023,truck,673
Marshall,46091,2022,boat,723
Marshall,46091,2022,bus,2
Marshall,46091,2022,commercial_plate,222
Marshall,46091,2022,electric,1
Marshall,46091,2022,gross_vehicle_weight,554
Marshall,46091,2022,gross_vehicle_weight,557
Marshall,46091,2022,irp_with_prorate_plate,44
Marshall,46091,2022,motorcycle,211
Marshall,46091,2022,off_road,290
Marshall,46091,2022,passenger_low_speed,1249
Marshall,46091,2022,pickup_suv_van,4532
Marshall,46091,2022,pickup_suv_van,4531
Marshall,46091,2022,recreational,31
Marshall,46091,2022,snowmobile,130
Marshall,46091,2022,titles,1752
Marshall,46091,2022,trailer,2604
Marshall,46091,2022,truck,671
Marshall,46091,2022,truck,670
Marshall,46091,2021,boat,733
Marshall,46091,2021,bus,2
Marshall,46091,2021,commercial_plate,221
Marshall,46091,2021,electric,3
Marshall,46091,2021,gross_vehicle_weight,596
Marshall,46091,2021,irp_with_prorate_plate,51
Marshall,46091,2021,motorcycle,214
Marshall,46091,2021,off_road,281
Marshall,46091,2021,passenger_low_speed,1373
Marshall,46091,2021,pickup_suv_van,4536
Marshall,46091,2021,recreational,36
Marshall,46091,2021,snowmobile,132
Marshall,46091,2021,titles,2027
Marshall,46091,2021,trailer,2568
Marshall,46091,2021,truck,707
Marshall,46091,2020,boat,746
Marshall,46091,2020,bus,2
Marshall,46091,2020,commercial_plate,203
Marshall,46091,2020,electric,1
Marshall,46091,2020,gross_vehicle_weight,557
Marshall,46091,2020,gross_vehicle_weight,558
Marshall,46091,2020,irp_with_prorate_plate,48
Marshall,46091,2020,motorcycle,201
Marshall,46091,2020,off_road,266
Marshall,46091,2020,passenger_low_speed,1450
Marshall,46091,2020,pickup_suv_van,4377
Marshall,46091,2020,recreational,34
Marshall,46091,2020,snowmobile,158
Marshall,46091,2020,titles,1783
Marshall,46091,2020,trailer,2548
Marshall,46091,2020,truck,662
Marshall,46091,2019,boat,693
Marshall,46091,2019,bus,2
Marshall,46091,2019,commercial_plate,203
Marshall,46091,2019,electric,2
Marshall,46091,2019,gross_vehicle_weight,577
Marshall,46091,2019,gross_vehicle_weight,576
Marshall,46091,2019,irp_with_prorate_plate,47
Marshall,46091,2019,motorcycle,201
Marshall,46091,2019,off_road,230
Marshall,46091,2019,passenger_low_speed,1474
Marshall,46091,2019,pickup_suv_van,4296
Marshall,46091,2019,recreational,30
Marshall,46091,2019,snowmobile,178
Marshall,46091,2019,titles,1809
Marshall,46091,2019,trailer,2419
Marshall,46091,2019,truck,693
Marshall,46091,2018,boat,695
Marshall,46091,2018,bus,9
Marshall,46091,2018,commercial_plate,231
Marshall,46091,2018,electric,1
Marshall,46091,2018,gross_vehicle_weight,638
Marshall,46091,2018,gross_vehicle_weight,637
Marshall,46091,2018,irp_with_prorate_plate,46
Marshall,46091,2018,motorcycle,214
Marshall,46091,2018,off_road,229
Marshall,46091,2018,passenger_low_speed,1588
Marshall,46091,2018,pickup_suv_van,4213
Marshall,46091,2018,recreational,45
Marshall,46091,2018,snowmobile,160
Marshall,46091,2018,titles,1924
Marshall,46091,2018,trailer,2503
Marshall,46091,2018,truck,778
Marshall,46091,2017,boat,719
Marshall,46091,2017,bus,8
Marshall,46091,2017,commercial_plate,214
Marshall,46091,2017,electric,1
Marshall,46091,2017,gross_vehicle_weight,601
Marshall,46091,2017,irp_with_prorate_plate,41
Marshall,46091,2017,motorcycle,195
Marshall,46091,2017,off_road,211
Marshall,46091,2017,passenger_low_speed,1695
Marshall,46091,2017,pickup_suv_van,4150
Marshall,46091,2017,recreational,43
Marshall,46091,2017,snowmobile,157
Marshall,46091,2017,titles,1907
Marshall,46091,2017,trailer,2454
Marshall,46091,2017,truck,700
Marshall,46091,2016,boat,719
Marshall,46091,2016,bus,4
Marshall,46091,2016,commercial_plate,209
Marshall,46091,2016,electric,2
Marshall,46091,2016,gross_vehicle_weight,636
Marshall,46091,2016,irp_with_prorate_plate,66
Marshall,46091,2016,motorcycle,198
Marshall,46091,2016,off_road,201
Marshall,46091,2016,passenger_low_speed,1766
Marshall,46091,2016,pickup_suv_van,4106
Marshall,46091,2016,recreational,52
Marshall,46091,2016,snowmobile,167
Marshall,46091,2016,titles,2009
Marshall,46091,2016,trailer,2424
Marshall,46091,2016,truck,735
Marshall,46091,2015,boat,752
Marshall,46091,2015,bus,14
Marshall,46091,2015,commercial_plate,244
Marshall,46091,2015,electric,2
Marshall,46091,2015,gross_vehicle_weight,654
Marshall,46091,2015,irp_with_prorate_plate,30
Marshall,46091,2015,motorcycle,213
Marshall,46091,2015,off_road,196
Marshall,46091,2015,passenger_low_speed,1915
Marshall,46091,2015,pickup_suv_van,4093
Marshall,46091,2015,recreational,55
Marshall,46091,2015,snowmobile,166
Marshall,46091,2015,titles,2283
Marshall,46091,2015,trailer,2469
Marshall,46091,2015,truck,771
McCook,46087,2025,boat,36
McCook,46087,2025,bus,2
McCook,46087,2025,commercial_plate,63
McCook,46087,2025,electric,2
McCook,46087,2025,gross_vehicle_weight,76
McCook,46087,2025,irp_with_prorate_plate,5
McCook,46087,2025,motorcycle,33
McCook,46087,2025,off_road,69
McCook,46087,2025,passenger_low_speed,214
McCook,46087,2025,pickup_suv_van,621
McCook,46087,2025,recreational,8
McCook,46087,2025,snowmobile,25
McCook,46087,2025,titles,78
McCook,46087,2025,trailer,278
McCook,46087,2025,truck,94
McCook,46087,2024,boat,483
McCook,46087,2024,bus,5
McCook,46087,2024,commercial_plate,456
McCook,46087,2024,electric,15
McCook,46087,2024,gross_vehicle_weight,716
McCook,46087,2024,irp_with_prorate_plate,26
McCook,46087,2024,motorcycle,343
McCook,46087,2024,off_road,590
McCook,46087,2024,passenger_low_speed,2144
McCook,46087,2024,pickup_suv_van,5594
McCook,46087,2024,recreational,38
McCook,46087,2024,snowmobile,119
McCook,46087,2024,titles,2159
McCook,46087,2024,trailer,2671
McCook,46087,2024,truck,751
McCook,46087,2023,boat,494
McCook,46087,2023,bus,7
McCook,46087,2023,commercial_plate,439
McCook,46087,2023,electric,15
McCook,46087,2023,gross_vehicle_weight,748
McCook,46087,2023,irp_with_prorate_plate,36
McCook,46087,2023,motorcycle,314
McCook,46087,2023,off_road,582
McCook,46087,2023,passenger_low_speed,2427
McCook,46087,2023,pickup_suv_van,5825
McCook,46087,2023,recreational,35
McCook,46087,2023,snowmobile,111
McCook,46087,2023,titles,2675
McCook,46087,2023,trailer,2776
McCook,46087,2023,truck,727
McCook,46087,2022,boat,498
McCook,46087,2022,bus,9
McCook,46087,2022,commercial_plate,386
McCook,46087,2022,electric,17
McCook,46087,2022,electric,18
McCook,46087,2022,gross_vehicle_weight,730
McCook,46087,2022,gross_vehicle_weight,738
McCook,46087,2022,irp_with_prorate_plate,32
McCook,46087,2022,motorcycle,324
McCook,46087,2022,off_road,502
McCook,46087,2022,passenger_low_speed,2411
McCook,46087,2022,passenger_low_speed,2408
McCook,46087,2022,pickup_suv_van,5451
McCook,46087,2022,pickup_suv_van,5455
McCook,46087,2022,recreational,45
McCook,46087,2022,snowmobile,108
McCook,46087,2022,titles,2468
McCook,46087,2022,trailer,2648
McCook,46087,2022,truck,727
McCook,46087,2021,boat,492
McCook,46087,2021,bus,4
McCook,46087,2021,commercial_plate,387
McCook,46087,2021,electric,8
McCook,46087,2021,gross_vehicle_weight,705
McCook,46087,2021,gross_vehicle_weight,711
McCook,46087,2021,irp_with_prorate_plate,41
McCook,46087,2021,motorcycle,360
McCook,46087,2021,off_road,554
McCook,46087,2021,passenger_low_speed,2521
McCook,46087,2021,pickup_suv_van,5561
McCook,46087,2021,recreational,37
McCook,46087,2021,snowmobile,112
McCook,46087,2021,titles,2845
McCook,46087,2021,trailer,2683
McCook,46087,2021,truck,725
McCook,46087,2020,boat,525
McCook,46087,2020,bus,6
McCook,46087,2020,commercial_plate,391
McCook,46087,2020,electric,6
McCook,46087,2020,gross_vehicle_weight,680
McCook,46087,2020,gross_vehicle_weight,684
McCook,46087,2020,irp_with_prorate_plate,38
McCook,46087,2020,motorcycle,341
McCook,46087,2020,off_road,459
McCook,46087,2020,passenger_low_speed,2593
McCook,46087,2020,pickup_suv_van,5264
McCook,46087,2020,recreational,38
McCook,46087,2020,snowmobile,138
McCook,46087,2020,titles,2560
McCook,46087,2020,trailer,2528
McCook,46087,2020,truck,727
McCook,46087,2019,boat,476
McCook,46087,2019,bus,13
McCook,46087,2019,commercial_plate,370
McCook,46087,2019,electric,4
McCook,46087,2019,gross_vehicle_weight,647
McCook,46087,2019,gross_vehicle_weight,650
McCook,46087,2019,irp_with_prorate_plate,39
McCook,46087,2019,motorcycle,338
McCook,46087,2019,off_road,410
McCook,46087,2019,passenger_low_speed,2616
McCook,46087,2019,pickup_suv_van,5131
McCook,46087,2019,recreational,26
McCook,46087,2019,snowmobile,150
McCook,46087,2019,titles,2619
McCook,46087,2019,trailer,2430
McCook,46087,2019,truck,691
McCook,46087,2018,boat,484
McCook,46087,2018,bus,3
McCook,46087,2018,commercial_plate,387
McCook,46087,2018,electric,4
McCook,46087,2018,gross_vehicle_weight,666
McCook,46087,2018,gross_vehicle_weight,667
McCook,46087,2018,irp_with_prorate_plate,29
McCook,46087,2018,motorcycle,325
McCook,46087,2018,off_road,410
McCook,46087,2018,passenger_low_speed,2865
McCook,46087,2018,pickup_suv_van,5035
McCook,46087,2018,recreational,42
McCook,46087,2018,snowmobile,140
McCook,46087,2018,titles,2645
McCook,46087,2018,trailer,2492
McCook,46087,2018,truck,736
McCook,46087,2017,boat,486
McCook,46087,2017,bus,2
McCook,46087,2017,commercial_plate,382
McCook,46087,2017,electric,4
McCook,46087,2017,gross_vehicle_weight,662
McCook,46087,2017,irp_with_prorate_plate,38
McCook,46087,2017,motorcycle,334
McCook,46087,2017,off_road,394
McCook,46087,2017,passenger_low_speed,2965
McCook,46087,2017,pickup_suv_van,4779
McCook,46087,2017,recreational,37
McCook,46087,2017,snowmobile,133
McCook,46087,2017,titles,2690
McCook,46087,2017,trailer,2472
McCook,46087,2017,truck,728
McCook,46087,2016,boat,512
McCook,46087,2016,bus,6
McCook,46087,2016,commercial_plate,416
McCook,46087,2016,electric,4
McCook,46087,2016,gross_vehicle_weight,667
McCook,46087,2016,irp_with_prorate_plate,41
McCook,46087,2016,motorcycle,343
McCook,46087,2016,off_road,395
McCook,46087,2016,passenger_low_speed,3119
McCook,46087,2016,pickup_suv_van,4797
McCook,46087,2016,recreational,42
McCook,46087,2016,snowmobile,137
McCook,46087,2016,titles,2832
McCook,46087,2016,trailer,2508
McCook,46087,2016,truck,726
McCook,46087,2015,boat,485
McCook,46087,2015,bus,16
McCook,46087,2015,commercial_plate,354
McCook,46087,2015,electric,6
McCook,46087,2015,gross_vehicle_weight,690
McCook,46087,2015,irp_with_prorate_plate,41
McCook,46087,2015,motorcycle,343
McCook,46087,2015,off_road,351
McCook,46087,2015,passenger_low_speed,3192
McCook,46087,2015,pickup_suv_van,4598
McCook,46087,2015,recreational,34
McCook,46087,2015,snowmobile,171
McCook,46087,2015,titles,3015
McCook,46087,2015,trailer,2435
McCook,46087,2015,truck,747
McPherson,46089,2025,boat,21
McPherson,46089,2025,bus,0
McPherson,46089,2025,commercial_plate,6
McPherson,46089,2025,electric,1
McPherson,46089,2025,gross_vehicle_weight,43
McPherson,46089,2025,irp_with_prorate_plate,1
McPherson,46089,2025,motorcycle,13
McPherson,46089,2025,off_road,20
McPherson,46089,2025,passenger_low_speed,76
McPherson,46089,2025,pickup_suv_van,284
McPherson,46089,2025,recreational,1
McPherson,46089,2025,snowmobile,13
McPherson,46089,2025,titles,65
McPherson,46089,2025,trailer,143
McPherson,46089,2025,truck,43
McPherson,46089,2024,boat,191
McPherson,46089,2024,bus,3
McPherson,46089,2024,commercial_plate,78
McPherson,46089,2024,electric,1
McPherson,46089,2024,gross_vehicle_weight,433
McPherson,46089,2024,irp_with_prorate_plate,17
McPherson,46089,2024,motorcycle,134
McPherson,46089,2024,off_road,223
McPherson,46089,2024,passenger_low_speed,693
McPherson,46089,2024,pickup_suv_van,2389
McPherson,46089,2024,recreational,6
McPherson,46089,2024,snowmobile,31
McPherson,46089,2024,titles,951
McPherson,46089,2024,trailer,1441
McPherson,46089,2024,truck,429
McPherson,46089,2023,boat,201
McPherson,46089,2023,bus,3
McPherson,46089,2023,commercial_plate,98
McPherson,46089,2023,electric,1
McPherson,46089,2023,gross_vehicle_weight,438
McPherson,46089,2023,irp_with_prorate_plate,15
McPherson,46089,2023,motorcycle,136
McPherson,46089,2023,off_road,235
McPherson,46089,2023,passenger_low_speed,759
McPherson,46089,2023,pickup_suv_van,2464
McPherson,46089,2023,recreational,10
McPherson,46089,2023,snowmobile,61
McPherson,46089,2023,titles,1084
McPherson,46089,2023,trailer,1411
McPherson,46089,2023,truck,434
McPherson,46089,2022,boat,181
McPherson,46089,2022,bus,2
McPherson,46089,2022,commercial_plate,84
McPherson,46089,2022,electric,1
McPherson,46089,2022,gross_vehicle_weight,403
McPherson,46089,2022,gross_vehicle_weight,407
McPherson,46089,2022,irp_with_prorate_plate,17
McPherson,46089,2022,motorcycle,129
McPherson,46089,2022,off_road,193
McPherson,46089,2022,off_road,194
McPherson,46089,2022,passenger_low_speed,762
McPherson,46089,2022,passenger_low_speed,761
McPherson,46089,2022,pickup_suv_van,2332
McPherson,46089,2022,pickup_suv_van,2334
McPherson,46089,2022,recreational,9
McPherson,46089,2022,snowmobile,31
McPherson,46089,2022,snowmobile,30
McPherson,46089,2022,titles,823
McPherson,46089,2022,trailer,1341
McPherson,46089,2022,truck,410
McPherson,46089,2021,boat,203
McPherson,46089,2021,bus,5
McPherson,46089,2021,commercial_plate,83
McPherson,46089,2021,electric,1
McPherson,46089,2021,gross_vehicle_weight,439
McPherson,46089,2021,gross_vehicle_weight,441
McPherson,46089,2021,irp_with_prorate_plate,18
McPherson,46089,2021,motorcycle,131
McPherson,46089,2021,off_road,189
McPherson,46089,2021,passenger_low_speed,842
McPherson,46089,2021,pickup_suv_van,2432
McPherson,46089,2021,recreational,14
McPherson,46089,2021,snowmobile,39
McPherson,46089,2021,titles,1032
McPherson,46089,2021,trailer,1368
McPherson,46089,2021,truck,440
McPherson,46089,2020,boat,200
McPherson,46089,2020,bus,2
McPherson,46089,2020,commercial_plate,101
McPherson,46089,2020,electric,1
McPherson,46089,2020,gross_vehicle_weight,417
McPherson,46089,2020,gross_vehicle_weight,418
McPherson,46089,2020,irp_with_prorate_plate,17
McPherson,46089,2020,motorcycle,119
McPherson,46089,2020,off_road,174
McPherson,46089,2020,passenger_low_speed,825
McPherson,46089,2020,pickup_suv_van,2326
McPherson,46089,2020,recreational,11
McPherson,46089,2020,snowmobile,56
McPherson,46089,2020,titles,874
McPherson,46089,2020,trailer,1330
McPherson,46089,2020,truck,442
McPherson,46089,2019,boat,173
McPherson,46089,2019,bus,3
McPherson,46089,2019,commercial_plate,108
McPherson,46089,2019,electric,1
McPherson,46089,2019,gross_vehicle_weight,421
McPherson,46089,2019,gross_vehicle_weight,422
McPherson,46089,2019,irp_with_prorate_plate,15
McPherson,46089,2019,motorcycle,124
McPherson,46089,2019,off_road,160
McPherson,46089,2019,passenger_low_speed,875
McPherson,46089,2019,pickup_suv_van,2263
McPherson,46089,2019,recreational,12
McPherson,46089,2019,snowmobile,40
McPherson,46089,2019,titles,1035
McPherson,46089,2019,trailer,1277
McPherson,46089,2019,truck,445
McPherson,46089,2018,boat,168
McPherson,46089,2018,bus,12
McPherson,46089,2018,commercial_plate,122
McPherson,46089,2018,electric,1
McPherson,46089,2018,gross_vehicle_weight,455
McPherson,46089,2018,gross_vehicle_weight,456
McPherson,46089,2018,irp_with_prorate_plate,11
McPherson,46089,2018,motorcycle,129
McPherson,46089,2018,off_road,165
McPherson,46089,2018,passenger_low_speed,962
McPherson,46089,2018,pickup_suv_van,2307
McPherson,46089,2018,recreational,15
McPherson,46089,2018,snowmobile,39
McPherson,46089,2018,titles,1056
McPherson,46089,2018,trailer,1343
McPherson,46089,2018,truck,507
McPherson,46089,2017,boat,185
McPherson,46089,2017,bus,7
McPherson,46089,2017,commercial_plate,100
McPherson,46089,2017,electric,2
McPherson,46089,2017,gross_vehicle_weight,478
McPherson,46089,2017,irp_with_prorate_plate,8
McPherson,46089,2017,motorcycle,141
McPherson,46089,2017,off_road,152
McPherson,46089,2017,passenger_low_speed,951
McPherson,46089,2017,pickup_suv_van,2258
McPherson,46089,2017,recreational,18
McPherson,46089,2017,snowmobile,55
McPherson,46089,2017,titles,970
McPherson,46089,2017,trailer,1307
McPherson,46089,2017,truck,474
McPherson,46089,2016,boat,188
McPherson,46089,2016,bus,5
McPherson,46089,2016,commercial_plate,98
McPherson,46089,2016,electric,1
McPherson,46089,2016,gross_vehicle_weight,466
McPherson,46089,2016,irp_with_prorate_plate,14
McPherson,46089,2016,motorcycle,134
McPherson,46089,2016,off_road,129
McPherson,46089,2016,passenger_low_speed,1003
McPherson,46089,2016,pickup_suv_van,2241
McPherson,46089,2016,recreational,19
McPherson,46089,2016,snowmobile,44
McPherson,46089,2016,titles,943
McPherson,46089,2016,trailer,1330
McPherson,46089,2016,truck,478
McPherson,46089,2015,boat,188
McPherson,46089,2015,bus,51
McPherson,46089,2015,commercial_plate,92
McPherson,46089,2015,electric,2
McPherson,46089,2015,gross_vehicle_weight,470
McPherson,46089,2015,irp_with_prorate_plate,19
McPherson,46089,2015,motorcycle,140
McPherson,46089,2015,off_road,116
McPherson,46089,2015,passenger_low_speed,1042
McPherson,46089,2015,pickup_suv_van,2241
McPherson,46089,2015,recreational,23
McPherson,46089,2015,snowmobile,43
McPherson,46089,2015,titles,1050
McPherson,46089,2015,trailer,1320
McPherson,46089,2015,truck,495
Meade,46093,2025,boat,151
Meade,46093,2025,bus,3
Meade,46093,2025,commercial_plate,151
Meade,46093,2025,electric,6
Meade,46093,2025,gross_vehicle_weight,165
Meade,46093,2025,irp_with_prorate_plate,4
Meade,46093,2025,motorcycle,354
Meade,46093,2025,off_road,305
Meade,46093,2025,passenger_low_speed,1081
Meade,46093,2025,pickup_suv_van,3253
Meade,46093,2025,recreational,46
Meade,46093,2025,snowmobile,84
Meade,46093,2025,titles,647
Meade,46093,2025,trailer,1182
Meade,46093,2025,truck,115
Meade,46093,2024,boat,1544
Meade,46093,2024,bus,61
Meade,46093,2024,commercial_plate,1645
Meade,46093,2024,electric,90
Meade,46093,2024,gross_vehicle_weight,1219
Meade,46093,2024,irp_with_prorate_plate,185
Meade,46093,2024,motorcycle,3828
Meade,46093,2024,off_road,2900
Meade,46093,2024,passenger_low_speed,9455
Meade,46093,2024,pickup_suv_van,26562
Meade,46093,2024,recreational,427
Meade,46093,2024,snowmobile,331
Meade,46093,2024,titles,11879
Meade,46093,2024,trailer,10442
Meade,46093,2024,truck,1396
Meade,46093,2023,boat,1599
Meade,46093,2023,bus,52
Meade,46093,2023,commercial_plate,1716
Meade,46093,2023,electric,66
Meade,46093,2023,gross_vehicle_weight,1183
Meade,46093,2023,irp_with_prorate_plate,196
Meade,46093,2023,motorcycle,3760
Meade,46093,2023,off_road,2860
Meade,46093,2023,passenger_low_speed,10103
Meade,46093,2023,pickup_suv_van,26862
Meade,46093,2023,recreational,410
Meade,46093,2023,snowmobile,461
Meade,46093,2023,titles,13655
Meade,46093,2023,trailer,10811
Meade,46093,2023,truck,1435
Meade,46093,2022,boat,1542
Meade,46093,2022,bus,53
Meade,46093,2022,commercial_plate,1583
Meade,46093,2022,commercial_plate,1584
Meade,46093,2022,electric,59
Meade,46093,2022,gross_vehicle_weight,1099
Meade,46093,2022,gross_vehicle_weight,1117
Meade,46093,2022,irp_with_prorate_plate,163
Meade,46093,2022,motorcycle,3510
Meade,46093,2022,motorcycle,3511
Meade,46093,2022,off_road,2853
Meade,46093,2022,passenger_low_speed,9938
Meade,46093,2022,passenger_low_speed,9950
Meade,46093,2022,pickup_suv_van,25227
Meade,46093,2022,pickup_suv_van,25251
Meade,46093,2022,recreational,384
Meade,46093,2022,recreational,383
Meade,46093,2022,snowmobile,388
Meade,46093,2022,titles,12294
Meade,46093,2022,trailer,10257
Meade,46093,2022,truck,1299
Meade,46093,2022,truck,1300
Meade,46093,2021,boat,1625
Meade,46093,2021,bus,91
Meade,46093,2021,commercial_plate,1761
Meade,46093,2021,electric,27
Meade,46093,2021,gross_vehicle_weight,1198
Meade,46093,2021,gross_vehicle_weight,1207
Meade,46093,2021,irp_with_prorate_plate,149
Meade,46093,2021,motorcycle,3445
Meade,46093,2021,off_road,2736
Meade,46093,2021,passenger_low_speed,10356
Meade,46093,2021,pickup_suv_van,25377
Meade,46093,2021,recreational,403
Meade,46093,2021,snowmobile,452
Meade,46093,2021,titles,14318
Meade,46093,2021,trailer,10471
Meade,46093,2021,truck,1434
Meade,46093,2020,boat,1619
Meade,46093,2020,bus,32
Meade,46093,2020,commercial_plate,1621
Meade,46093,2020,electric,13
Meade,46093,2020,gross_vehicle_weight,1151
Meade,46093,2020,gross_vehicle_weight,1164
Meade,46093,2020,irp_with_prorate_plate,136
Meade,46093,2020,motorcycle,3160
Meade,46093,2020,off_road,2535
Meade,46093,2020,passenger_low_speed,10191
Meade,46093,2020,pickup_suv_van,23949
Meade,46093,2020,recreational,385
Meade,46093,2020,snowmobile,482
Meade,46093,2020,titles,13158
Meade,46093,2020,trailer,9924
Meade,46093,2020,truck,1306
Meade,46093,2019,boat,1444
Meade,46093,2019,bus,49
Meade,46093,2019,commercial_plate,1517
Meade,46093,2019,electric,14
Meade,46093,2019,gross_vehicle_weight,1085
Meade,46093,2019,gross_vehicle_weight,1097
Meade,46093,2019,irp_with_prorate_plate,128
Meade,46093,2019,motorcycle,3097
Meade,46093,2019,off_road,2257
Meade,46093,2019,passenger_low_speed,10612
Meade,46093,2019,pickup_suv_van,22557
Meade,46093,2019,recreational,366
Meade,46093,2019,snowmobile,480
Meade,46093,2019,titles,12616
Meade,46093,2019,trailer,9199
Meade,46093,2019,truck,1180
Meade,46093,2018,boat,1536
Meade,46093,2018,bus,41
Meade,46093,2018,commercial_plate,1570
Meade,46093,2018,electric,9
Meade,46093,2018,gross_vehicle_weight,1163
Meade,46093,2018,gross_vehicle_weight,1177
Meade,46093,2018,irp_with_prorate_plate,140
Meade,46093,2018,motorcycle,3084
Meade,46093,2018,off_road,2163
Meade,46093,2018,passenger_low_speed,10875
Meade,46093,2018,pickup_suv_van,22302
Meade,46093,2018,pickup_suv_van,22301
Meade,46093,2018,recreational,368
Meade,46093,2018,snowmobile,502
Meade,46093,2018,titles,12441
Meade,46093,2018,trailer,9377
Meade,46093,2018,truck,1354
Meade,46093,2018,truck,1355
Meade,46093,2017,boat,1571
Meade,46093,2017,bus,45
Meade,46093,2017,commercial_plate,1479
Meade,46093,2017,electric,5
Meade,46093,2017,gross_vehicle_weight,1130
Meade,46093,2017,irp_with_prorate_plate,134
Meade,46093,2017,motorcycle,3058
Meade,46093,2017,off_road,2102
Meade,46093,2017,passenger_low_speed,10778
Meade,46093,2017,pickup_suv_van,21179
Meade,46093,2017,recreational,351
Meade,46093,2017,snowmobile,420
Meade,46093,2017,titles,12479
Meade,46093,2017,trailer,9102
Meade,46093,2017,truck,1215
Meade,46093,2016,boat,1498
Meade,46093,2016,bus,41
Meade,46093,2016,commercial_plate,1421
Meade,46093,2016,electric,1
Meade,46093,2016,gross_vehicle_weight,1130
Meade,46093,2016,irp_with_prorate_plate,134
Meade,46093,2016,motorcycle,2939
Meade,46093,2016,off_road,2038
Meade,46093,2016,passenger_low_speed,10856
Meade,46093,2016,pickup_suv_van,20469
Meade,46093,2016,recreational,377
Meade,46093,2016,snowmobile,453
Meade,46093,2016,titles,12252
Meade,46093,2016,trailer,9098
Meade,46093,2016,truck,1172
Meade,46093,2015,boat,1468
Meade,46093,2015,bus,9
Meade,46093,2015,commercial_plate,1363
Meade,46093,2015,electric,2
Meade,46093,2015,gross_vehicle_weight,1189
Meade,46093,2015,irp_with_prorate_plate,125
Meade,46093,2015,motorcycle,2977
Meade,46093,2015,off_road,1975
Meade,46093,2015,passenger_low_speed,10847
Meade,46093,2015,pickup_suv_van,19761
Meade,46093,2015,recreational,358
Meade,46093,2015,snowmobile,418
Meade,46093,2015,titles,12565
Meade,46093,2015,trailer,9164
Meade,46093,2015,truck,1280
Mellette,46095,2025,boat,0
Mellette,46095,2025,bus,2
Mellette,46095,2025,commercial_plate,0
Mellette,46095,2025,electric,0
Mellette,46095,2025,gross_vehicle_weight,26
Mellette,46095,2025,irp_with_prorate_plate,1
Mellette,46095,2025,motorcycle,1
Mellette,46095,2025,off_road,6
Mellette,46095,2025,passenger_low_speed,55
Mellette,46095,2025,pickup_suv_van,168
Mellette,46095,2025,recreational,1
Mellette,46095,2025,snowmobile,0
Mellette,46095,2025,titles,37
Mellette,46095,2025,trailer,45
Mellette,46095,2025,truck,10
Mellette,46095,2024,boat,26
Mellette,46095,2024,bus,2
Mellette,46095,2024,commercial_plate,12
Mellette,46095,2024,electric,4
Mellette,46095,2024,gross_vehicle_weight,260
Mellette,46095,2024,irp_with_prorate_plate,1
Mellette,46095,2024,motorcycle,41
Mellette,46095,2024,off_road,49
Mellette,46095,2024,passenger_low_speed,432
Mellette,46095,2024,pickup_suv_van,1401
Mellette,46095,2024,recreational,6
Mellette,46095,2024,snowmobile,7
Mellette,46095,2024,titles,531
Mellette,46095,2024,trailer,559
Mellette,46095,2024,truck,119
Mellette,46095,2023,boat,27
Mellette,46095,2023,bus,2
Mellette,46095,2023,commercial_plate,12
Mellette,46095,2023,electric,2
Mellette,46095,2023,gross_vehicle_weight,277
Mellette,46095,2023,irp_with_prorate_plate,2
Mellette,46095,2023,motorcycle,43
Mellette,46095,2023,off_road,44
Mellette,46095,2023,passenger_low_speed,489
Mellette,46095,2023,pickup_suv_van,1532
Mellette,46095,2023,recreational,3
Mellette,46095,2023,snowmobile,5
Mellette,46095,2023,titles,661
Mellette,46095,2023,trailer,577
Mellette,46095,2023,truck,141
Mellette,46095,2022,boat,28
Mellette,46095,2022,bus,2
Mellette,46095,2022,commercial_plate,10
Mellette,46095,2022,electric,1
Mellette,46095,2022,gross_vehicle_weight,251
Mellette,46095,2022,gross_vehicle_weight,249
Mellette,46095,2022,irp_with_prorate_plate,3
Mellette,46095,2022,motorcycle,42
Mellette,46095,2022,off_road,44
Mellette,46095,2022,passenger_low_speed,506
Mellette,46095,2022,passenger_low_speed,505
Mellette,46095,2022,pickup_suv_van,1423
Mellette,46095,2022,pickup_suv_van,1425
Mellette,46095,2022,recreational,3
Mellette,46095,2022,snowmobile,4
Mellette,46095,2022,titles,682
Mellette,46095,2022,trailer,555
Mellette,46095,2022,truck,131
Mellette,46095,2021,boat,30
Mellette,46095,2021,bus,3
Mellette,46095,2021,commercial_plate,8
Mellette,46095,2021,electric,1
Mellette,46095,2021,gross_vehicle_weight,223
Mellette,46095,2021,gross_vehicle_weight,221
Mellette,46095,2021,irp_with_prorate_plate,2
Mellette,46095,2021,motorcycle,46
Mellette,46095,2021,off_road,32
Mellette,46095,2021,passenger_low_speed,587
Mellette,46095,2021,pickup_suv_van,1483
Mellette,46095,2021,recreational,2
Mellette,46095,2021,snowmobile,4
Mellette,46095,2021,titles,743
Mellette,46095,2021,trailer,537
Mellette,46095,2021,truck,126
Mellette,46095,2020,boat,32
Mellette,46095,2020,bus,3
Mellette,46095,2020,commercial_plate,9
Mellette,46095,2020,electric,0
Mellette,46095,2020,gross_vehicle_weight,199
Mellette,46095,2020,gross_vehicle_weight,197
Mellette,46095,2020,irp_with_prorate_plate,2
Mellette,46095,2020,motorcycle,45
Mellette,46095,2020,off_road,32
Mellette,46095,2020,passenger_low_speed,561
Mellette,46095,2020,pickup_suv_van,1392
Mellette,46095,2020,recreational,8
Mellette,46095,2020,snowmobile,3
Mellette,46095,2020,titles,613
Mellette,46095,2020,trailer,504
Mellette,46095,2020,truck,118
Mellette,46095,2019,boat,32
Mellette,46095,2019,bus,2
Mellette,46095,2019,commercial_plate,9
Mellette,46095,2019,electric,0
Mellette,46095,2019,gross_vehicle_weight,172
Mellette,46095,2019,gross_vehicle_weight,170
Mellette,46095,2019,irp_with_prorate_plate,2
Mellette,46095,2019,motorcycle,42
Mellette,46095,2019,off_road,32
Mellette,46095,2019,passenger_low_speed,547
Mellette,46095,2019,pickup_suv_van,1353
Mellette,46095,2019,recreational,3
Mellette,46095,2019,snowmobile,4
Mellette,46095,2019,titles,592
Mellette,46095,2019,trailer,509
Mellette,46095,2019,truck,106
Mellette,46095,2018,boat,34
Mellette,46095,2018,bus,6
Mellette,46095,2018,commercial_plate,11
Mellette,46095,2018,electric,0
Mellette,46095,2018,gross_vehicle_weight,174
Mellette,46095,2018,gross_vehicle_weight,171
Mellette,46095,2018,irp_with_prorate_plate,2
Mellette,46095,2018,motorcycle,45
Mellette,46095,2018,off_road,28
Mellette,46095,2018,passenger_low_speed,587
Mellette,46095,2018,pickup_suv_van,1345
Mellette,46095,2018,recreational,4
Mellette,46095,2018,snowmobile,6
Mellette,46095,2018,titles,646
Mellette,46095,2018,trailer,530
Mellette,46095,2018,truck,131
Mellette,46095,2017,boat,31
Mellette,46095,2017,bus,3
Mellette,46095,2017,commercial_plate,13
Mellette,46095,2017,electric,0
Mellette,46095,2017,gross_vehicle_weight,183
Mellette,46095,2017,irp_with_prorate_plate,2
Mellette,46095,2017,motorcycle,40
Mellette,46095,2017,off_road,23
Mellette,46095,2017,passenger_low_speed,614
Mellette,46095,2017,pickup_suv_van,1325
Mellette,46095,2017,recreational,3
Mellette,46095,2017,snowmobile,3
Mellette,46095,2017,titles,645
Mellette,46095,2017,trailer,509
Mellette,46095,2017,truck,124
Mellette,46095,2016,boat,34
Mellette,46095,2016,bus,2
Mellette,46095,2016,commercial_plate,16
Mellette,46095,2016,electric,0
Mellette,46095,2016,gross_vehicle_weight,159
Mellette,46095,2016,irp_with_prorate_plate,2
Mellette,46095,2016,motorcycle,34
Mellette,46095,2016,off_road,25
Mellette,46095,2016,passenger_low_speed,644
Mellette,46095,2016,pickup_suv_van,1294
Mellette,46095,2016,recreational,3
Mellette,46095,2016,snowmobile,4
Mellette,46095,2016,titles,608
Mellette,46095,2016,trailer,529
Mellette,46095,2016,truck,131
Mellette,46095,2015,boat,41
Mellette,46095,2015,bus,12
Mellette,46095,2015,commercial_plate,19
Mellette,46095,2015,electric,0
Mellette,46095,2015,gross_vehicle_weight,167
Mellette,46095,2015,irp_with_prorate_plate,2
Mellette,46095,2015,motorcycle,40
Mellette,46095,2015,off_road,21
Mellette,46095,2015,passenger_low_speed,657
Mellette,46095,2015,pickup_suv_van,1367
Mellette,46095,2015,recreational,4
Mellette,46095,2015,snowmobile,13
Mellette,46095,2015,titles,697
Mellette,46095,2015,trailer,555
Mellette,46095,2015,truck,155
Miner,46097,2025,boat,15
Miner,46097,2025,bus,1
Miner,46097,2025,commercial_plate,5
Miner,46097,2025,electric,2
Miner,46097,2025,gross_vehicle_weight,30
Miner,46097,2025,irp_with_prorate_plate,0
Miner,46097,2025,motorcycle,17
Miner,46097,2025,off_road,26
Miner,46097,2025,passenger_low_speed,69
Miner,46097,2025,pickup_suv_van,339
Miner,46097,2025,recreational,3
Miner,46097,2025,snowmobile,14
Miner,46097,2025,titles,45
Miner,46097,2025,trailer,135
Miner,46097,2025,truck,27
Miner,46097,2024,boat,161
Miner,46097,2024,bus,6
Miner,46097,2024,commercial_plate,135
Miner,46097,2024,electric,2
Miner,46097,2024,gross_vehicle_weight,344
Miner,46097,2024,irp_with_prorate_plate,1
Miner,46097,2024,motorcycle,182
Miner,46097,2024,off_road,271
Miner,46097,2024,passenger_low_speed,663
Miner,46097,2024,pickup_suv_van,2608
Miner,46097,2024,recreational,30
Miner,46097,2024,snowmobile,39
Miner,46097,2024,titles,946
Miner,46097,2024,trailer,1340
Miner,46097,2024,truck,397
Miner,46097,2023,boat,162
Miner,46097,2023,bus,8
Miner,46097,2023,commercial_plate,133
Miner,46097,2023,electric,2
Miner,46097,2023,gross_vehicle_weight,333
Miner,46097,2023,irp_with_prorate_plate,1
Miner,46097,2023,motorcycle,188
Miner,46097,2023,off_road,298
Miner,46097,2023,passenger_low_speed,771
Miner,46097,2023,pickup_suv_van,2743
Miner,46097,2023,recreational,31
Miner,46097,2023,snowmobile,56
Miner,46097,2023,titles,1129
Miner,46097,2023,trailer,1427
Miner,46097,2023,truck,374
Miner,46097,2022,boat,171
Miner,46097,2022,bus,12
Miner,46097,2022,commercial_plate,132
Miner,46097,2022,electric,2
Miner,46097,2022,gross_vehicle_weight,338
Miner,46097,2022,irp_with_prorate_plate,2
Miner,46097,2022,motorcycle,157
Miner,46097,2022,motorcycle,158
Miner,46097,2022,off_road,296
Miner,46097,2022,passenger_low_speed,792
Miner,46097,2022,pickup_suv_van,2659
Miner,46097,2022,pickup_suv_van,2661
Miner,46097,2022,recreational,34
Miner,46097,2022,snowmobile,62
Miner,46097,2022,titles,938
Miner,46097,2022,trailer,1352
Miner,46097,2022,truck,377
Miner,46097,2021,boat,160
Miner,46097,2021,bus,7
Miner,46097,2021,commercial_plate,140
Miner,46097,2021,electric,1
Miner,46097,2021,gross_vehicle_weight,357
Miner,46097,2021,gross_vehicle_weight,356
Miner,46097,2021,irp_with_prorate_plate,3
Miner,46097,2021,motorcycle,145
Miner,46097,2021,off_road,259
Miner,46097,2021,passenger_low_speed,849
Miner,46097,2021,pickup_suv_van,2663
Miner,46097,2021,recreational,35
Miner,46097,2021,snowmobile,55
Miner,46097,2021,titles,1172
Miner,46097,2021,trailer,1322
Miner,46097,2021,truck,399
Miner,46097,2020,boat,162
Miner,46097,2020,bus,5
Miner,46097,2020,commercial_plate,164
Miner,46097,2020,electric,1
Miner,46097,2020,gross_vehicle_weight,330
Miner,46097,2020,gross_vehicle_weight,331
Miner,46097,2020,irp_with_prorate_plate,4
Miner,46097,2020,motorcycle,141
Miner,46097,2020,off_road,249
Miner,46097,2020,passenger_low_speed,885
Miner,46097,2020,pickup_suv_van,2557
Miner,46097,2020,recreational,37
Miner,46097,2020,snowmobile,68
Miner,46097,2020,titles,1084
Miner,46097,2020,trailer,1286
Miner,46097,2020,truck,391
Miner,46097,2019,boat,149
Miner,46097,2019,bus,8
Miner,46097,2019,commercial_plate,168
Miner,46097,2019,electric,2
Miner,46097,2019,gross_vehicle_weight,353
Miner,46097,2019,gross_vehicle_weight,357
Miner,46097,2019,irp_with_prorate_plate,2
Miner,46097,2019,motorcycle,145
Miner,46097,2019,off_road,237
Miner,46097,2019,passenger_low_speed,935
Miner,46097,2019,pickup_suv_van,2555
Miner,46097,2019,recreational,33
Miner,46097,2019,snowmobile,78
Miner,46097,2019,titles,1084
Miner,46097,2019,trailer,1270
Miner,46097,2019,truck,403
Miner,46097,2018,boat,174
Miner,46097,2018,bus,14
Miner,46097,2018,commercial_plate,144
Miner,46097,2018,electric,2
Miner,46097,2018,gross_vehicle_weight,388
Miner,46097,2018,gross_vehicle_weight,392
Miner,46097,2018,irp_with_prorate_plate,4
Miner,46097,2018,motorcycle,133
Miner,46097,2018,off_road,216
Miner,46097,2018,passenger_low_speed,982
Miner,46097,2018,pickup_suv_van,2414
Miner,46097,2018,recreational,29
Miner,46097,2018,snowmobile,51
Miner,46097,2018,titles,1062
Miner,46097,2018,trailer,1232
Miner,46097,2018,truck,452
Miner,46097,2017,boat,154
Miner,46097,2017,bus,7
Miner,46097,2017,commercial_plate,120
Miner,46097,2017,electric,2
Miner,46097,2017,gross_vehicle_weight,380
Miner,46097,2017,irp_with_prorate_plate,7
Miner,46097,2017,motorcycle,137
Miner,46097,2017,off_road,180
Miner,46097,2017,passenger_low_speed,1032
Miner,46097,2017,pickup_suv_van,2314
Miner,46097,2017,recreational,30
Miner,46097,2017,snowmobile,64
Miner,46097,2017,titles,988
Miner,46097,2017,trailer,1188
Miner,46097,2017,truck,420
Miner,46097,2016,boat,160
Miner,46097,2016,bus,5
Miner,46097,2016,commercial_plate,139
Miner,46097,2016,electric,1
Miner,46097,2016,gross_vehicle_weight,385
Miner,46097,2016,irp_with_prorate_plate,12
Miner,46097,2016,motorcycle,133
Miner,46097,2016,off_road,176
Miner,46097,2016,passenger_low_speed,1108
Miner,46097,2016,pickup_suv_van,2266
Miner,46097,2016,recreational,33
Miner,46097,2016,snowmobile,63
Miner,46097,2016,titles,1050
Miner,46097,2016,trailer,1197
Miner,46097,2016,truck,432
Miner,46097,2015,boat,145
Miner,46097,2015,bus,266
Miner,46097,2015,commercial_plate,151
Miner,46097,2015,electric,2
Miner,46097,2015,gross_vehicle_weight,383
Miner,46097,2015,irp_with_prorate_plate,10
Miner,46097,2015,motorcycle,137
Miner,46097,2015,off_road,181
Miner,46097,2015,passenger_low_speed,1071
Miner,46097,2015,pickup_suv_van,2292
Miner,46097,2015,recreational,27
Miner,46097,2015,snowmobile,79
Miner,46097,2015,titles,1139
Miner,46097,2015,trailer,1210
Miner,46097,2015,truck,445
Minnehaha,46099,2025,boat,1051
Minnehaha,46099,2025,bus,10
Minnehaha,46099,2025,commercial_plate,2230
Minnehaha,46099,2025,electric,128
Minnehaha,46099,2025,gross_vehicle_weight,245
Minnehaha,46099,2025,irp_with_prorate_plate,95
Minnehaha,46099,2025,motorcycle,996
Minnehaha,46099,2025,off_road,698
Minnehaha,46099,2025,passenger_low_speed,7124
Minnehaha,46099,2025,pickup_suv_van,18344
Minnehaha,46099,2025,recreational,245
Minnehaha,46099,2025,snowmobile,200
Minnehaha,46099,2025,titles,4341
Minnehaha,46099,2025,trailer,4006
Minnehaha,46099,2025,truck,791
Minnehaha,46099,2024,boat,9202
Minnehaha,46099,2024,bus,104
Minnehaha,46099,2024,commercial_plate,12249
Minnehaha,46099,2024,electric,826
Minnehaha,46099,2024,gross_vehicle_weight,1979
Minnehaha,46099,2024,irp_with_prorate_plate,1568
Minnehaha,46099,2024,motorcycle,10739
Minnehaha,46099,2024,off_road,5566
Minnehaha,46099,2024,passenger_low_speed,61758
Minnehaha,46099,2024,pickup_suv_van,140737
Minnehaha,46099,2024,recreational,2206
Minnehaha,46099,2024,snowmobile,1261
Minnehaha,46099,2024,titles,64456
Minnehaha,46099,2024,trailer,32549
Minnehaha,46099,2024,truck,6050
Minnehaha,46099,2023,boat,9646
Minnehaha,46099,2023,bus,126
Minnehaha,46099,2023,commercial_plate,13270
Minnehaha,46099,2023,electric,684
Minnehaha,46099,2023,gross_vehicle_weight,2150
Minnehaha,46099,2023,irp_with_prorate_plate,1824
Minnehaha,46099,2023,motorcycle,11230
Minnehaha,46099,2023,off_road,5717
Minnehaha,46099,2023,passenger_low_speed,67943
Minnehaha,46099,2023,pickup_suv_van,144964
Minnehaha,46099,2023,recreational,2521
Minnehaha,46099,2023,snowmobile,1540
Minnehaha,46099,2023,titles,77648
Minnehaha,46099,2023,trailer,34830
Minnehaha,46099,2023,truck,6834
Minnehaha,46099,2022,boat,9414
Minnehaha,46099,2022,boat,9413
Minnehaha,46099,2022,bus,124
Minnehaha,46099,2022,commercial_plate,12062
Minnehaha,46099,2022,electric,496
Minnehaha,46099,2022,electric,493
Minnehaha,46099,2022,gross_vehicle_weight,2110
Minnehaha,46099,2022,gross_vehicle_weight,2222
Minnehaha,46099,2022,irp_with_prorate_plate,1826
Minnehaha,46099,2022,motorcycle,10981
Minnehaha,46099,2022,motorcycle,10984
Minnehaha,46099,2022,off_road,5444
Minnehaha,46099,2022,off_road,5451
Minnehaha,46099,2022,passenger_low_speed,69042
Minnehaha,46099,2022,passenger_low_speed,69132
Minnehaha,46099,2022,pickup_suv_van,135599
Minnehaha,46099,2022,pickup_suv_van,135716
Minnehaha,46099,2022,recreational,2698
Minnehaha,46099,2022,recreational,2700
Minnehaha,46099,2022,snowmobile,1379
Minnehaha,46099,2022,titles,69974
Minnehaha,46099,2022,titles,69972
Minnehaha,46099,2022,trailer,34043
Minnehaha,46099,2022,trailer,34042
Minnehaha,46099,2022,truck,6481
Minnehaha,46099,2022,truck,6479
Minnehaha,46099,2021,boat,9885
Minnehaha,46099,2021,bus,120
Minnehaha,46099,2021,commercial_plate,12103
Minnehaha,46099,2021,electric,426
Minnehaha,46099,2021,electric,424
Minnehaha,46099,2021,gross_vehicle_weight,2341
Minnehaha,46099,2021,gross_vehicle_weight,2438
Minnehaha,46099,2021,irp_with_prorate_plate,1715
Minnehaha,46099,2021,motorcycle,11305
Minnehaha,46099,2021,off_road,5340
Minnehaha,46099,2021,passenger_low_speed,73035
Minnehaha,46099,2021,pickup_suv_van,137320
Minnehaha,46099,2021,pickup_suv_van,137319
Minnehaha,46099,2021,recreational,2962
Minnehaha,46099,2021,recreational,2961
Minnehaha,46099,2021,snowmobile,1529
Minnehaha,46099,2021,titles,80807
Minnehaha,46099,2021,trailer,35213
Minnehaha,46099,2021,trailer,35214
Minnehaha,46099,2021,truck,6486
Minnehaha,46099,2020,boat,9707
Minnehaha,46099,2020,bus,100
Minnehaha,46099,2020,commercial_plate,11835
Minnehaha,46099,2020,electric,238
Minnehaha,46099,2020,electric,241
Minnehaha,46099,2020,gross_vehicle_weight,2520
Minnehaha,46099,2020,gross_vehicle_weight,2586
Minnehaha,46099,2020,irp_with_prorate_plate,1765
Minnehaha,46099,2020,motorcycle,10841
Minnehaha,46099,2020,off_road,4956
Minnehaha,46099,2020,passenger_low_speed,73209
Minnehaha,46099,2020,pickup_suv_van,129391
Minnehaha,46099,2020,recreational,3061
Minnehaha,46099,2020,recreational,3059
Minnehaha,46099,2020,snowmobile,1574
Minnehaha,46099,2020,titles,78431
Minnehaha,46099,2020,trailer,33681
Minnehaha,46099,2020,trailer,33683
Minnehaha,46099,2020,truck,6542
Minnehaha,46099,2019,boat,9440
Minnehaha,46099,2019,bus,127
Minnehaha,46099,2019,commercial_plate,11074
Minnehaha,46099,2019,electric,155
Minnehaha,46099,2019,electric,154
Minnehaha,46099,2019,gross_vehicle_weight,2583
Minnehaha,46099,2019,gross_vehicle_weight,2632
Minnehaha,46099,2019,irp_with_prorate_plate,1854
Minnehaha,46099,2019,motorcycle,10868
Minnehaha,46099,2019,off_road,4369
Minnehaha,46099,2019,passenger_low_speed,78673
Minnehaha,46099,2019,pickup_suv_van,125981
Minnehaha,46099,2019,pickup_suv_van,125983
Minnehaha,46099,2019,recreational,3064
Minnehaha,46099,2019,snowmobile,1643
Minnehaha,46099,2019,titles,87453
Minnehaha,46099,2019,trailer,32574
Minnehaha,46099,2019,truck,6310
Minnehaha,46099,2019,truck,6311
Minnehaha,46099,2018,boat,9540
Minnehaha,46099,2018,bus,296
Minnehaha,46099,2018,commercial_plate,11533
Minnehaha,46099,2018,electric,123
Minnehaha,46099,2018,gross_vehicle_weight,2679
Minnehaha,46099,2018,gross_vehicle_weight,2734
Minnehaha,46099,2018,irp_with_prorate_plate,1866
Minnehaha,46099,2018,motorcycle,11017
Minnehaha,46099,2018,off_road,4098
Minnehaha,46099,2018,passenger_low_speed,82902
Minnehaha,46099,2018,pickup_suv_van,121136
Minnehaha,46099,2018,recreational,2748
Minnehaha,46099,2018,snowmobile,1516
Minnehaha,46099,2018,titles,83300
Minnehaha,46099,2018,trailer,32389
Minnehaha,46099,2018,truck,6819
Minnehaha,46099,2017,boat,9781
Minnehaha,46099,2017,bus,115
Minnehaha,46099,2017,commercial_plate,11160
Minnehaha,46099,2017,electric,64
Minnehaha,46099,2017,gross_vehicle_weight,2776
Minnehaha,46099,2017,irp_with_prorate_plate,1865
Minnehaha,46099,2017,motorcycle,10891
Minnehaha,46099,2017,off_road,3839
Minnehaha,46099,2017,passenger_low_speed,85632
Minnehaha,46099,2017,pickup_suv_van,114972
Minnehaha,46099,2017,recreational,2487
Minnehaha,46099,2017,snowmobile,1539
Minnehaha,46099,2017,titles,86727
Minnehaha,46099,2017,trailer,31847
Minnehaha,46099,2017,truck,6357
Minnehaha,46099,2016,boat,9758
Minnehaha,46099,2016,bus,218
Minnehaha,46099,2016,commercial_plate,10571
Minnehaha,46099,2016,electric,54
Minnehaha,46099,2016,gross_vehicle_weight,2812
Minnehaha,46099,2016,irp_with_prorate_plate,2058
Minnehaha,46099,2016,motorcycle,11047
Minnehaha,46099,2016,off_road,3532
Minnehaha,46099,2016,passenger_low_speed,89362
Minnehaha,46099,2016,pickup_suv_van,111508
Minnehaha,46099,2016,recreational,2465
Minnehaha,46099,2016,snowmobile,1695
Minnehaha,46099,2016,titles,85801
Minnehaha,46099,2016,trailer,32233
Minnehaha,46099,2016,truck,6871
Minnehaha,46099,2015,boat,9289
Minnehaha,46099,2015,bus,19
Minnehaha,46099,2015,commercial_plate,10453
Minnehaha,46099,2015,electric,50
Minnehaha,46099,2015,gross_vehicle_weight,2847
Minnehaha,46099,2015,irp_with_prorate_plate,1838
Minnehaha,46099,2015,motorcycle,10988
Minnehaha,46099,2015,off_road,3173
Minnehaha,46099,2015,passenger_low_speed,90057
Minnehaha,46099,2015,pickup_suv_van,104242
Minnehaha,46099,2015,recreational,2491
Minnehaha,46099,2015,snowmobile,1601
Minnehaha,46099,2015,titles,88700
Minnehaha,46099,2015,trailer,30865
Minnehaha,46099,2015,truck,6474
Moody,46101,2025,boat,41
Moody,46101,2025,bus,2
Moody,46101,2025,commercial_plate,75
Moody,46101,2025,electric,2
Moody,46101,2025,gross_vehicle_weight,102
Moody,46101,2025,irp_with_prorate_plate,1
Moody,46101,2025,motorcycle,59
Moody,46101,2025,off_road,102
Moody,46101,2025,passenger_low_speed,252
Moody,46101,2025,pickup_suv_van,753
Moody,46101,2025,recreational,3
Moody,46101,2025,snowmobile,23
Moody,46101,2025,titles,91
Moody,46101,2025,trailer,290
Moody,46101,2025,truck,85
Moody,46101,2024,boat,439
Moody,46101,2024,bus,6
Moody,46101,2024,commercial_plate,442
Moody,46101,2024,electric,7
Moody,46101,2024,gross_vehicle_weight,1108
Moody,46101,2024,irp_with_prorate_plate,81
Moody,46101,2024,motorcycle,445
Moody,46101,2024,off_road,865
Moody,46101,2024,passenger_low_speed,2146
Moody,46101,2024,pickup_suv_van,6165
Moody,46101,2024,recreational,50
Moody,46101,2024,snowmobile,171
Moody,46101,2024,titles,2321
Moody,46101,2024,trailer,2799
Moody,46101,2024,truck,893
Moody,46101,2023,boat,462
Moody,46101,2023,bus,6
Moody,46101,2023,commercial_plate,422
Moody,46101,2023,electric,12
Moody,46101,2023,gross_vehicle_weight,1121
Moody,46101,2023,irp_with_prorate_plate,90
Moody,46101,2023,motorcycle,441
Moody,46101,2023,off_road,894
Moody,46101,2023,passenger_low_speed,2316
Moody,46101,2023,pickup_suv_van,6312
Moody,46101,2023,recreational,55
Moody,46101,2023,snowmobile,221
Moody,46101,2023,titles,2743
Moody,46101,2023,trailer,2897
Moody,46101,2023,truck,911
Moody,46101,2022,boat,442
Moody,46101,2022,bus,6
Moody,46101,2022,commercial_plate,402
Moody,46101,2022,electric,7
Moody,46101,2022,gross_vehicle_weight,1026
Moody,46101,2022,gross_vehicle_weight,1022
Moody,46101,2022,irp_with_prorate_plate,87
Moody,46101,2022,motorcycle,441
Moody,46101,2022,off_road,836
Moody,46101,2022,passenger_low_speed,2345
Moody,46101,2022,passenger_low_speed,2347
Moody,46101,2022,pickup_suv_van,6050
Moody,46101,2022,pickup_suv_van,6055
Moody,46101,2022,recreational,50
Moody,46101,2022,snowmobile,186
Moody,46101,2022,titles,2453
Moody,46101,2022,trailer,2774
Moody,46101,2022,trailer,2776
Moody,46101,2022,truck,855
Moody,46101,2021,boat,459
Moody,46101,2021,bus,4
Moody,46101,2021,commercial_plate,459
Moody,46101,2021,electric,10
Moody,46101,2021,gross_vehicle_weight,1024
Moody,46101,2021,gross_vehicle_weight,1020
Moody,46101,2021,irp_with_prorate_plate,83
Moody,46101,2021,motorcycle,464
Moody,46101,2021,off_road,794
Moody,46101,2021,passenger_low_speed,2599
Moody,46101,2021,pickup_suv_van,6205
Moody,46101,2021,recreational,52
Moody,46101,2021,snowmobile,202
Moody,46101,2021,titles,3038
Moody,46101,2021,trailer,2877
Moody,46101,2021,truck,885
Moody,46101,2020,boat,479
Moody,46101,2020,bus,5
Moody,46101,2020,commercial_plate,372
Moody,46101,2020,electric,6
Moody,46101,2020,gross_vehicle_weight,982
Moody,46101,2020,gross_vehicle_weight,976
Moody,46101,2020,irp_with_prorate_plate,88
Moody,46101,2020,motorcycle,449
Moody,46101,2020,off_road,717
Moody,46101,2020,passenger_low_speed,2636
Moody,46101,2020,passenger_low_speed,2635
Moody,46101,2020,pickup_suv_van,5755
Moody,46101,2020,recreational,48
Moody,46101,2020,snowmobile,188
Moody,46101,2020,titles,2684
Moody,46101,2020,trailer,2742
Moody,46101,2020,truck,847
Moody,46101,2019,boat,423
Moody,46101,2019,bus,8
Moody,46101,2019,commercial_plate,377
Moody,46101,2019,electric,8
Moody,46101,2019,gross_vehicle_weight,954
Moody,46101,2019,gross_vehicle_weight,952
Moody,46101,2019,irp_with_prorate_plate,91
Moody,46101,2019,motorcycle,421
Moody,46101,2019,off_road,668
Moody,46101,2019,passenger_low_speed,2838
Moody,46101,2019,pickup_suv_van,5657
Moody,46101,2019,recreational,57
Moody,46101,2019,snowmobile,223
Moody,46101,2019,titles,2626
Moody,46101,2019,trailer,2553
Moody,46101,2019,truck,831
Moody,46101,2018,boat,454
Moody,46101,2018,bus,11
Moody,46101,2018,commercial_plate,378
Moody,46101,2018,electric,7
Moody,46101,2018,gross_vehicle_weight,912
Moody,46101,2018,irp_with_prorate_plate,89
Moody,46101,2018,motorcycle,417
Moody,46101,2018,off_road,616
Moody,46101,2018,passenger_low_speed,2920
Moody,46101,2018,pickup_suv_van,5474
Moody,46101,2018,recreational,48
Moody,46101,2018,snowmobile,197
Moody,46101,2018,titles,2495
Moody,46101,2018,trailer,2534
Moody,46101,2018,truck,862
Moody,46101,2017,boat,477
Moody,46101,2017,bus,10
Moody,46101,2017,commercial_plate,374
Moody,46101,2017,electric,7
Moody,46101,2017,gross_vehicle_weight,909
Moody,46101,2017,irp_with_prorate_plate,65
Moody,46101,2017,motorcycle,396
Moody,46101,2017,off_road,569
Moody,46101,2017,passenger_low_speed,3018
Moody,46101,2017,pickup_suv_van,5195
Moody,46101,2017,recreational,44
Moody,46101,2017,snowmobile,177
Moody,46101,2017,titles,2517
Moody,46101,2017,trailer,2539
Moody,46101,2017,truck,808
Moody,46101,2016,boat,494
Moody,46101,2016,bus,10
Moody,46101,2016,commercial_plate,389
Moody,46101,2016,electric,10
Moody,46101,2016,gross_vehicle_weight,864
Moody,46101,2016,irp_with_prorate_plate,84
Moody,46101,2016,motorcycle,395
Moody,46101,2016,off_road,559
Moody,46101,2016,passenger_low_speed,3133
Moody,46101,2016,pickup_suv_van,5204
Moody,46101,2016,recreational,46
Moody,46101,2016,snowmobile,231
Moody,46101,2016,titles,2494
Moody,46101,2016,trailer,2556
Moody,46101,2016,truck,839
Moody,46101,2015,boat,512
Moody,46101,2015,bus,91
Moody,46101,2015,commercial_plate,355
Moody,46101,2015,electric,4
Moody,46101,2015,gross_vehicle_weight,846
Moody,46101,2015,irp_with_prorate_plate,86
Moody,46101,2015,motorcycle,371
Moody,46101,2015,off_road,505
Moody,46101,2015,passenger_low_speed,3234
Moody,46101,2015,pickup_suv_van,4992
Moody,46101,2015,recreational,46
Moody,46101,2015,snowmobile,229
Moody,46101,2015,titles,2648
Moody,46101,2015,trailer,2467
Moody,46101,2015,truck,808
Oglala Lakota,46113,2025,boat,9
Oglala Lakota,46113,2025,bus,0
Oglala Lakota,46113,2025,commercial_plate,2
Oglala Lakota,46113,2025,electric,3
Oglala Lakota,46113,2025,gross_vehicle_weight,42
Oglala Lakota,46113,2025,irp_with_prorate_plate,0
Oglala Lakota,46113,2025,motorcycle,10
Oglala Lakota,46113,2025,off_road,3
Oglala Lakota,46113,2025,passenger_low_speed,193
Oglala Lakota,46113,2025,pickup_suv_van,479
Oglala Lakota,46113,2025,recreational,2
Oglala Lakota,46113,2025,snowmobile,0
Oglala Lakota,46113,2025,titles,135
Oglala Lakota,46113,2025,trailer,55
Oglala Lakota,46113,2025,truck,3
Oglala Lakota,46113,2024,boat,50
Oglala Lakota,46113,2024,bus,10
Oglala Lakota,46113,2024,commercial_plate,74
Oglala Lakota,46113,2024,electric,6
Oglala Lakota,46113,2024,gross_vehicle_weight,489
Oglala Lakota,46113,2024,irp_with_prorate_plate,2
Oglala Lakota,46113,2024,motorcycle,163
Oglala Lakota,46113,2024,off_road,51
Oglala Lakota,46113,2024,passenger_low_speed,2319
Oglala Lakota,46113,2024,pickup_suv_van,4995
Oglala Lakota,46113,2024,recreational,14
Oglala Lakota,46113,2024,snowmobile,1
Oglala Lakota,46113,2024,titles,2586
Oglala Lakota,46113,2024,trailer,698
Oglala Lakota,46113,2024,truck,150
Oglala Lakota,46113,2023,boat,50
Oglala Lakota,46113,2023,bus,15
Oglala Lakota,46113,2023,commercial_plate,61
Oglala Lakota,46113,2023,electric,9
Oglala Lakota,46113,2023,gross_vehicle_weight,513
Oglala Lakota,46113,2023,irp_with_prorate_plate,0
Oglala Lakota,46113,2023,motorcycle,193
Oglala Lakota,46113,2023,off_road,44
Oglala Lakota,46113,2023,passenger_low_speed,2583
Oglala Lakota,46113,2023,pickup_suv_van,5605
Oglala Lakota,46113,2023,recreational,18
Oglala Lakota,46113,2023,snowmobile,2
Oglala Lakota,46113,2023,titles,2814
Oglala Lakota,46113,2023,trailer,730
Oglala Lakota,46113,2023,truck,151
Oglala Lakota,46113,2022,boat,57
Oglala Lakota,46113,2022,bus,15
Oglala Lakota,46113,2022,commercial_plate,60
Oglala Lakota,46113,2022,electric,2
Oglala Lakota,46113,2022,electric,4
Oglala Lakota,46113,2022,gross_vehicle_weight,456
Oglala Lakota,46113,2022,irp_with_prorate_plate,0
Oglala Lakota,46113,2022,motorcycle,226
Oglala Lakota,46113,2022,off_road,57
Oglala Lakota,46113,2022,passenger_low_speed,2778
Oglala Lakota,46113,2022,passenger_low_speed,2786
Oglala Lakota,46113,2022,pickup_suv_van,5554
Oglala Lakota,46113,2022,pickup_suv_van,5584
Oglala Lakota,46113,2022,recreational,16
Oglala Lakota,46113,2022,snowmobile,3
Oglala Lakota,46113,2022,titles,3184
Oglala Lakota,46113,2022,trailer,738
Oglala Lakota,46113,2022,truck,146
Oglala Lakota,46113,2021,boat,47
Oglala Lakota,46113,2021,bus,14
Oglala Lakota,46113,2021,commercial_plate,29
Oglala Lakota,46113,2021,electric,1
Oglala Lakota,46113,2021,gross_vehicle_weight,470
Oglala Lakota,46113,2021,gross_vehicle_weight,473
Oglala Lakota,46113,2021,irp_with_prorate_plate,0
Oglala Lakota,46113,2021,motorcycle,233
Oglala Lakota,46113,2021,off_road,53
Oglala Lakota,46113,2021,passenger_low_speed,3495
Oglala Lakota,46113,2021,passenger_low_speed,3494
Oglala Lakota,46113,2021,pickup_suv_van,6221
Oglala Lakota,46113,2021,pickup_suv_van,6220
Oglala Lakota,46113,2021,recreational,17
Oglala Lakota,46113,2021,snowmobile,5
Oglala Lakota,46113,2021,titles,4273
Oglala Lakota,46113,2021,trailer,816
Oglala Lakota,46113,2021,truck,130
Oglala Lakota,46113,2020,boat,42
Oglala Lakota,46113,2020,bus,12
Oglala Lakota,46113,2020,commercial_plate,33
Oglala Lakota,46113,2020,electric,0
Oglala Lakota,46113,2020,gross_vehicle_weight,402
Oglala Lakota,46113,2020,gross_vehicle_weight,400
Oglala Lakota,46113,2020,irp_with_prorate_plate,0
Oglala Lakota,46113,2020,motorcycle,194
Oglala Lakota,46113,2020,off_road,49
Oglala Lakota,46113,2020,passenger_low_speed,3167
Oglala Lakota,46113,2020,pickup_suv_van,5432
Oglala Lakota,46113,2020,recreational,14
Oglala Lakota,46113,2020,snowmobile,4
Oglala Lakota,46113,2020,titles,3478
Oglala Lakota,46113,2020,trailer,742
Oglala Lakota,46113,2020,truck,120
Oglala Lakota,46113,2019,boat,41
Oglala Lakota,46113,2019,bus,24
Oglala Lakota,46113,2019,commercial_plate,49
Oglala Lakota,46113,2019,electric,0
Oglala Lakota,46113,2019,gross_vehicle_weight,404
Oglala Lakota,46113,2019,gross_vehicle_weight,403
Oglala Lakota,46113,2019,irp_with_prorate_plate,0
Oglala Lakota,46113,2019,motorcycle,159
Oglala Lakota,46113,2019,off_road,44
Oglala Lakota,46113,2019,passenger_low_speed,3095
Oglala Lakota,46113,2019,pickup_suv_van,5057
Oglala Lakota,46113,2019,pickup_suv_van,5059
Oglala Lakota,46113,2019,recreational,17
Oglala Lakota,46113,2019,snowmobile,6
Oglala Lakota,46113,2019,titles,3222
Oglala Lakota,46113,2019,trailer,741
Oglala Lakota,46113,2019,truck,148
Oglala Lakota,46113,2018,boat,37
Oglala Lakota,46113,2018,bus,62
Oglala Lakota,46113,2018,commercial_plate,28
Oglala Lakota,46113,2018,electric,2
Oglala Lakota,46113,2018,gross_vehicle_weight,409
Oglala Lakota,46113,2018,gross_vehicle_weight,408
Oglala Lakota,46113,2018,irp_with_prorate_plate,2
Oglala Lakota,46113,2018,motorcycle,147
Oglala Lakota,46113,2018,off_road,44
Oglala Lakota,46113,2018,passenger_low_speed,3396
Oglala Lakota,46113,2018,pickup_suv_van,5101
Oglala Lakota,46113,2018,pickup_suv_van,5102
Oglala Lakota,46113,2018,recreational,17
Oglala Lakota,46113,2018,snowmobile,11
Oglala Lakota,46113,2018,titles,3389
Oglala Lakota,46113,2018,trailer,811
Oglala Lakota,46113,2018,truck,211
Oglala Lakota,46113,2017,boat,43
Oglala Lakota,46113,2017,bus,10
Oglala Lakota,46113,2017,commercial_plate,31
Oglala Lakota,46113,2017,electric,0
Oglala Lakota,46113,2017,gross_vehicle_weight,332
Oglala Lakota,46113,2017,irp_with_prorate_plate,0
Oglala Lakota,46113,2017,motorcycle,165
Oglala Lakota,46113,2017,off_road,37
Oglala Lakota,46113,2017,passenger_low_speed,3253
Oglala Lakota,46113,2017,pickup_suv_van,4648
Oglala Lakota,46113,2017,recreational,19
Oglala Lakota,46113,2017,snowmobile,4
Oglala Lakota,46113,2017,titles,3184
Oglala Lakota,46113,2017,trailer,726
Oglala Lakota,46113,2017,truck,146
Oglala Lakota,46113,2016,boat,52
Oglala Lakota,46113,2016,bus,26
Oglala Lakota,46113,2016,commercial_plate,48
Oglala Lakota,46113,2016,electric,0
Oglala Lakota,46113,2016,gross_vehicle_weight,361
Oglala Lakota,46113,2016,irp_with_prorate_plate,0
Oglala Lakota,46113,2016,motorcycle,185
Oglala Lakota,46113,2016,off_road,39
Oglala Lakota,46113,2016,passenger_low_speed,3278
Oglala Lakota,46113,2016,pickup_suv_van,4745
Oglala Lakota,46113,2016,recreational,17
Oglala Lakota,46113,2016,snowmobile,4
Oglala Lakota,46113,2016,titles,3013
Oglala Lakota,46113,2016,trailer,822
Oglala Lakota,46113,2016,truck,185
Oglala Lakota,46113,2015,boat,46
Oglala Lakota,46113,2015,bus,248
Oglala Lakota,46113,2015,commercial_plate,36
Oglala Lakota,46113,2015,electric,0
Oglala Lakota,46113,2015,gross_vehicle_weight,331
Oglala Lakota,46113,2015,irp_with_prorate_plate,1
Oglala Lakota,46113,2015,motorcycle,172
Oglala Lakota,46113,2015,off_road,26
Oglala Lakota,46113,2015,passenger_low_speed,3495
Oglala Lakota,46113,2015,pickup_suv_van,4969
Oglala Lakota,46113,2015,recreational,14
Oglala Lakota,46113,2015,snowmobile,6
Oglala Lakota,46113,2015,titles,3516
Oglala Lakota,46113,2015,trailer,856
Oglala Lakota,46113,2015,truck,173
Pennington,46103,2025,boat,524
Pennington,46103,2025,bus,10
Pennington,46103,2025,commercial_plate,937
Pennington,46103,2025,electric,77
Pennington,46103,2025,gross_vehicle_weight,187
Pennington,46103,2025,irp_with_prorate_plate,9
Pennington,46103,2025,motorcycle,1126
Pennington,46103,2025,off_road,924
Pennington,46103,2025,passenger_low_speed,4077
Pennington,46103,2025,pickup_suv_van,11335
Pennington,46103,2025,recreational,418
Pennington,46103,2025,snowmobile,151
Pennington,46103,2025,titles,3102
Pennington,46103,2025,trailer,3332
Pennington,46103,2025,truck,418
Pennington,46103,2024,boat,5181
Pennington,46103,2024,bus,135
Pennington,46103,2024,commercial_plate,6622
Pennington,46103,2024,electric,563
Pennington,46103,2024,gross_vehicle_weight,1636
Pennington,46103,2024,irp_with_prorate_plate,481
Pennington,46103,2024,motorcycle,10830
Pennington,46103,2024,off_road,8879
Pennington,46103,2024,passenger_low_speed,37423
Pennington,46103,2024,pickup_suv_van,96359
Pennington,46103,2024,recreational,3889
Pennington,46103,2024,snowmobile,651
Pennington,46103,2024,titles,46229
Pennington,46103,2024,trailer,28511
Pennington,46103,2024,truck,3548
Pennington,46103,2023,boat,5536
Pennington,46103,2023,bus,143
Pennington,46103,2023,commercial_plate,6816
Pennington,46103,2023,electric,456
Pennington,46103,2023,gross_vehicle_weight,1738
Pennington,46103,2023,irp_with_prorate_plate,471
Pennington,46103,2023,motorcycle,11120
Pennington,46103,2023,off_road,9183
Pennington,46103,2023,passenger_low_speed,40223
Pennington,46103,2023,pickup_suv_van,100070
Pennington,46103,2023,recreational,4275
Pennington,46103,2023,snowmobile,844
Pennington,46103,2023,titles,56230
Pennington,46103,2023,trailer,30842
Pennington,46103,2023,truck,3648
Pennington,46103,2022,boat,5466
Pennington,46103,2022,bus,147
Pennington,46103,2022,commercial_plate,6622
Pennington,46103,2022,electric,375
Pennington,46103,2022,electric,374
Pennington,46103,2022,gross_vehicle_weight,1754
Pennington,46103,2022,gross_vehicle_weight,1804
Pennington,46103,2022,irp_with_prorate_plate,451
Pennington,46103,2022,motorcycle,11037
Pennington,46103,2022,off_road,9417
Pennington,46103,2022,off_road,9420
Pennington,46103,2022,passenger_low_speed,40917
Pennington,46103,2022,passenger_low_speed,40964
Pennington,46103,2022,pickup_suv_van,95213
Pennington,46103,2022,pickup_suv_van,95286
Pennington,46103,2022,recreational,4470
Pennington,46103,2022,recreational,4473
Pennington,46103,2022,snowmobile,836
Pennington,46103,2022,titles,50816
Pennington,46103,2022,titles,50814
Pennington,46103,2022,trailer,30630
Pennington,46103,2022,trailer,30629
Pennington,46103,2022,truck,3572
Pennington,46103,2022,truck,3571
Pennington,46103,2021,boat,5767
Pennington,46103,2021,bus,127
Pennington,46103,2021,commercial_plate,6956
Pennington,46103,2021,electric,252
Pennington,46103,2021,electric,249
Pennington,46103,2021,gross_vehicle_weight,1928
Pennington,46103,2021,gross_vehicle_weight,1978
Pennington,46103,2021,irp_with_prorate_plate,493
Pennington,46103,2021,motorcycle,10899
Pennington,46103,2021,off_road,9569
Pennington,46103,2021,off_road,9567
Pennington,46103,2021,passenger_low_speed,43536
Pennington,46103,2021,pickup_suv_van,96870
Pennington,46103,2021,pickup_suv_van,96869
Pennington,46103,2021,recreational,4696
Pennington,46103,2021,snowmobile,865
Pennington,46103,2021,titles,60557
Pennington,46103,2021,trailer,31809
Pennington,46103,2021,truck,3685
Pennington,46103,2020,boat,5636
Pennington,46103,2020,bus,109
Pennington,46103,2020,commercial_plate,6728
Pennington,46103,2020,electric,150
Pennington,46103,2020,electric,146
Pennington,46103,2020,gross_vehicle_weight,1866
Pennington,46103,2020,gross_vehicle_weight,1885
Pennington,46103,2020,irp_with_prorate_plate,480
Pennington,46103,2020,motorcycle,10252
Pennington,46103,2020,off_road,8249
Pennington,46103,2020,off_road,8248
Pennington,46103,2020,passenger_low_speed,42650
Pennington,46103,2020,pickup_suv_van,90183
Pennington,46103,2020,pickup_suv_van,90184
Pennington,46103,2020,recreational,4252
Pennington,46103,2020,snowmobile,928
Pennington,46103,2020,titles,53022
Pennington,46103,2020,trailer,29537
Pennington,46103,2020,truck,3449
Pennington,46103,2019,boat,5489
Pennington,46103,2019,bus,116
Pennington,46103,2019,commercial_plate,6593
Pennington,46103,2019,electric,108
Pennington,46103,2019,gross_vehicle_weight,1919
Pennington,46103,2019,gross_vehicle_weight,1929
Pennington,46103,2019,irp_with_prorate_plate,555
Pennington,46103,2019,motorcycle,10216
Pennington,46103,2019,off_road,7217
Pennington,46103,2019,off_road,7216
Pennington,46103,2019,passenger_low_speed,45759
Pennington,46103,2019,pickup_suv_van,87305
Pennington,46103,2019,pickup_suv_van,87306
Pennington,46103,2019,recreational,4109
Pennington,46103,2019,snowmobile,881
Pennington,46103,2019,titles,55555
Pennington,46103,2019,trailer,28183
Pennington,46103,2019,truck,3587
Pennington,46103,2018,boat,5743
Pennington,46103,2018,bus,239
Pennington,46103,2018,commercial_plate,6637
Pennington,46103,2018,electric,68
Pennington,46103,2018,electric,67
Pennington,46103,2018,gross_vehicle_weight,1967
Pennington,46103,2018,gross_vehicle_weight,1971
Pennington,46103,2018,irp_with_prorate_plate,578
Pennington,46103,2018,motorcycle,10283
Pennington,46103,2018,off_road,6481
Pennington,46103,2018,passenger_low_speed,47994
Pennington,46103,2018,pickup_suv_van,84769
Pennington,46103,2018,recreational,3733
Pennington,46103,2018,snowmobile,935
Pennington,46103,2018,titles,53323
Pennington,46103,2018,trailer,27979
Pennington,46103,2018,trailer,27980
Pennington,46103,2018,truck,3731
Pennington,46103,2017,boat,5820
Pennington,46103,2017,bus,123
Pennington,46103,2017,commercial_plate,6446
Pennington,46103,2017,electric,43
Pennington,46103,2017,gross_vehicle_weight,2006
Pennington,46103,2017,irp_with_prorate_plate,615
Pennington,46103,2017,motorcycle,10327
Pennington,46103,2017,off_road,5657
Pennington,46103,2017,passenger_low_speed,49180
Pennington,46103,2017,pickup_suv_van,80701
Pennington,46103,2017,recreational,3358
Pennington,46103,2017,snowmobile,876
Pennington,46103,2017,titles,52939
Pennington,46103,2017,trailer,27094
Pennington,46103,2017,truck,3567
Pennington,46103,2016,boat,5804
Pennington,46103,2016,bus,115
Pennington,46103,2016,commercial_plate,6570
Pennington,46103,2016,electric,25
Pennington,46103,2016,gross_vehicle_weight,2040
Pennington,46103,2016,irp_with_prorate_plate,678
Pennington,46103,2016,motorcycle,10663
Pennington,46103,2016,off_road,4846
Pennington,46103,2016,passenger_low_speed,50096
Pennington,46103,2016,pickup_suv_van,79396
Pennington,46103,2016,recreational,3211
Pennington,46103,2016,snowmobile,905
Pennington,46103,2016,titles,51233
Pennington,46103,2016,trailer,26921
Pennington,46103,2016,truck,3690
Pennington,46103,2015,boat,5696
Pennington,46103,2015,bus,15
Pennington,46103,2015,commercial_plate,6547
Pennington,46103,2015,electric,24
Pennington,46103,2015,gross_vehicle_weight,1982
Pennington,46103,2015,irp_with_prorate_plate,798
Pennington,46103,2015,motorcycle,10283
Pennington,46103,2015,off_road,4384
Pennington,46103,2015,passenger_low_speed,49677
Pennington,46103,2015,pickup_suv_van,76742
Pennington,46103,2015,recreational,3053
Pennington,46103,2015,snowmobile,918
Pennington,46103,2015,titles,53408
Pennington,46103,2015,trailer,25772
Pennington,46103,2015,truck,4013
Perkins,46105,2025,boat,28
Perkins,46105,2025,bus,0
Perkins,46105,2025,commercial_plate,10
Perkins,46105,2025,electric,0
Perkins,46105,2025,gross_vehicle_weight,57
Perkins,46105,2025,irp_with_prorate_plate,0
Perkins,46105,2025,motorcycle,29
Perkins,46105,2025,off_road,27
Perkins,46105,2025,passenger_low_speed,112
Perkins,46105,2025,pickup_suv_van,522
Perkins,46105,2025,recreational,3
Perkins,46105,2025,snowmobile,2
Perkins,46105,2025,titles,65
Perkins,46105,2025,trailer,234
Perkins,46105,2025,truck,47
Perkins,46105,2024,boat,272
Perkins,46105,2024,bus,2
Perkins,46105,2024,commercial_plate,149
Perkins,46105,2024,electric,2
Perkins,46105,2024,gross_vehicle_weight,526
Perkins,46105,2024,irp_with_prorate_plate,15
Perkins,46105,2024,motorcycle,193
Perkins,46105,2024,off_road,206
Perkins,46105,2024,passenger_low_speed,848
Perkins,46105,2024,pickup_suv_van,3586
Perkins,46105,2024,recreational,29
Perkins,46105,2024,snowmobile,18
Perkins,46105,2024,titles,1144
Perkins,46105,2024,trailer,1769
Perkins,46105,2024,truck,529
Perkins,46105,2023,boat,286
Perkins,46105,2023,bus,1
Perkins,46105,2023,commercial_plate,160
Perkins,46105,2023,electric,1
Perkins,46105,2023,gross_vehicle_weight,551
Perkins,46105,2023,irp_with_prorate_plate,9
Perkins,46105,2023,motorcycle,184
Perkins,46105,2023,off_road,191
Perkins,46105,2023,passenger_low_speed,907
Perkins,46105,2023,pickup_suv_van,3614
Perkins,46105,2023,recreational,25
Perkins,46105,2023,snowmobile,26
Perkins,46105,2023,titles,1366
Perkins,46105,2023,trailer,1863
Perkins,46105,2023,truck,552
Perkins,46105,2022,boat,300
Perkins,46105,2022,bus,3
Perkins,46105,2022,commercial_plate,144
Perkins,46105,2022,electric,1
Perkins,46105,2022,gross_vehicle_weight,514
Perkins,46105,2022,gross_vehicle_weight,515
Perkins,46105,2022,irp_with_prorate_plate,9
Perkins,46105,2022,motorcycle,188
Perkins,46105,2022,off_road,169
Perkins,46105,2022,passenger_low_speed,917
Perkins,46105,2022,pickup_suv_van,3369
Perkins,46105,2022,pickup_suv_van,3374
Perkins,46105,2022,recreational,19
Perkins,46105,2022,snowmobile,19
Perkins,46105,2022,titles,1110
Perkins,46105,2022,trailer,1769
Perkins,46105,2022,truck,521
Perkins,46105,2021,boat,318
Perkins,46105,2021,bus,5
Perkins,46105,2021,commercial_plate,161
Perkins,46105,2021,electric,1
Perkins,46105,2021,gross_vehicle_weight,513
Perkins,46105,2021,irp_with_prorate_plate,14
Perkins,46105,2021,motorcycle,181
Perkins,46105,2021,off_road,167
Perkins,46105,2021,passenger_low_speed,939
Perkins,46105,2021,pickup_suv_van,3472
Perkins,46105,2021,recreational,25
Perkins,46105,2021,snowmobile,23
Perkins,46105,2021,titles,1406
Perkins,46105,2021,trailer,1844
Perkins,46105,2021,truck,529
Perkins,46105,2020,boat,317
Perkins,46105,2020,bus,3
Perkins,46105,2020,commercial_plate,163
Perkins,46105,2020,electric,1
Perkins,46105,2020,gross_vehicle_weight,495
Perkins,46105,2020,gross_vehicle_weight,492
Perkins,46105,2020,irp_with_prorate_plate,16
Perkins,46105,2020,motorcycle,165
Perkins,46105,2020,off_road,160
Perkins,46105,2020,passenger_low_speed,962
Perkins,46105,2020,pickup_suv_van,3355
Perkins,46105,2020,recreational,30
Perkins,46105,2020,snowmobile,33
Perkins,46105,2020,titles,1139
Perkins,46105,2020,trailer,1784
Perkins,46105,2020,truck,530
Perkins,46105,2019,boat,296
Perkins,46105,2019,bus,4
Perkins,46105,2019,commercial_plate,158
Perkins,46105,2019,electric,0
Perkins,46105,2019,gross_vehicle_weight,487
Perkins,46105,2019,irp_with_prorate_plate,21
Perkins,46105,2019,motorcycle,147
Perkins,46105,2019,off_road,145
Perkins,46105,2019,passenger_low_speed,1019
Perkins,46105,2019,pickup_suv_van,3271
Perkins,46105,2019,recreational,28
Perkins,46105,2019,snowmobile,46
Perkins,46105,2019,titles,1094
Perkins,46105,2019,trailer,1697
Perkins,46105,2019,truck,529
Perkins,46105,2018,boat,291
Perkins,46105,2018,bus,11
Perkins,46105,2018,commercial_plate,169
Perkins,46105,2018,electric,0
Perkins,46105,2018,gross_vehicle_weight,507
Perkins,46105,2018,irp_with_prorate_plate,18
Perkins,46105,2018,motorcycle,168
Perkins,46105,2018,off_road,120
Perkins,46105,2018,passenger_low_speed,1086
Perkins,46105,2018,pickup_suv_van,3361
Perkins,46105,2018,recreational,30
Perkins,46105,2018,snowmobile,38
Perkins,46105,2018,titles,1217
Perkins,46105,2018,trailer,1739
Perkins,46105,2018,truck,562
Perkins,46105,2017,boat,323
Perkins,46105,2017,bus,3
Perkins,46105,2017,commercial_plate,191
Perkins,46105,2017,electric,0
Perkins,46105,2017,gross_vehicle_weight,554
Perkins,46105,2017,irp_with_prorate_plate,17
Perkins,46105,2017,motorcycle,179
Perkins,46105,2017,off_road,103
Perkins,46105,2017,passenger_low_speed,1157
Perkins,46105,2017,pickup_suv_van,3382
Perkins,46105,2017,recreational,31
Perkins,46105,2017,snowmobile,45
Perkins,46105,2017,titles,1349
Perkins,46105,2017,trailer,1789
Perkins,46105,2017,truck,587
Perkins,46105,2016,boat,317
Perkins,46105,2016,bus,3
Perkins,46105,2016,commercial_plate,174
Perkins,46105,2016,electric,0
Perkins,46105,2016,gross_vehicle_weight,572
Perkins,46105,2016,irp_with_prorate_plate,18
Perkins,46105,2016,motorcycle,181
Perkins,46105,2016,off_road,100
Perkins,46105,2016,passenger_low_speed,1194
Perkins,46105,2016,pickup_suv_van,3406
Perkins,46105,2016,recreational,35
Perkins,46105,2016,snowmobile,51
Perkins,46105,2016,titles,1329
Perkins,46105,2016,trailer,1783
Perkins,46105,2016,truck,590
Perkins,46105,2015,boat,307
Perkins,46105,2015,bus,22
Perkins,46105,2015,commercial_plate,197
Perkins,46105,2015,electric,0
Perkins,46105,2015,gross_vehicle_weight,593
Perkins,46105,2015,irp_with_prorate_plate,17
Perkins,46105,2015,motorcycle,184
Perkins,46105,2015,off_road,86
Perkins,46105,2015,passenger_low_speed,1221
Perkins,46105,2015,pickup_suv_van,3381
Perkins,46105,2015,recreational,30
Perkins,46105,2015,snowmobile,42
Perkins,46105,2015,titles,1610
Perkins,46105,2015,trailer,1768
Perkins,46105,2015,truck,648
Potter,46107,2025,boat,29
Potter,46107,2025,bus,2
Potter,46107,2025,commercial_plate,20
Potter,46107,2025,electric,0
Potter,46107,2025,gross_vehicle_weight,40
Potter,46107,2025,irp_with_prorate_plate,1
Potter,46107,2025,motorcycle,5
Potter,46107,2025,off_road,27
Potter,46107,2025,passenger_low_speed,75
Potter,46107,2025,pickup_suv_van,303
Potter,46107,2025,recreational,1
Potter,46107,2025,snowmobile,4
Potter,46107,2025,titles,44
Potter,46107,2025,trailer,162
Potter,46107,2025,truck,49
Potter,46107,2024,boat,326
Potter,46107,2024,bus,17
Potter,46107,2024,commercial_plate,186
Potter,46107,2024,electric,1
Potter,46107,2024,gross_vehicle_weight,505
Potter,46107,2024,irp_with_prorate_plate,10
Potter,46107,2024,motorcycle,153
Potter,46107,2024,off_road,274
Potter,46107,2024,passenger_low_speed,741
Potter,46107,2024,pickup_suv_van,2773
Potter,46107,2024,recreational,24
Potter,46107,2024,snowmobile,57
Potter,46107,2024,titles,1034
Potter,46107,2024,trailer,1721
Potter,46107,2024,truck,591
Potter,46107,2023,boat,326
Potter,46107,2023,bus,17
Potter,46107,2023,commercial_plate,187
Potter,46107,2023,electric,1
Potter,46107,2023,gross_vehicle_weight,493
Potter,46107,2023,irp_with_prorate_plate,7
Potter,46107,2023,motorcycle,155
Potter,46107,2023,off_road,280
Potter,46107,2023,passenger_low_speed,759
Potter,46107,2023,pickup_suv_van,2805
Potter,46107,2023,recreational,28
Potter,46107,2023,snowmobile,73
Potter,46107,2023,titles,1316
Potter,46107,2023,trailer,1726
Potter,46107,2023,truck,568
Potter,46107,2022,boat,313
Potter,46107,2022,bus,17
Potter,46107,2022,commercial_plate,169
Potter,46107,2022,electric,3
Potter,46107,2022,gross_vehicle_weight,480
Potter,46107,2022,gross_vehicle_weight,483
Potter,46107,2022,irp_with_prorate_plate,13
Potter,46107,2022,motorcycle,133
Potter,46107,2022,off_road,266
Potter,46107,2022,passenger_low_speed,743
Potter,46107,2022,pickup_suv_van,2641
Potter,46107,2022,pickup_suv_van,2645
Potter,46107,2022,recreational,28
Potter,46107,2022,snowmobile,55
Potter,46107,2022,titles,980
Potter,46107,2022,trailer,1653
Potter,46107,2022,truck,547
Potter,46107,2021,boat,343
Potter,46107,2021,bus,17
Potter,46107,2021,commercial_plate,180
Potter,46107,2021,electric,3
Potter,46107,2021,gross_vehicle_weight,501
Potter,46107,2021,gross_vehicle_weight,502
Potter,46107,2021,irp_with_prorate_plate,13
Potter,46107,2021,motorcycle,165
Potter,46107,2021,off_road,259
Potter,46107,2021,passenger_low_speed,833
Potter,46107,2021,pickup_suv_van,2772
Potter,46107,2021,recreational,29
Potter,46107,2021,snowmobile,55
Potter,46107,2021,titles,1421
Potter,46107,2021,trailer,1734
Potter,46107,2021,truck,575
Potter,46107,2020,boat,337
Potter,46107,2020,bus,14
Potter,46107,2020,commercial_plate,186
Potter,46107,2020,electric,3
Potter,46107,2020,gross_vehicle_weight,482
Potter,46107,2020,gross_vehicle_weight,483
Potter,46107,2020,irp_with_prorate_plate,11
Potter,46107,2020,motorcycle,152
Potter,46107,2020,off_road,234
Potter,46107,2020,passenger_low_speed,839
Potter,46107,2020,pickup_suv_van,2651
Potter,46107,2020,recreational,34
Potter,46107,2020,snowmobile,69
Potter,46107,2020,titles,995
Potter,46107,2020,trailer,1622
Potter,46107,2020,truck,548
Potter,46107,2019,boat,324
Potter,46107,2019,bus,15
Potter,46107,2019,commercial_plate,172
Potter,46107,2019,electric,1
Potter,46107,2019,gross_vehicle_weight,474
Potter,46107,2019,irp_with_prorate_plate,14
Potter,46107,2019,motorcycle,147
Potter,46107,2019,off_road,218
Potter,46107,2019,passenger_low_speed,842
Potter,46107,2019,pickup_suv_van,2645
Potter,46107,2019,recreational,35
Potter,46107,2019,snowmobile,73
Potter,46107,2019,titles,1033
Potter,46107,2019,trailer,1591
Potter,46107,2019,truck,545
Potter,46107,2018,boat,329
Potter,46107,2018,bus,17
Potter,46107,2018,commercial_plate,175
Potter,46107,2018,electric,1
Potter,46107,2018,gross_vehicle_weight,481
Potter,46107,2018,gross_vehicle_weight,480
Potter,46107,2018,irp_with_prorate_plate,17
Potter,46107,2018,motorcycle,164
Potter,46107,2018,off_road,209
Potter,46107,2018,passenger_low_speed,930
Potter,46107,2018,pickup_suv_van,2634
Potter,46107,2018,recreational,31
Potter,46107,2018,snowmobile,63
Potter,46107,2018,titles,972
Potter,46107,2018,trailer,1571
Potter,46107,2018,truck,558
Potter,46107,2017,boat,330
Potter,46107,2017,bus,13
Potter,46107,2017,commercial_plate,188
Potter,46107,2017,electric,2
Potter,46107,2017,gross_vehicle_weight,499
Potter,46107,2017,irp_with_prorate_plate,17
Potter,46107,2017,motorcycle,159
Potter,46107,2017,off_road,195
Potter,46107,2017,passenger_low_speed,966
Potter,46107,2017,pickup_suv_van,2665
Potter,46107,2017,recreational,45
Potter,46107,2017,snowmobile,59
Potter,46107,2017,titles,1025
Potter,46107,2017,trailer,1579
Potter,46107,2017,truck,571
Potter,46107,2016,boat,341
Potter,46107,2016,bus,17
Potter,46107,2016,commercial_plate,185
Potter,46107,2016,electric,1
Potter,46107,2016,gross_vehicle_weight,519
Potter,46107,2016,irp_with_prorate_plate,18
Potter,46107,2016,motorcycle,172
Potter,46107,2016,off_road,196
Potter,46107,2016,passenger_low_speed,1001
Potter,46107,2016,pickup_suv_van,2653
Potter,46107,2016,recreational,38
Potter,46107,2016,snowmobile,58
Potter,46107,2016,titles,1047
Potter,46107,2016,trailer,1588
Potter,46107,2016,truck,569
Potter,46107,2015,boat,332
Potter,46107,2015,bus,39
Potter,46107,2015,commercial_plate,209
Potter,46107,2015,electric,1
Potter,46107,2015,gross_vehicle_weight,569
Potter,46107,2015,irp_with_prorate_plate,20
Potter,46107,2015,motorcycle,183
Potter,46107,2015,off_road,183
Potter,46107,2015,passenger_low_speed,1070
Potter,46107,2015,pickup_suv_van,2726
Potter,46107,2015,recreational,44
Potter,46107,2015,snowmobile,69
Potter,46107,2015,titles,1313
Potter,46107,2015,trailer,1628
Potter,46107,2015,truck,661
Roberts,46109,2025,boat,121
Roberts,46109,2025,bus,1
Roberts,46109,2025,commercial_plate,31
Roberts,46109,2025,electric,1
Roberts,46109,2025,gross_vehicle_weight,54
Roberts,46109,2025,irp_with_prorate_plate,0
Roberts,46109,2025,motorcycle,55
Roberts,46109,2025,off_road,81
Roberts,46109,2025,passenger_low_speed,335
Roberts,46109,2025,pickup_suv_van,1068
Roberts,46109,2025,recreational,3
Roberts,46109,2025,snowmobile,25
Roberts,46109,2025,titles,164
Roberts,46109,2025,trailer,441
Roberts,46109,2025,truck,66
Roberts,46109,2024,boat,1123
Roberts,46109,2024,bus,5
Roberts,46109,2024,commercial_plate,361
Roberts,46109,2024,electric,10
Roberts,46109,2024,gross_vehicle_weight,762
Roberts,46109,2024,irp_with_prorate_plate,32
Roberts,46109,2024,motorcycle,527
Roberts,46109,2024,off_road,612
Roberts,46109,2024,passenger_low_speed,2727
Roberts,46109,2024,pickup_suv_van,8583
Roberts,46109,2024,recreational,50
Roberts,46109,2024,snowmobile,191
Roberts,46109,2024,titles,3338
Roberts,46109,2024,trailer,3930
Roberts,46109,2024,truck,925
Roberts,46109,2023,boat,1132
Roberts,46109,2023,bus,5
Roberts,46109,2023,commercial_plate,368
Roberts,46109,2023,electric,8
Roberts,46109,2023,gross_vehicle_weight,782
Roberts,46109,2023,irp_with_prorate_plate,38
Roberts,46109,2023,motorcycle,504
Roberts,46109,2023,off_road,597
Roberts,46109,2023,passenger_low_speed,2942
Roberts,46109,2023,pickup_suv_van,8826
Roberts,46109,2023,recreational,67
Roberts,46109,2023,snowmobile,237
Roberts,46109,2023,titles,4048
Roberts,46109,2023,trailer,3969
Roberts,46109,2023,truck,949
Roberts,46109,2022,boat,1111
Roberts,46109,2022,bus,4
Roberts,46109,2022,commercial_plate,344
Roberts,46109,2022,electric,5
Roberts,46109,2022,gross_vehicle_weight,787
Roberts,46109,2022,gross_vehicle_weight,794
Roberts,46109,2022,irp_with_prorate_plate,39
Roberts,46109,2022,motorcycle,515
Roberts,46109,2022,off_road,506
Roberts,46109,2022,passenger_low_speed,3069
Roberts,46109,2022,passenger_low_speed,3072
Roberts,46109,2022,pickup_suv_van,8524
Roberts,46109,2022,pickup_suv_van,8540
Roberts,46109,2022,recreational,69
Roberts,46109,2022,snowmobile,227
Roberts,46109,2022,titles,3738
Roberts,46109,2022,trailer,3871
Roberts,46109,2022,truck,957
Roberts,46109,2021,boat,1164
Roberts,46109,2021,bus,6
Roberts,46109,2021,commercial_plate,370
Roberts,46109,2021,electric,4
Roberts,46109,2021,gross_vehicle_weight,812
Roberts,46109,2021,gross_vehicle_weight,819
Roberts,46109,2021,irp_with_prorate_plate,40
Roberts,46109,2021,motorcycle,524
Roberts,46109,2021,off_road,478
Roberts,46109,2021,passenger_low_speed,3545
Roberts,46109,2021,pickup_suv_van,8792
Roberts,46109,2021,recreational,68
Roberts,46109,2021,snowmobile,215
Roberts,46109,2021,titles,4718
Roberts,46109,2021,trailer,3963
Roberts,46109,2021,truck,978
Roberts,46109,2020,boat,1104
Roberts,46109,2020,bus,3
Roberts,46109,2020,commercial_plate,372
Roberts,46109,2020,electric,3
Roberts,46109,2020,gross_vehicle_weight,818
Roberts,46109,2020,gross_vehicle_weight,826
Roberts,46109,2020,irp_with_prorate_plate,41
Roberts,46109,2020,motorcycle,481
Roberts,46109,2020,off_road,440
Roberts,46109,2020,passenger_low_speed,3476
Roberts,46109,2020,pickup_suv_van,8368
Roberts,46109,2020,pickup_suv_van,8367
Roberts,46109,2020,recreational,53
Roberts,46109,2020,snowmobile,255
Roberts,46109,2020,titles,4056
Roberts,46109,2020,trailer,3730
Roberts,46109,2020,truck,986
Roberts,46109,2019,boat,1042
Roberts,46109,2019,bus,25
Roberts,46109,2019,commercial_plate,398
Roberts,46109,2019,electric,3
Roberts,46109,2019,gross_vehicle_weight,878
Roberts,46109,2019,gross_vehicle_weight,886
Roberts,46109,2019,irp_with_prorate_plate,38
Roberts,46109,2019,motorcycle,445
Roberts,46109,2019,off_road,371
Roberts,46109,2019,passenger_low_speed,3663
Roberts,46109,2019,pickup_suv_van,8358
Roberts,46109,2019,recreational,58
Roberts,46109,2019,snowmobile,252
Roberts,46109,2019,titles,4108
Roberts,46109,2019,trailer,3573
Roberts,46109,2019,truck,1055
Roberts,46109,2018,boat,1079
Roberts,46109,2018,bus,36
Roberts,46109,2018,commercial_plate,378
Roberts,46109,2018,electric,2
Roberts,46109,2018,gross_vehicle_weight,871
Roberts,46109,2018,gross_vehicle_weight,879
Roberts,46109,2018,irp_with_prorate_plate,39
Roberts,46109,2018,motorcycle,450
Roberts,46109,2018,off_road,342
Roberts,46109,2018,passenger_low_speed,3822
Roberts,46109,2018,pickup_suv_van,7925
Roberts,46109,2018,recreational,59
Roberts,46109,2018,snowmobile,229
Roberts,46109,2018,titles,3930
Roberts,46109,2018,trailer,3620
Roberts,46109,2018,truck,1047
Roberts,46109,2017,boat,1106
Roberts,46109,2017,bus,6
Roberts,46109,2017,commercial_plate,390
Roberts,46109,2017,electric,2
Roberts,46109,2017,gross_vehicle_weight,911
Roberts,46109,2017,irp_with_prorate_plate,46
Roberts,46109,2017,motorcycle,449
Roberts,46109,2017,off_road,345
Roberts,46109,2017,passenger_low_speed,4038
Roberts,46109,2017,pickup_suv_van,7927
Roberts,46109,2017,recreational,69
Roberts,46109,2017,snowmobile,260
Roberts,46109,2017,titles,4155
Roberts,46109,2017,trailer,3655
Roberts,46109,2017,truck,1050
Roberts,46109,2016,boat,1119
Roberts,46109,2016,bus,28
Roberts,46109,2016,commercial_plate,417
Roberts,46109,2016,electric,1
Roberts,46109,2016,gross_vehicle_weight,949
Roberts,46109,2016,irp_with_prorate_plate,58
Roberts,46109,2016,motorcycle,439
Roberts,46109,2016,off_road,307
Roberts,46109,2016,passenger_low_speed,4172
Roberts,46109,2016,pickup_suv_van,7864
Roberts,46109,2016,recreational,72
Roberts,46109,2016,snowmobile,279
Roberts,46109,2016,titles,4169
Roberts,46109,2016,trailer,3702
Roberts,46109,2016,truck,1118
Roberts,46109,2015,boat,1140
Roberts,46109,2015,bus,12
Roberts,46109,2015,commercial_plate,429
Roberts,46109,2015,electric,1
Roberts,46109,2015,gross_vehicle_weight,944
Roberts,46109,2015,irp_with_prorate_plate,55
Roberts,46109,2015,motorcycle,442
Roberts,46109,2015,off_road,291
Roberts,46109,2015,passenger_low_speed,4298
Roberts,46109,2015,pickup_suv_van,7501
Roberts,46109,2015,recreational,72
Roberts,46109,2015,snowmobile,282
Roberts,46109,2015,titles,4516
Roberts,46109,2015,trailer,3641
Roberts,46109,2015,truck,1146
Sanborn,46111,2025,boat,11
Sanborn,46111,2025,bus,0
Sanborn,46111,2025,commercial_plate,37
Sanborn,46111,2025,electric,1
Sanborn,46111,2025,gross_vehicle_weight,58
Sanborn,46111,2025,irp_with_prorate_plate,2
Sanborn,46111,2025,motorcycle,5
Sanborn,46111,2025,off_road,22
Sanborn,46111,2025,passenger_low_speed,87
Sanborn,46111,2025,pickup_suv_van,380
Sanborn,46111,2025,recreational,3
Sanborn,46111,2025,snowmobile,2
Sanborn,46111,2025,titles,72
Sanborn,46111,2025,trailer,165
Sanborn,46111,2025,truck,59
Sanborn,46111,2024,boat,148
Sanborn,46111,2024,bus,2
Sanborn,46111,2024,commercial_plate,162
Sanborn,46111,2024,electric,5
Sanborn,46111,2024,gross_vehicle_weight,389
Sanborn,46111,2024,irp_with_prorate_plate,22
Sanborn,46111,2024,motorcycle,117
Sanborn,46111,2024,off_road,271
Sanborn,46111,2024,passenger_low_speed,677
Sanborn,46111,2024,pickup_suv_van,2777
Sanborn,46111,2024,recreational,16
Sanborn,46111,2024,snowmobile,16
Sanborn,46111,2024,titles,1137
Sanborn,46111,2024,trailer,1340
Sanborn,46111,2024,truck,425
Sanborn,46111,2023,boat,150
Sanborn,46111,2023,bus,2
Sanborn,46111,2023,commercial_plate,172
Sanborn,46111,2023,electric,5
Sanborn,46111,2023,gross_vehicle_weight,379
Sanborn,46111,2023,irp_with_prorate_plate,21
Sanborn,46111,2023,motorcycle,122
Sanborn,46111,2023,off_road,264
Sanborn,46111,2023,passenger_low_speed,781
Sanborn,46111,2023,pickup_suv_van,2835
Sanborn,46111,2023,recreational,19
Sanborn,46111,2023,snowmobile,19
Sanborn,46111,2023,titles,1259
Sanborn,46111,2023,trailer,1408
Sanborn,46111,2023,truck,422
Sanborn,46111,2022,boat,151
Sanborn,46111,2022,bus,2
Sanborn,46111,2022,commercial_plate,167
Sanborn,46111,2022,electric,2
Sanborn,46111,2022,gross_vehicle_weight,375
Sanborn,46111,2022,irp_with_prorate_plate,17
Sanborn,46111,2022,motorcycle,126
Sanborn,46111,2022,off_road,254
Sanborn,46111,2022,passenger_low_speed,805
Sanborn,46111,2022,passenger_low_speed,807
Sanborn,46111,2022,pickup_suv_van,2718
Sanborn,46111,2022,pickup_suv_van,2721
Sanborn,46111,2022,recreational,16
Sanborn,46111,2022,snowmobile,30
Sanborn,46111,2022,titles,1117
Sanborn,46111,2022,trailer,1403
Sanborn,46111,2022,trailer,1404
Sanborn,46111,2022,truck,417
Sanborn,46111,2021,boat,179
Sanborn,46111,2021,bus,2
Sanborn,46111,2021,commercial_plate,169
Sanborn,46111,2021,electric,2
Sanborn,46111,2021,gross_vehicle_weight,371
Sanborn,46111,2021,irp_with_prorate_plate,26
Sanborn,46111,2021,motorcycle,122
Sanborn,46111,2021,off_road,250
Sanborn,46111,2021,passenger_low_speed,874
Sanborn,46111,2021,pickup_suv_van,2779
Sanborn,46111,2021,recreational,16
Sanborn,46111,2021,snowmobile,30
Sanborn,46111,2021,titles,1334
Sanborn,46111,2021,trailer,1465
Sanborn,46111,2021,truck,433
Sanborn,46111,2020,boat,156
Sanborn,46111,2020,bus,3
Sanborn,46111,2020,commercial_plate,149
Sanborn,46111,2020,electric,1
Sanborn,46111,2020,gross_vehicle_weight,379
Sanborn,46111,2020,irp_with_prorate_plate,20
Sanborn,46111,2020,motorcycle,110
Sanborn,46111,2020,off_road,226
Sanborn,46111,2020,passenger_low_speed,900
Sanborn,46111,2020,pickup_suv_van,2604
Sanborn,46111,2020,recreational,16
Sanborn,46111,2020,snowmobile,43
Sanborn,46111,2020,titles,1204
Sanborn,46111,2020,trailer,1384
Sanborn,46111,2020,truck,408
Sanborn,46111,2019,boat,138
Sanborn,46111,2019,bus,3
Sanborn,46111,2019,commercial_plate,152
Sanborn,46111,2019,electric,2
Sanborn,46111,2019,gross_vehicle_weight,347
Sanborn,46111,2019,gross_vehicle_weight,345
Sanborn,46111,2019,irp_with_prorate_plate,20
Sanborn,46111,2019,motorcycle,116
Sanborn,46111,2019,off_road,201
Sanborn,46111,2019,passenger_low_speed,909
Sanborn,46111,2019,pickup_suv_van,2498
Sanborn,46111,2019,recreational,16
Sanborn,46111,2019,snowmobile,47
Sanborn,46111,2019,titles,1120
Sanborn,46111,2019,trailer,1328
Sanborn,46111,2019,truck,392
Sanborn,46111,2018,boat,153
Sanborn,46111,2018,bus,9
Sanborn,46111,2018,commercial_plate,159
Sanborn,46111,2018,electric,1
Sanborn,46111,2018,gross_vehicle_weight,406
Sanborn,46111,2018,gross_vehicle_weight,405
Sanborn,46111,2018,irp_with_prorate_plate,21
Sanborn,46111,2018,motorcycle,112
Sanborn,46111,2018,off_road,186
Sanborn,46111,2018,passenger_low_speed,1022
Sanborn,46111,2018,pickup_suv_van,2510
Sanborn,46111,2018,recreational,18
Sanborn,46111,2018,snowmobile,46
Sanborn,46111,2018,titles,1217
Sanborn,46111,2018,trailer,1333
Sanborn,46111,2018,truck,448
Sanborn,46111,2017,boat,167
Sanborn,46111,2017,bus,5
Sanborn,46111,2017,commercial_plate,140
Sanborn,46111,2017,electric,1
Sanborn,46111,2017,gross_vehicle_weight,389
Sanborn,46111,2017,irp_with_prorate_plate,19
Sanborn,46111,2017,motorcycle,114
Sanborn,46111,2017,off_road,190
Sanborn,46111,2017,passenger_low_speed,1065
Sanborn,46111,2017,pickup_suv_van,2453
Sanborn,46111,2017,recreational,22
Sanborn,46111,2017,snowmobile,52
Sanborn,46111,2017,titles,1265
Sanborn,46111,2017,trailer,1341
Sanborn,46111,2017,truck,408
Sanborn,46111,2016,boat,168
Sanborn,46111,2016,bus,4
Sanborn,46111,2016,commercial_plate,131
Sanborn,46111,2016,electric,0
Sanborn,46111,2016,gross_vehicle_weight,365
Sanborn,46111,2016,irp_with_prorate_plate,20
Sanborn,46111,2016,motorcycle,116
Sanborn,46111,2016,off_road,171
Sanborn,46111,2016,passenger_low_speed,1086
Sanborn,46111,2016,pickup_suv_van,2381
Sanborn,46111,2016,recreational,23
Sanborn,46111,2016,snowmobile,55
Sanborn,46111,2016,titles,1200
Sanborn,46111,2016,trailer,1341
Sanborn,46111,2016,truck,381
Sanborn,46111,2015,boat,183
Sanborn,46111,2015,bus,40
Sanborn,46111,2015,commercial_plate,137
Sanborn,46111,2015,electric,0
Sanborn,46111,2015,gross_vehicle_weight,385
Sanborn,46111,2015,irp_with_prorate_plate,22
Sanborn,46111,2015,motorcycle,108
Sanborn,46111,2015,off_road,152
Sanborn,46111,2015,passenger_low_speed,1171
Sanborn,46111,2015,pickup_suv_van,2333
Sanborn,46111,2015,recreational,18
Sanborn,46111,2015,snowmobile,68
Sanborn,46111,2015,titles,1167
Sanborn,46111,2015,trailer,1337
Sanborn,46111,2015,truck,421
Spink,46115,2025,boat,42
Spink,46115,2025,bus,1
Spink,46115,2025,commercial_plate,52
Spink,46115,2025,electric,1
Spink,46115,2025,gross_vehicle_weight,81
Spink,46115,2025,irp_with_prorate_plate,3
Spink,46115,2025,motorcycle,34
Spink,46115,2025,off_road,83
Spink,46115,2025,passenger_low_speed,207
Spink,46115,2025,pickup_suv_van,807
Spink,46115,2025,recreational,6
Spink,46115,2025,snowmobile,19
Spink,46115,2025,titles,106
Spink,46115,2025,trailer,359
Spink,46115,2025,truck,120
Spink,46115,2024,boat,530
Spink,46115,2024,bus,14
Spink,46115,2024,commercial_plate,337
Spink,46115,2024,electric,8
Spink,46115,2024,gross_vehicle_weight,1022
Spink,46115,2024,irp_with_prorate_plate,73
Spink,46115,2024,motorcycle,392
Spink,46115,2024,off_road,569
Spink,46115,2024,passenger_low_speed,1609
Spink,46115,2024,pickup_suv_van,6269
Spink,46115,2024,recreational,58
Spink,46115,2024,snowmobile,100
Spink,46115,2024,titles,2353
Spink,46115,2024,trailer,3551
Spink,46115,2024,truck,1173
Spink,46115,2023,boat,573
Spink,46115,2023,bus,16
Spink,46115,2023,commercial_plate,429
Spink,46115,2023,electric,6
Spink,46115,2023,gross_vehicle_weight,1075
Spink,46115,2023,irp_with_prorate_plate,73
Spink,46115,2023,motorcycle,387
Spink,46115,2023,off_road,601
Spink,46115,2023,passenger_low_speed,1723
Spink,46115,2023,pickup_suv_van,6598
Spink,46115,2023,recreational,64
Spink,46115,2023,snowmobile,139
Spink,46115,2023,titles,2932
Spink,46115,2023,trailer,3605
Spink,46115,2023,truck,1255
Spink,46115,2022,boat,565
Spink,46115,2022,bus,11
Spink,46115,2022,commercial_plate,350
Spink,46115,2022,electric,8
Spink,46115,2022,gross_vehicle_weight,1035
Spink,46115,2022,gross_vehicle_weight,1037
Spink,46115,2022,irp_with_prorate_plate,75
Spink,46115,2022,motorcycle,390
Spink,46115,2022,motorcycle,392
Spink,46115,2022,off_road,538
Spink,46115,2022,passenger_low_speed,1794
Spink,46115,2022,pickup_suv_van,6266
Spink,46115,2022,pickup_suv_van,6270
Spink,46115,2022,recreational,61
Spink,46115,2022,snowmobile,120
Spink,46115,2022,titles,2561
Spink,46115,2022,trailer,3432
Spink,46115,2022,trailer,3430
Spink,46115,2022,truck,1160
Spink,46115,2021,boat,600
Spink,46115,2021,bus,13
Spink,46115,2021,commercial_plate,322
Spink,46115,2021,electric,7
Spink,46115,2021,gross_vehicle_weight,1144
Spink,46115,2021,gross_vehicle_weight,1143
Spink,46115,2021,irp_with_prorate_plate,68
Spink,46115,2021,motorcycle,379
Spink,46115,2021,off_road,519
Spink,46115,2021,passenger_low_speed,1953
Spink,46115,2021,pickup_suv_van,6361
Spink,46115,2021,recreational,66
Spink,46115,2021,snowmobile,127
Spink,46115,2021,titles,3092
Spink,46115,2021,trailer,3615
Spink,46115,2021,truck,1242
Spink,46115,2020,boat,625
Spink,46115,2020,bus,11
Spink,46115,2020,commercial_plate,321
Spink,46115,2020,electric,7
Spink,46115,2020,gross_vehicle_weight,1058
Spink,46115,2020,gross_vehicle_weight,1059
Spink,46115,2020,irp_with_prorate_plate,77
Spink,46115,2020,motorcycle,370
Spink,46115,2020,off_road,518
Spink,46115,2020,passenger_low_speed,2035
Spink,46115,2020,pickup_suv_van,6249
Spink,46115,2020,recreational,59
Spink,46115,2020,snowmobile,175
Spink,46115,2020,titles,2801
Spink,46115,2020,trailer,3529
Spink,46115,2020,truck,1173
Spink,46115,2019,boat,596
Spink,46115,2019,bus,21
Spink,46115,2019,commercial_plate,318
Spink,46115,2019,electric,5
Spink,46115,2019,gross_vehicle_weight,1014
Spink,46115,2019,gross_vehicle_weight,1012
Spink,46115,2019,irp_with_prorate_plate,67
Spink,46115,2019,motorcycle,382
Spink,46115,2019,off_road,446
Spink,46115,2019,passenger_low_speed,2116
Spink,46115,2019,pickup_suv_van,6058
Spink,46115,2019,recreational,62
Spink,46115,2019,snowmobile,183
Spink,46115,2019,titles,2542
Spink,46115,2019,trailer,3341
Spink,46115,2019,truck,1135
Spink,46115,2018,boat,616
Spink,46115,2018,bus,29
Spink,46115,2018,commercial_plate,408
Spink,46115,2018,electric,4
Spink,46115,2018,gross_vehicle_weight,1102
Spink,46115,2018,gross_vehicle_weight,1099
Spink,46115,2018,irp_with_prorate_plate,58
Spink,46115,2018,motorcycle,413
Spink,46115,2018,off_road,455
Spink,46115,2018,passenger_low_speed,2356
Spink,46115,2018,pickup_suv_van,5964
Spink,46115,2018,recreational,60
Spink,46115,2018,snowmobile,174
Spink,46115,2018,titles,2790
Spink,46115,2018,trailer,3444
Spink,46115,2018,truck,1286
Spink,46115,2017,boat,654
Spink,46115,2017,bus,13
Spink,46115,2017,commercial_plate,311
Spink,46115,2017,electric,4
Spink,46115,2017,gross_vehicle_weight,1033
Spink,46115,2017,irp_with_prorate_plate,56
Spink,46115,2017,motorcycle,421
Spink,46115,2017,off_road,449
Spink,46115,2017,passenger_low_speed,2506
Spink,46115,2017,pickup_suv_van,5966
Spink,46115,2017,recreational,77
Spink,46115,2017,snowmobile,182
Spink,46115,2017,titles,2797
Spink,46115,2017,trailer,3476
Spink,46115,2017,truck,1144
Spink,46115,2016,boat,678
Spink,46115,2016,bus,11
Spink,46115,2016,commercial_plate,335
Spink,46115,2016,electric,4
Spink,46115,2016,gross_vehicle_weight,1082
Spink,46115,2016,irp_with_prorate_plate,62
Spink,46115,2016,motorcycle,439
Spink,46115,2016,off_road,430
Spink,46115,2016,passenger_low_speed,2657
Spink,46115,2016,pickup_suv_van,5904
Spink,46115,2016,recreational,65
Spink,46115,2016,snowmobile,204
Spink,46115,2016,titles,2813
Spink,46115,2016,trailer,3513
Spink,46115,2016,truck,1206
Spink,46115,2015,boat,680
Spink,46115,2015,bus,9
Spink,46115,2015,commercial_plate,331
Spink,46115,2015,electric,6
Spink,46115,2015,gross_vehicle_weight,1154
Spink,46115,2015,irp_with_prorate_plate,48
Spink,46115,2015,motorcycle,450
Spink,46115,2015,off_road,405
Spink,46115,2015,passenger_low_speed,2746
Spink,46115,2015,pickup_suv_van,5839
Spink,46115,2015,recreational,70
Spink,46115,2015,snowmobile,222
Spink,46115,2015,titles,3063
Spink,46115,2015,trailer,3618
Spink,46115,2015,truck,1302
Stanley,46117,2025,boat,53
Stanley,46117,2025,bus,0
Stanley,46117,2025,commercial_plate,65
Stanley,46117,2025,electric,0
Stanley,46117,2025,gross_vehicle_weight,23
Stanley,46117,2025,irp_with_prorate_plate,0
Stanley,46117,2025,motorcycle,20
Stanley,46117,2025,off_road,24
Stanley,46117,2025,passenger_low_speed,124
Stanley,46117,2025,pickup_suv_van,398
Stanley,46117,2025,recreational,4
Stanley,46117,2025,snowmobile,5
Stanley,46117,2025,titles,93
Stanley,46117,2025,trailer,202
Stanley,46117,2025,truck,45
Stanley,46117,2024,boat,604
Stanley,46117,2024,bus,1
Stanley,46117,2024,commercial_plate,492
Stanley,46117,2024,electric,5
Stanley,46117,2024,gross_vehicle_weight,319
Stanley,46117,2024,irp_with_prorate_plate,9
Stanley,46117,2024,motorcycle,184
Stanley,46117,2024,off_road,246
Stanley,46117,2024,passenger_low_speed,853
Stanley,46117,2024,pickup_suv_van,3484
Stanley,46117,2024,recreational,34
Stanley,46117,2024,snowmobile,19
Stanley,46117,2024,titles,1616
Stanley,46117,2024,trailer,1940
Stanley,46117,2024,truck,396
Stanley,46117,2023,boat,621
Stanley,46117,2023,bus,1
Stanley,46117,2023,commercial_plate,489
Stanley,46117,2023,electric,6
Stanley,46117,2023,gross_vehicle_weight,369
Stanley,46117,2023,irp_with_prorate_plate,10
Stanley,46117,2023,motorcycle,191
Stanley,46117,2023,off_road,241
Stanley,46117,2023,passenger_low_speed,947
Stanley,46117,2023,pickup_suv_van,3618
Stanley,46117,2023,recreational,32
Stanley,46117,2023,snowmobile,36
Stanley,46117,2023,titles,1912
Stanley,46117,2023,trailer,2014
Stanley,46117,2023,truck,418
Stanley,46117,2022,boat,612
Stanley,46117,2022,bus,3
Stanley,46117,2022,commercial_plate,465
Stanley,46117,2022,electric,2
Stanley,46117,2022,gross_vehicle_weight,281
Stanley,46117,2022,gross_vehicle_weight,291
Stanley,46117,2022,irp_with_prorate_plate,10
Stanley,46117,2022,motorcycle,190
Stanley,46117,2022,off_road,214
Stanley,46117,2022,passenger_low_speed,963
Stanley,46117,2022,passenger_low_speed,962
Stanley,46117,2022,pickup_suv_van,3401
Stanley,46117,2022,pickup_suv_van,3406
Stanley,46117,2022,recreational,41
Stanley,46117,2022,snowmobile,29
Stanley,46117,2022,titles,1495
Stanley,46117,2022,trailer,1975
Stanley,46117,2022,truck,401
Stanley,46117,2022,truck,402
Stanley,46117,2021,boat,658
Stanley,46117,2021,bus,4
Stanley,46117,2021,commercial_plate,479
Stanley,46117,2021,electric,2
Stanley,46117,2021,gross_vehicle_weight,278
Stanley,46117,2021,gross_vehicle_weight,282
Stanley,46117,2021,irp_with_prorate_plate,8
Stanley,46117,2021,motorcycle,180
Stanley,46117,2021,off_road,212
Stanley,46117,2021,passenger_low_speed,1031
Stanley,46117,2021,pickup_suv_van,3400
Stanley,46117,2021,recreational,36
Stanley,46117,2021,snowmobile,38
Stanley,46117,2021,titles,1866
Stanley,46117,2021,trailer,2030
Stanley,46117,2021,truck,414
Stanley,46117,2020,boat,637
Stanley,46117,2020,bus,5
Stanley,46117,2020,commercial_plate,469
Stanley,46117,2020,electric,3
Stanley,46117,2020,gross_vehicle_weight,293
Stanley,46117,2020,gross_vehicle_weight,300
Stanley,46117,2020,irp_with_prorate_plate,9
Stanley,46117,2020,motorcycle,173
Stanley,46117,2020,off_road,194
Stanley,46117,2020,passenger_low_speed,1067
Stanley,46117,2020,pickup_suv_van,3329
Stanley,46117,2020,recreational,40
Stanley,46117,2020,snowmobile,35
Stanley,46117,2020,titles,1813
Stanley,46117,2020,trailer,1963
Stanley,46117,2020,truck,394
Stanley,46117,2019,boat,572
Stanley,46117,2019,bus,5
Stanley,46117,2019,commercial_plate,458
Stanley,46117,2019,electric,0
Stanley,46117,2019,gross_vehicle_weight,298
Stanley,46117,2019,gross_vehicle_weight,307
Stanley,46117,2019,irp_with_prorate_plate,9
Stanley,46117,2019,motorcycle,184
Stanley,46117,2019,off_road,186
Stanley,46117,2019,passenger_low_speed,1101
Stanley,46117,2019,pickup_suv_van,3159
Stanley,46117,2019,recreational,30
Stanley,46117,2019,snowmobile,42
Stanley,46117,2019,titles,1765
Stanley,46117,2019,trailer,1822
Stanley,46117,2019,truck,410
Stanley,46117,2018,boat,568
Stanley,46117,2018,bus,7
Stanley,46117,2018,commercial_plate,445
Stanley,46117,2018,electric,1
Stanley,46117,2018,gross_vehicle_weight,285
Stanley,46117,2018,gross_vehicle_weight,292
Stanley,46117,2018,irp_with_prorate_plate,10
Stanley,46117,2018,motorcycle,173
Stanley,46117,2018,off_road,204
Stanley,46117,2018,passenger_low_speed,1101
Stanley,46117,2018,pickup_suv_van,3177
Stanley,46117,2018,recreational,33
Stanley,46117,2018,snowmobile,39
Stanley,46117,2018,titles,1731
Stanley,46117,2018,trailer,1796
Stanley,46117,2018,truck,434
Stanley,46117,2017,boat,608
Stanley,46117,2017,bus,8
Stanley,46117,2017,commercial_plate,440
Stanley,46117,2017,electric,1
Stanley,46117,2017,gross_vehicle_weight,299
Stanley,46117,2017,irp_with_prorate_plate,12
Stanley,46117,2017,motorcycle,192
Stanley,46117,2017,off_road,192
Stanley,46117,2017,passenger_low_speed,1245
Stanley,46117,2017,pickup_suv_van,3090
Stanley,46117,2017,recreational,36
Stanley,46117,2017,snowmobile,56
Stanley,46117,2017,titles,1876
Stanley,46117,2017,trailer,1812
Stanley,46117,2017,truck,408
Stanley,46117,2016,boat,609
Stanley,46117,2016,bus,6
Stanley,46117,2016,commercial_plate,516
Stanley,46117,2016,electric,2
Stanley,46117,2016,gross_vehicle_weight,295
Stanley,46117,2016,irp_with_prorate_plate,12
Stanley,46117,2016,motorcycle,193
Stanley,46117,2016,off_road,186
Stanley,46117,2016,passenger_low_speed,1274
Stanley,46117,2016,pickup_suv_van,3099
Stanley,46117,2016,recreational,37
Stanley,46117,2016,snowmobile,61
Stanley,46117,2016,titles,1894
Stanley,46117,2016,trailer,1862
Stanley,46117,2016,truck,464
Stanley,46117,2015,boat,569
Stanley,46117,2015,bus,16
Stanley,46117,2015,commercial_plate,495
Stanley,46117,2015,electric,0
Stanley,46117,2015,gross_vehicle_weight,276
Stanley,46117,2015,irp_with_prorate_plate,15
Stanley,46117,2015,motorcycle,178
Stanley,46117,2015,off_road,186
Stanley,46117,2015,passenger_low_speed,1324
Stanley,46117,2015,pickup_suv_van,3055
Stanley,46117,2015,recreational,40
Stanley,46117,2015,snowmobile,58
Stanley,46117,2015,titles,2056
Stanley,46117,2015,trailer,1781
Stanley,46117,2015,truck,462
Sully,46119,2025,boat,30
Sully,46119,2025,bus,0
Sully,46119,2025,commercial_plate,4
Sully,46119,2025,electric,0
Sully,46119,2025,gross_vehicle_weight,65
Sully,46119,2025,irp_with_prorate_plate,0
Sully,46119,2025,motorcycle,7
Sully,46119,2025,off_road,20
Sully,46119,2025,passenger_low_speed,43
Sully,46119,2025,pickup_suv_van,250
Sully,46119,2025,recreational,2
Sully,46119,2025,snowmobile,8
Sully,46119,2025,titles,39
Sully,46119,2025,trailer,126
Sully,46119,2025,truck,62
Sully,46119,2024,boat,269
Sully,46119,2024,bus,13
Sully,46119,2024,commercial_plate,117
Sully,46119,2024,electric,3
Sully,46119,2024,gross_vehicle_weight,411
Sully,46119,2024,irp_with_prorate_plate,5
Sully,46119,2024,motorcycle,114
Sully,46119,2024,off_road,208
Sully,46119,2024,passenger_low_speed,387
Sully,46119,2024,pickup_suv_van,2061
Sully,46119,2024,recreational,26
Sully,46119,2024,snowmobile,39
Sully,46119,2024,titles,753
Sully,46119,2024,trailer,1155
Sully,46119,2024,truck,433
Sully,46119,2023,boat,274
Sully,46119,2023,bus,13
Sully,46119,2023,commercial_plate,130
Sully,46119,2023,electric,2
Sully,46119,2023,gross_vehicle_weight,411
Sully,46119,2023,irp_with_prorate_plate,11
Sully,46119,2023,motorcycle,128
Sully,46119,2023,off_road,200
Sully,46119,2023,passenger_low_speed,436
Sully,46119,2023,pickup_suv_van,2201
Sully,46119,2023,recreational,28
Sully,46119,2023,snowmobile,37
Sully,46119,2023,titles,992
Sully,46119,2023,trailer,1236
Sully,46119,2023,truck,446
Sully,46119,2022,boat,272
Sully,46119,2022,bus,17
Sully,46119,2022,commercial_plate,142
Sully,46119,2022,electric,3
Sully,46119,2022,gross_vehicle_weight,411
Sully,46119,2022,gross_vehicle_weight,415
Sully,46119,2022,irp_with_prorate_plate,2
Sully,46119,2022,motorcycle,108
Sully,46119,2022,motorcycle,107
Sully,46119,2022,off_road,177
Sully,46119,2022,off_road,178
Sully,46119,2022,passenger_low_speed,457
Sully,46119,2022,passenger_low_speed,456
Sully,46119,2022,pickup_suv_van,2078
Sully,46119,2022,pickup_suv_van,2079
Sully,46119,2022,recreational,26
Sully,46119,2022,snowmobile,44
Sully,46119,2022,titles,876
Sully,46119,2022,trailer,1189
Sully,46119,2022,truck,449
Sully,46119,2021,boat,279
Sully,46119,2021,bus,12
Sully,46119,2021,commercial_plate,131
Sully,46119,2021,electric,2
Sully,46119,2021,gross_vehicle_weight,429
Sully,46119,2021,irp_with_prorate_plate,6
Sully,46119,2021,motorcycle,121
Sully,46119,2021,off_road,168
Sully,46119,2021,passenger_low_speed,504
Sully,46119,2021,pickup_suv_van,2120
Sully,46119,2021,recreational,31
Sully,46119,2021,snowmobile,37
Sully,46119,2021,titles,1023
Sully,46119,2021,trailer,1212
Sully,46119,2021,truck,457
Sully,46119,2020,boat,278
Sully,46119,2020,bus,13
Sully,46119,2020,commercial_plate,105
Sully,46119,2020,electric,3
Sully,46119,2020,gross_vehicle_weight,408
Sully,46119,2020,gross_vehicle_weight,409
Sully,46119,2020,irp_with_prorate_plate,9
Sully,46119,2020,motorcycle,131
Sully,46119,2020,off_road,169
Sully,46119,2020,passenger_low_speed,499
Sully,46119,2020,pickup_suv_van,1966
Sully,46119,2020,recreational,27
Sully,46119,2020,snowmobile,52
Sully,46119,2020,titles,876
Sully,46119,2020,trailer,1175
Sully,46119,2020,truck,421
Sully,46119,2019,boat,248
Sully,46119,2019,bus,14
Sully,46119,2019,commercial_plate,130
Sully,46119,2019,electric,1
Sully,46119,2019,gross_vehicle_weight,420
Sully,46119,2019,gross_vehicle_weight,421
Sully,46119,2019,irp_with_prorate_plate,11
Sully,46119,2019,motorcycle,124
Sully,46119,2019,off_road,140
Sully,46119,2019,passenger_low_speed,530
Sully,46119,2019,pickup_suv_van,1949
Sully,46119,2019,recreational,24
Sully,46119,2019,snowmobile,50
Sully,46119,2019,titles,920
Sully,46119,2019,trailer,1099
Sully,46119,2019,truck,457
Sully,46119,2018,boat,242
Sully,46119,2018,bus,18
Sully,46119,2018,commercial_plate,111
Sully,46119,2018,electric,2
Sully,46119,2018,gross_vehicle_weight,396
Sully,46119,2018,gross_vehicle_weight,395
Sully,46119,2018,irp_with_prorate_plate,5
Sully,46119,2018,motorcycle,125
Sully,46119,2018,off_road,141
Sully,46119,2018,passenger_low_speed,532
Sully,46119,2018,pickup_suv_van,1918
Sully,46119,2018,recreational,23
Sully,46119,2018,snowmobile,56
Sully,46119,2018,titles,791
Sully,46119,2018,trailer,1061
Sully,46119,2018,truck,413
Sully,46119,2017,boat,242
Sully,46119,2017,bus,18
Sully,46119,2017,commercial_plate,121
Sully,46119,2017,electric,2
Sully,46119,2017,gross_vehicle_weight,399
Sully,46119,2017,irp_with_prorate_plate,6
Sully,46119,2017,motorcycle,123
Sully,46119,2017,off_road,129
Sully,46119,2017,passenger_low_speed,515
Sully,46119,2017,pickup_suv_van,1850
Sully,46119,2017,recreational,21
Sully,46119,2017,snowmobile,50
Sully,46119,2017,titles,807
Sully,46119,2017,trailer,1034
Sully,46119,2017,truck,409
Sully,46119,2016,boat,259
Sully,46119,2016,bus,11
Sully,46119,2016,commercial_plate,129
Sully,46119,2016,electric,2
Sully,46119,2016,gross_vehicle_weight,443
Sully,46119,2016,irp_with_prorate_plate,3
Sully,46119,2016,motorcycle,112
Sully,46119,2016,off_road,128
Sully,46119,2016,passenger_low_speed,568
Sully,46119,2016,pickup_suv_van,1882
Sully,46119,2016,recreational,18
Sully,46119,2016,snowmobile,26
Sully,46119,2016,titles,836
Sully,46119,2016,trailer,1072
Sully,46119,2016,truck,458
Sully,46119,2015,boat,246
Sully,46119,2015,bus,35
Sully,46119,2015,commercial_plate,149
Sully,46119,2015,electric,2
Sully,46119,2015,gross_vehicle_weight,417
Sully,46119,2015,irp_with_prorate_plate,5
Sully,46119,2015,motorcycle,113
Sully,46119,2015,off_road,114
Sully,46119,2015,passenger_low_speed,612
Sully,46119,2015,pickup_suv_van,1857
Sully,46119,2015,recreational,19
Sully,46119,2015,snowmobile,29
Sully,46119,2015,titles,960
Sully,46119,2015,trailer,1036
Sully,46119,2015,truck,456
Todd,46121,2025,boat,3
Todd,46121,2025,bus,4
Todd,46121,2025,commercial_plate,6
Todd,46121,2025,electric,0
Todd,46121,2025,gross_vehicle_weight,47
Todd,46121,2025,irp_with_prorate_plate,0
Todd,46121,2025,motorcycle,8
Todd,46121,2025,off_road,8
Todd,46121,2025,passenger_low_speed,186
Todd,46121,2025,pickup_suv_van,471
Todd,46121,2025,recreational,0
Todd,46121,2025,snowmobile,2
Todd,46121,2025,titles,108
Todd,46121,2025,trailer,127
Todd,46121,2025,truck,37
Todd,46121,2024,boat,70
Todd,46121,2024,bus,11
Todd,46121,2024,commercial_plate,43
Todd,46121,2024,electric,0
Todd,46121,2024,gross_vehicle_weight,189
Todd,46121,2024,irp_with_prorate_plate,2
Todd,46121,2024,motorcycle,140
Todd,46121,2024,off_road,62
Todd,46121,2024,passenger_low_speed,1641
Todd,46121,2024,pickup_suv_van,3921
Todd,46121,2024,recreational,15
Todd,46121,2024,snowmobile,5
Todd,46121,2024,titles,1834
Todd,46121,2024,trailer,993
Todd,46121,2024,truck,168
Todd,46121,2023,boat,78
Todd,46121,2023,bus,8
Todd,46121,2023,commercial_plate,41
Todd,46121,2023,electric,0
Todd,46121,2023,gross_vehicle_weight,207
Todd,46121,2023,irp_with_prorate_plate,4
Todd,46121,2023,motorcycle,163
Todd,46121,2023,off_road,67
Todd,46121,2023,passenger_low_speed,1827
Todd,46121,2023,pickup_suv_van,4220
Todd,46121,2023,recreational,16
Todd,46121,2023,snowmobile,5
Todd,46121,2023,titles,2199
Todd,46121,2023,trailer,1077
Todd,46121,2023,truck,185
Todd,46121,2022,boat,80
Todd,46121,2022,bus,15
Todd,46121,2022,commercial_plate,52
Todd,46121,2022,electric,0
Todd,46121,2022,gross_vehicle_weight,204
Todd,46121,2022,gross_vehicle_weight,205
Todd,46121,2022,irp_with_prorate_plate,5
Todd,46121,2022,motorcycle,170
Todd,46121,2022,off_road,63
Todd,46121,2022,passenger_low_speed,2040
Todd,46121,2022,passenger_low_speed,2047
Todd,46121,2022,pickup_suv_van,4274
Todd,46121,2022,pickup_suv_van,4287
Todd,46121,2022,recreational,16
Todd,46121,2022,snowmobile,4
Todd,46121,2022,titles,2375
Todd,46121,2022,trailer,1057
Todd,46121,2022,truck,194
Todd,46121,2021,boat,79
Todd,46121,2021,bus,14
Todd,46121,2021,commercial_plate,55
Todd,46121,2021,electric,0
Todd,46121,2021,gross_vehicle_weight,229
Todd,46121,2021,irp_with_prorate_plate,5
Todd,46121,2021,motorcycle,169
Todd,46121,2021,off_road,59
Todd,46121,2021,passenger_low_speed,2593
Todd,46121,2021,pickup_suv_van,4791
Todd,46121,2021,pickup_suv_van,4788
Todd,46121,2021,recreational,13
Todd,46121,2021,snowmobile,6
Todd,46121,2021,titles,3322
Todd,46121,2021,trailer,1089
Todd,46121,2021,truck,211
Todd,46121,2020,boat,69
Todd,46121,2020,bus,16
Todd,46121,2020,commercial_plate,42
Todd,46121,2020,electric,1
Todd,46121,2020,gross_vehicle_weight,217
Todd,46121,2020,gross_vehicle_weight,218
Todd,46121,2020,irp_with_prorate_plate,2
Todd,46121,2020,motorcycle,153
Todd,46121,2020,off_road,33
Todd,46121,2020,passenger_low_speed,2362
Todd,46121,2020,passenger_low_speed,2361
Todd,46121,2020,pickup_suv_van,4046
Todd,46121,2020,recreational,17
Todd,46121,2020,snowmobile,6
Todd,46121,2020,titles,2547
Todd,46121,2020,trailer,1036
Todd,46121,2020,truck,189
Todd,46121,2019,boat,59
Todd,46121,2019,bus,58
Todd,46121,2019,commercial_plate,47
Todd,46121,2019,electric,1
Todd,46121,2019,gross_vehicle_weight,203
Todd,46121,2019,gross_vehicle_weight,201
Todd,46121,2019,irp_with_prorate_plate,2
Todd,46121,2019,motorcycle,128
Todd,46121,2019,off_road,27
Todd,46121,2019,passenger_low_speed,2380
Todd,46121,2019,pickup_suv_van,3781
Todd,46121,2019,recreational,20
Todd,46121,2019,snowmobile,4
Todd,46121,2019,titles,2291
Todd,46121,2019,trailer,934
Todd,46121,2019,truck,172
Todd,46121,2018,boat,59
Todd,46121,2018,bus,18
Todd,46121,2018,commercial_plate,52
Todd,46121,2018,electric,0
Todd,46121,2018,gross_vehicle_weight,177
Todd,46121,2018,irp_with_prorate_plate,4
Todd,46121,2018,motorcycle,121
Todd,46121,2018,off_road,21
Todd,46121,2018,passenger_low_speed,2444
Todd,46121,2018,pickup_suv_van,3828
Todd,46121,2018,recreational,16
Todd,46121,2018,snowmobile,4
Todd,46121,2018,titles,2387
Todd,46121,2018,trailer,1000
Todd,46121,2018,truck,204
Todd,46121,2017,boat,68
Todd,46121,2017,bus,6
Todd,46121,2017,commercial_plate,47
Todd,46121,2017,electric,1
Todd,46121,2017,gross_vehicle_weight,200
Todd,46121,2017,irp_with_prorate_plate,4
Todd,46121,2017,motorcycle,119
Todd,46121,2017,off_road,25
Todd,46121,2017,passenger_low_speed,2498
Todd,46121,2017,pickup_suv_van,3679
Todd,46121,2017,recreational,22
Todd,46121,2017,snowmobile,5
Todd,46121,2017,titles,2427
Todd,46121,2017,trailer,970
Todd,46121,2017,truck,185
Todd,46121,2016,boat,69
Todd,46121,2016,bus,64
Todd,46121,2016,commercial_plate,58
Todd,46121,2016,electric,1
Todd,46121,2016,gross_vehicle_weight,221
Todd,46121,2016,irp_with_prorate_plate,8
Todd,46121,2016,motorcycle,113
Todd,46121,2016,off_road,18
Todd,46121,2016,passenger_low_speed,2634
Todd,46121,2016,pickup_suv_van,3770
Todd,46121,2016,recreational,22
Todd,46121,2016,snowmobile,7
Todd,46121,2016,titles,2442
Todd,46121,2016,trailer,969
Todd,46121,2016,truck,200
Todd,46121,2015,boat,78
Todd,46121,2015,bus,22
Todd,46121,2015,commercial_plate,37
Todd,46121,2015,electric,0
Todd,46121,2015,gross_vehicle_weight,200
Todd,46121,2015,irp_with_prorate_plate,12
Todd,46121,2015,motorcycle,114
Todd,46121,2015,off_road,18
Todd,46121,2015,passenger_low_speed,2663
Todd,46121,2015,pickup_suv_van,3909
Todd,46121,2015,recreational,21
Todd,46121,2015,snowmobile,5
Todd,46121,2015,titles,2545
Todd,46121,2015,trailer,1054
Todd,46121,2015,truck,252
Tripp,46123,2025,boat,29
Tripp,46123,2025,bus,2
Tripp,46123,2025,commercial_plate,33
Tripp,46123,2025,electric,1
Tripp,46123,2025,gross_vehicle_weight,88
Tripp,46123,2025,irp_with_prorate_plate,8
Tripp,46123,2025,motorcycle,27
Tripp,46123,2025,off_road,43
Tripp,46123,2025,passenger_low_speed,170
Tripp,46123,2025,pickup_suv_van,693
Tripp,46123,2025,recreational,4
Tripp,46123,2025,snowmobile,13
Tripp,46123,2025,titles,91
Tripp,46123,2025,trailer,279
Tripp,46123,2025,truck,94
Tripp,46123,2024,boat,305
Tripp,46123,2024,bus,12
Tripp,46123,2024,commercial_plate,380
Tripp,46123,2024,electric,5
Tripp,46123,2024,gross_vehicle_weight,585
Tripp,46123,2024,irp_with_prorate_plate,23
Tripp,46123,2024,motorcycle,237
Tripp,46123,2024,off_road,343
Tripp,46123,2024,passenger_low_speed,1442
Tripp,46123,2024,pickup_suv_van,5740
Tripp,46123,2024,recreational,47
Tripp,46123,2024,snowmobile,34
Tripp,46123,2024,titles,2010
Tripp,46123,2024,trailer,2603
Tripp,46123,2024,truck,672
Tripp,46123,2023,boat,320
Tripp,46123,2023,bus,8
Tripp,46123,2023,commercial_plate,382
Tripp,46123,2023,electric,3
Tripp,46123,2023,gross_vehicle_weight,653
Tripp,46123,2023,irp_with_prorate_plate,34
Tripp,46123,2023,motorcycle,250
Tripp,46123,2023,off_road,327
Tripp,46123,2023,passenger_low_speed,1552
Tripp,46123,2023,pickup_suv_van,5968
Tripp,46123,2023,recreational,59
Tripp,46123,2023,snowmobile,64
Tripp,46123,2023,titles,2493
Tripp,46123,2023,trailer,2811
Tripp,46123,2023,truck,738
Tripp,46123,2022,boat,327
Tripp,46123,2022,bus,12
Tripp,46123,2022,commercial_plate,382
Tripp,46123,2022,electric,4
Tripp,46123,2022,gross_vehicle_weight,607
Tripp,46123,2022,gross_vehicle_weight,605
Tripp,46123,2022,irp_with_prorate_plate,26
Tripp,46123,2022,motorcycle,212
Tripp,46123,2022,off_road,304
Tripp,46123,2022,passenger_low_speed,1659
Tripp,46123,2022,passenger_low_speed,1658
Tripp,46123,2022,pickup_suv_van,5689
Tripp,46123,2022,pickup_suv_van,5690
Tripp,46123,2022,recreational,53
Tripp,46123,2022,snowmobile,43
Tripp,46123,2022,titles,2206
Tripp,46123,2022,trailer,2666
Tripp,46123,2022,truck,697
Tripp,46123,2021,boat,349
Tripp,46123,2021,bus,11
Tripp,46123,2021,commercial_plate,370
Tripp,46123,2021,electric,4
Tripp,46123,2021,gross_vehicle_weight,627
Tripp,46123,2021,gross_vehicle_weight,629
Tripp,46123,2021,irp_with_prorate_plate,28
Tripp,46123,2021,motorcycle,213
Tripp,46123,2021,off_road,285
Tripp,46123,2021,passenger_low_speed,1789
Tripp,46123,2021,pickup_suv_van,5907
Tripp,46123,2021,recreational,48
Tripp,46123,2021,snowmobile,44
Tripp,46123,2021,titles,2825
Tripp,46123,2021,trailer,2672
Tripp,46123,2021,truck,696
Tripp,46123,2020,boat,337
Tripp,46123,2020,bus,10
Tripp,46123,2020,commercial_plate,367
Tripp,46123,2020,electric,3
Tripp,46123,2020,gross_vehicle_weight,627
Tripp,46123,2020,gross_vehicle_weight,626
Tripp,46123,2020,irp_with_prorate_plate,36
Tripp,46123,2020,motorcycle,212
Tripp,46123,2020,off_road,279
Tripp,46123,2020,passenger_low_speed,1840
Tripp,46123,2020,pickup_suv_van,5717
Tripp,46123,2020,recreational,51
Tripp,46123,2020,snowmobile,51
Tripp,46123,2020,titles,2466
Tripp,46123,2020,trailer,2581
Tripp,46123,2020,truck,699
Tripp,46123,2019,boat,301
Tripp,46123,2019,bus,9
Tripp,46123,2019,commercial_plate,445
Tripp,46123,2019,electric,2
Tripp,46123,2019,gross_vehicle_weight,713
Tripp,46123,2019,gross_vehicle_weight,712
Tripp,46123,2019,irp_with_prorate_plate,50
Tripp,46123,2019,motorcycle,228
Tripp,46123,2019,off_road,259
Tripp,46123,2019,passenger_low_speed,2018
Tripp,46123,2019,pickup_suv_van,5703
Tripp,46123,2019,recreational,56
Tripp,46123,2019,snowmobile,55
Tripp,46123,2019,titles,2712
Tripp,46123,2019,trailer,2612
Tripp,46123,2019,truck,797
Tripp,46123,2018,boat,320
Tripp,46123,2018,bus,13
Tripp,46123,2018,commercial_plate,386
Tripp,46123,2018,electric,3
Tripp,46123,2018,gross_vehicle_weight,663
Tripp,46123,2018,irp_with_prorate_plate,68
Tripp,46123,2018,motorcycle,226
Tripp,46123,2018,off_road,250
Tripp,46123,2018,passenger_low_speed,2082
Tripp,46123,2018,pickup_suv_van,5600
Tripp,46123,2018,recreational,59
Tripp,46123,2018,snowmobile,54
Tripp,46123,2018,titles,2520
Tripp,46123,2018,trailer,2637
Tripp,46123,2018,truck,780
Tripp,46123,2017,boat,309
Tripp,46123,2017,bus,12
Tripp,46123,2017,commercial_plate,372
Tripp,46123,2017,electric,2
Tripp,46123,2017,gross_vehicle_weight,694
Tripp,46123,2017,irp_with_prorate_plate,70
Tripp,46123,2017,motorcycle,231
Tripp,46123,2017,off_road,222
Tripp,46123,2017,passenger_low_speed,2251
Tripp,46123,2017,pickup_suv_van,5448
Tripp,46123,2017,recreational,65
Tripp,46123,2017,snowmobile,56
Tripp,46123,2017,titles,2629
Tripp,46123,2017,trailer,2638
Tripp,46123,2017,truck,776
Tripp,46123,2016,boat,345
Tripp,46123,2016,bus,10
Tripp,46123,2016,commercial_plate,378
Tripp,46123,2016,electric,1
Tripp,46123,2016,gross_vehicle_weight,674
Tripp,46123,2016,irp_with_prorate_plate,80
Tripp,46123,2016,motorcycle,259
Tripp,46123,2016,off_road,213
Tripp,46123,2016,passenger_low_speed,2238
Tripp,46123,2016,pickup_suv_van,5283
Tripp,46123,2016,recreational,68
Tripp,46123,2016,snowmobile,54
Tripp,46123,2016,titles,2334
Tripp,46123,2016,trailer,2599
Tripp,46123,2016,truck,786
Tripp,46123,2015,boat,363
Tripp,46123,2015,bus,20
Tripp,46123,2015,commercial_plate,361
Tripp,46123,2015,electric,2
Tripp,46123,2015,gross_vehicle_weight,692
Tripp,46123,2015,irp_with_prorate_plate,65
Tripp,46123,2015,motorcycle,235
Tripp,46123,2015,off_road,190
Tripp,46123,2015,passenger_low_speed,2324
Tripp,46123,2015,pickup_suv_van,5360
Tripp,46123,2015,recreational,69
Tripp,46123,2015,snowmobile,63
Tripp,46123,2015,titles,2540
Tripp,46123,2015,trailer,2649
Tripp,46123,2015,truck,808
Turner,46125,2025,boat,54
Turner,46125,2025,bus,0
Turner,46125,2025,commercial_plate,91
Turner,46125,2025,electric,3
Turner,46125,2025,gross_vehicle_weight,74
Turner,46125,2025,irp_with_prorate_plate,3
Turner,46125,2025,motorcycle,70
Turner,46125,2025,off_road,110
Turner,46125,2025,passenger_low_speed,336
Turner,46125,2025,pickup_suv_van,1081
Turner,46125,2025,recreational,6
Turner,46125,2025,snowmobile,44
Turner,46125,2025,titles,161
Turner,46125,2025,trailer,447
Turner,46125,2025,truck,100
Turner,46125,2024,boat,655
Turner,46125,2024,bus,5
Turner,46125,2024,commercial_plate,506
Turner,46125,2024,electric,17
Turner,46125,2024,gross_vehicle_weight,706
Turner,46125,2024,irp_with_prorate_plate,56
Turner,46125,2024,motorcycle,671
Turner,46125,2024,off_road,868
Turner,46125,2024,passenger_low_speed,2914
Turner,46125,2024,pickup_suv_van,8467
Turner,46125,2024,recreational,56
Turner,46125,2024,snowmobile,197
Turner,46125,2024,titles,3383
Turner,46125,2024,trailer,3902
Turner,46125,2024,truck,905
Turner,46125,2023,boat,662
Turner,46125,2023,bus,4
Turner,46125,2023,commercial_plate,540
Turner,46125,2023,electric,10
Turner,46125,2023,gross_vehicle_weight,767
Turner,46125,2023,irp_with_prorate_plate,46
Turner,46125,2023,motorcycle,655
Turner,46125,2023,off_road,882
Turner,46125,2023,passenger_low_speed,3173
Turner,46125,2023,pickup_suv_van,8666
Turner,46125,2023,recreational,66
Turner,46125,2023,snowmobile,243
Turner,46125,2023,titles,4068
Turner,46125,2023,trailer,3970
Turner,46125,2023,truck,941
Turner,46125,2022,boat,665
Turner,46125,2022,bus,4
Turner,46125,2022,commercial_plate,505
Turner,46125,2022,electric,11
Turner,46125,2022,gross_vehicle_weight,764
Turner,46125,2022,gross_vehicle_weight,775
Turner,46125,2022,irp_with_prorate_plate,44
Turner,46125,2022,motorcycle,620
Turner,46125,2022,motorcycle,621
Turner,46125,2022,off_road,824
Turner,46125,2022,off_road,825
Turner,46125,2022,passenger_low_speed,3366
Turner,46125,2022,passenger_low_speed,3369
Turner,46125,2022,pickup_suv_van,8210
Turner,46125,2022,pickup_suv_van,8212
Turner,46125,2022,recreational,65
Turner,46125,2022,snowmobile,207
Turner,46125,2022,titles,3763
Turner,46125,2022,trailer,4018
Turner,46125,2022,truck,923
Turner,46125,2021,boat,666
Turner,46125,2021,bus,5
Turner,46125,2021,commercial_plate,512
Turner,46125,2021,electric,9
Turner,46125,2021,gross_vehicle_weight,779
Turner,46125,2021,gross_vehicle_weight,781
Turner,46125,2021,irp_with_prorate_plate,61
Turner,46125,2021,motorcycle,605
Turner,46125,2021,off_road,773
Turner,46125,2021,passenger_low_speed,3556
Turner,46125,2021,pickup_suv_van,8180
Turner,46125,2021,recreational,80
Turner,46125,2021,snowmobile,209
Turner,46125,2021,titles,4257
Turner,46125,2021,trailer,3890
Turner,46125,2021,truck,954
Turner,46125,2020,boat,672
Turner,46125,2020,bus,6
Turner,46125,2020,commercial_plate,494
Turner,46125,2020,electric,7
Turner,46125,2020,gross_vehicle_weight,768
Turner,46125,2020,gross_vehicle_weight,772
Turner,46125,2020,irp_with_prorate_plate,60
Turner,46125,2020,motorcycle,546
Turner,46125,2020,off_road,708
Turner,46125,2020,passenger_low_speed,3561
Turner,46125,2020,pickup_suv_van,7788
Turner,46125,2020,recreational,86
Turner,46125,2020,snowmobile,226
Turner,46125,2020,titles,3822
Turner,46125,2020,trailer,3733
Turner,46125,2020,truck,923
Turner,46125,2019,boat,658
Turner,46125,2019,bus,4
Turner,46125,2019,commercial_plate,487
Turner,46125,2019,electric,4
Turner,46125,2019,gross_vehicle_weight,766
Turner,46125,2019,gross_vehicle_weight,768
Turner,46125,2019,irp_with_prorate_plate,63
Turner,46125,2019,motorcycle,530
Turner,46125,2019,off_road,617
Turner,46125,2019,passenger_low_speed,3889
Turner,46125,2019,pickup_suv_van,7480
Turner,46125,2019,recreational,69
Turner,46125,2019,snowmobile,256
Turner,46125,2019,titles,3868
Turner,46125,2019,trailer,3601
Turner,46125,2019,truck,940
Turner,46125,2018,boat,665
Turner,46125,2018,bus,14
Turner,46125,2018,commercial_plate,461
Turner,46125,2018,electric,6
Turner,46125,2018,gross_vehicle_weight,798
Turner,46125,2018,gross_vehicle_weight,800
Turner,46125,2018,irp_with_prorate_plate,57
Turner,46125,2018,motorcycle,526
Turner,46125,2018,off_road,597
Turner,46125,2018,passenger_low_speed,4013
Turner,46125,2018,pickup_suv_van,7354
Turner,46125,2018,recreational,69
Turner,46125,2018,snowmobile,196
Turner,46125,2018,titles,3739
Turner,46125,2018,trailer,3643
Turner,46125,2018,truck,982
Turner,46125,2017,boat,684
Turner,46125,2017,bus,4
Turner,46125,2017,commercial_plate,460
Turner,46125,2017,electric,4
Turner,46125,2017,gross_vehicle_weight,839
Turner,46125,2017,irp_with_prorate_plate,66
Turner,46125,2017,motorcycle,517
Turner,46125,2017,off_road,558
Turner,46125,2017,passenger_low_speed,4218
Turner,46125,2017,pickup_suv_van,7138
Turner,46125,2017,recreational,71
Turner,46125,2017,snowmobile,203
Turner,46125,2017,titles,3876
Turner,46125,2017,trailer,3616
Turner,46125,2017,truck,972
Turner,46125,2016,boat,671
Turner,46125,2016,bus,5
Turner,46125,2016,commercial_plate,451
Turner,46125,2016,electric,3
Turner,46125,2016,gross_vehicle_weight,854
Turner,46125,2016,irp_with_prorate_plate,61
Turner,46125,2016,motorcycle,522
Turner,46125,2016,off_road,504
Turner,46125,2016,passenger_low_speed,4342
Turner,46125,2016,pickup_suv_van,7023
Turner,46125,2016,recreational,65
Turner,46125,2016,snowmobile,241
Turner,46125,2016,titles,4032
Turner,46125,2016,trailer,3670
Turner,46125,2016,truck,964
Turner,46125,2015,boat,707
Turner,46125,2015,bus,47
Turner,46125,2015,commercial_plate,407
Turner,46125,2015,electric,3
Turner,46125,2015,gross_vehicle_weight,876
Turner,46125,2015,irp_with_prorate_plate,61
Turner,46125,2015,motorcycle,525
Turner,46125,2015,off_road,500
Turner,46125,2015,passenger_low_speed,4451
Turner,46125,2015,pickup_suv_van,6844
Turner,46125,2015,recreational,62
Turner,46125,2015,snowmobile,220
Turner,46125,2015,titles,4185
Turner,46125,2015,trailer,3718
Turner,46125,2015,truck,1033
Union,46127,2025,boat,189
Union,46127,2025,bus,0
Union,46127,2025,commercial_plate,184
Union,46127,2025,electric,16
Union,46127,2025,gross_vehicle_weight,70
Union,46127,2025,irp_with_prorate_plate,0
Union,46127,2025,motorcycle,120
Union,46127,2025,off_road,153
Union,46127,2025,passenger_low_speed,695
Union,46127,2025,pickup_suv_van,1976
Union,46127,2025,recreational,19
Union,46127,2025,snowmobile,22
Union,46127,2025,titles,425
Union,46127,2025,trailer,618
Union,46127,2025,truck,109
Union,46127,2024,boat,1790
Union,46127,2024,bus,8
Union,46127,2024,commercial_plate,1240
Union,46127,2024,electric,105
Union,46127,2024,gross_vehicle_weight,573
Union,46127,2024,irp_with_prorate_plate,36
Union,46127,2024,motorcycle,1153
Union,46127,2024,off_road,1455
Union,46127,2024,passenger_low_speed,6436
Union,46127,2024,pickup_suv_van,15693
Union,46127,2024,recreational,160
Union,46127,2024,snowmobile,157
Union,46127,2024,titles,7259
Union,46127,2024,trailer,5245
Union,46127,2024,truck,843
Union,46127,2023,boat,1890
Union,46127,2023,bus,11
Union,46127,2023,commercial_plate,1289
Union,46127,2023,electric,90
Union,46127,2023,gross_vehicle_weight,621
Union,46127,2023,irp_with_prorate_plate,47
Union,46127,2023,motorcycle,1300
Union,46127,2023,off_road,1500
Union,46127,2023,passenger_low_speed,7225
Union,46127,2023,pickup_suv_van,16167
Union,46127,2023,recreational,171
Union,46127,2023,snowmobile,164
Union,46127,2023,titles,8859
Union,46127,2023,trailer,5532
Union,46127,2023,truck,905
Union,46127,2022,boat,1863
Union,46127,2022,boat,1866
Union,46127,2022,bus,11
Union,46127,2022,commercial_plate,1110
Union,46127,2022,electric,72
Union,46127,2022,electric,71
Union,46127,2022,gross_vehicle_weight,566
Union,46127,2022,gross_vehicle_weight,589
Union,46127,2022,irp_with_prorate_plate,56
Union,46127,2022,motorcycle,1257
Union,46127,2022,motorcycle,1256
Union,46127,2022,off_road,1526
Union,46127,2022,off_road,1528
Union,46127,2022,passenger_low_speed,7214
Union,46127,2022,passenger_low_speed,7215
Union,46127,2022,pickup_suv_van,14807
Union,46127,2022,pickup_suv_van,14813
Union,46127,2022,recreational,159
Union,46127,2022,recreational,158
Union,46127,2022,snowmobile,137
Union,46127,2022,titles,7686
Union,46127,2022,trailer,5321
Union,46127,2022,truck,819
Union,46127,2022,truck,820
Union,46127,2021,boat,1931
Union,46127,2021,bus,10
Union,46127,2021,commercial_plate,1093
Union,46127,2021,electric,49
Union,46127,2021,electric,50
Union,46127,2021,gross_vehicle_weight,642
Union,46127,2021,gross_vehicle_weight,655
Union,46127,2021,irp_with_prorate_plate,61
Union,46127,2021,motorcycle,1310
Union,46127,2021,off_road,1599
Union,46127,2021,passenger_low_speed,7693
Union,46127,2021,pickup_suv_van,15229
Union,46127,2021,recreational,170
Union,46127,2021,snowmobile,164
Union,46127,2021,titles,9035
Union,46127,2021,trailer,5558
Union,46127,2021,truck,900
Union,46127,2020,boat,1955
Union,46127,2020,bus,11
Union,46127,2020,commercial_plate,1002
Union,46127,2020,electric,32
Union,46127,2020,gross_vehicle_weight,621
Union,46127,2020,gross_vehicle_weight,630
Union,46127,2020,irp_with_prorate_plate,59
Union,46127,2020,motorcycle,1258
Union,46127,2020,off_road,1467
Union,46127,2020,passenger_low_speed,7635
Union,46127,2020,pickup_suv_van,14212
Union,46127,2020,recreational,160
Union,46127,2020,snowmobile,177
Union,46127,2020,titles,8078
Union,46127,2020,trailer,5264
Union,46127,2020,truck,834
Union,46127,2019,boat,1855
Union,46127,2019,bus,15
Union,46127,2019,commercial_plate,1120
Union,46127,2019,electric,28
Union,46127,2019,gross_vehicle_weight,609
Union,46127,2019,gross_vehicle_weight,618
Union,46127,2019,irp_with_prorate_plate,47
Union,46127,2019,motorcycle,1245
Union,46127,2019,off_road,1440
Union,46127,2019,passenger_low_speed,8038
Union,46127,2019,pickup_suv_van,13986
Union,46127,2019,recreational,167
Union,46127,2019,snowmobile,198
Union,46127,2019,titles,8480
Union,46127,2019,trailer,4983
Union,46127,2019,truck,834
Union,46127,2018,boat,1900
Union,46127,2018,bus,20
Union,46127,2018,commercial_plate,916
Union,46127,2018,electric,15
Union,46127,2018,gross_vehicle_weight,673
Union,46127,2018,gross_vehicle_weight,676
Union,46127,2018,irp_with_prorate_plate,53
Union,46127,2018,motorcycle,1239
Union,46127,2018,off_road,1315
Union,46127,2018,passenger_low_speed,8346
Union,46127,2018,pickup_suv_van,13391
Union,46127,2018,recreational,159
Union,46127,2018,snowmobile,188
Union,46127,2018,titles,8171
Union,46127,2018,trailer,5054
Union,46127,2018,truck,912
Union,46127,2017,boat,1824
Union,46127,2017,bus,11
Union,46127,2017,commercial_plate,917
Union,46127,2017,electric,16
Union,46127,2017,gross_vehicle_weight,620
Union,46127,2017,irp_with_prorate_plate,62
Union,46127,2017,motorcycle,1226
Union,46127,2017,off_road,1104
Union,46127,2017,passenger_low_speed,8561
Union,46127,2017,pickup_suv_van,12714
Union,46127,2017,recreational,161
Union,46127,2017,snowmobile,212
Union,46127,2017,titles,8479
Union,46127,2017,trailer,4827
Union,46127,2017,truck,794
Union,46127,2016,boat,1846
Union,46127,2016,bus,11
Union,46127,2016,commercial_plate,986
Union,46127,2016,electric,12
Union,46127,2016,gross_vehicle_weight,658
Union,46127,2016,irp_with_prorate_plate,71
Union,46127,2016,motorcycle,1282
Union,46127,2016,off_road,885
Union,46127,2016,passenger_low_speed,8824
Union,46127,2016,pickup_suv_van,12648
Union,46127,2016,recreational,157
Union,46127,2016,snowmobile,222
Union,46127,2016,titles,8499
Union,46127,2016,trailer,4941
Union,46127,2016,truck,897
Union,46127,2015,boat,1721
Union,46127,2015,bus,25
Union,46127,2015,commercial_plate,845
Union,46127,2015,electric,7
Union,46127,2015,gross_vehicle_weight,659
Union,46127,2015,irp_with_prorate_plate,71
Union,46127,2015,motorcycle,1263
Union,46127,2015,off_road,724
Union,46127,2015,passenger_low_speed,8753
Union,46127,2015,pickup_suv_van,11754
Union,46127,2015,recreational,160
Union,46127,2015,snowmobile,219
Union,46127,2015,titles,8621
Union,46127,2015,trailer,4662
Union,46127,2015,truck,865
Walworth,46129,2025,boat,48
Walworth,46129,2025,bus,3
Walworth,46129,2025,commercial_plate,33
Walworth,46129,2025,electric,0
Walworth,46129,2025,gross_vehicle_weight,47
Walworth,46129,2025,irp_with_prorate_plate,2
Walworth,46129,2025,motorcycle,22
Walworth,46129,2025,off_road,60
Walworth,46129,2025,passenger_low_speed,175
Walworth,46129,2025,pickup_suv_van,491
Walworth,46129,2025,recreational,3
Walworth,46129,2025,snowmobile,5
Walworth,46129,2025,titles,123
Walworth,46129,2025,trailer,265
Walworth,46129,2025,truck,54
Walworth,46129,2024,boat,647
Walworth,46129,2024,bus,21
Walworth,46129,2024,commercial_plate,452
Walworth,46129,2024,electric,7
Walworth,46129,2024,gross_vehicle_weight,469
Walworth,46129,2024,irp_with_prorate_plate,37
Walworth,46129,2024,motorcycle,312
Walworth,46129,2024,off_road,455
Walworth,46129,2024,passenger_low_speed,1578
Walworth,46129,2024,pickup_suv_van,4934
Walworth,46129,2024,recreational,39
Walworth,46129,2024,snowmobile,47
Walworth,46129,2024,titles,2177
Walworth,46129,2024,trailer,2598
Walworth,46129,2024,truck,578
Walworth,46129,2023,boat,652
Walworth,46129,2023,bus,19
Walworth,46129,2023,commercial_plate,491
Walworth,46129,2023,electric,6
Walworth,46129,2023,gross_vehicle_weight,477
Walworth,46129,2023,irp_with_prorate_plate,36
Walworth,46129,2023,motorcycle,297
Walworth,46129,2023,off_road,452
Walworth,46129,2023,passenger_low_speed,1681
Walworth,46129,2023,pickup_suv_van,5065
Walworth,46129,2023,recreational,33
Walworth,46129,2023,snowmobile,60
Walworth,46129,2023,titles,2539
Walworth,46129,2023,trailer,2623
Walworth,46129,2023,truck,608
Walworth,46129,2022,boat,638
Walworth,46129,2022,bus,12
Walworth,46129,2022,commercial_plate,471
Walworth,46129,2022,commercial_plate,470
Walworth,46129,2022,electric,4
Walworth,46129,2022,gross_vehicle_weight,422
Walworth,46129,2022,gross_vehicle_weight,426
Walworth,46129,2022,irp_with_prorate_plate,35
Walworth,46129,2022,motorcycle,315
Walworth,46129,2022,off_road,387
Walworth,46129,2022,off_road,388
Walworth,46129,2022,passenger_low_speed,1704
Walworth,46129,2022,passenger_low_speed,1705
Walworth,46129,2022,pickup_suv_van,4743
Walworth,46129,2022,pickup_suv_van,4749
Walworth,46129,2022,recreational,33
Walworth,46129,2022,snowmobile,45
Walworth,46129,2022,titles,2242
Walworth,46129,2022,trailer,2524
Walworth,46129,2022,truck,570
Walworth,46129,2021,boat,685
Walworth,46129,2021,bus,13
Walworth,46129,2021,commercial_plate,472
Walworth,46129,2021,electric,4
Walworth,46129,2021,gross_vehicle_weight,446
Walworth,46129,2021,gross_vehicle_weight,451
Walworth,46129,2021,irp_with_prorate_plate,36
Walworth,46129,2021,motorcycle,297
Walworth,46129,2021,off_road,375
Walworth,46129,2021,passenger_low_speed,1869
Walworth,46129,2021,pickup_suv_van,4900
Walworth,46129,2021,recreational,34
Walworth,46129,2021,snowmobile,53
Walworth,46129,2021,titles,2624
Walworth,46129,2021,trailer,2693
Walworth,46129,2021,truck,597
Walworth,46129,2020,boat,697
Walworth,46129,2020,bus,13
Walworth,46129,2020,commercial_plate,442
Walworth,46129,2020,electric,4
Walworth,46129,2020,gross_vehicle_weight,441
Walworth,46129,2020,gross_vehicle_weight,447
Walworth,46129,2020,irp_with_prorate_plate,24
Walworth,46129,2020,motorcycle,300
Walworth,46129,2020,off_road,362
Walworth,46129,2020,passenger_low_speed,1838
Walworth,46129,2020,pickup_suv_van,4743
Walworth,46129,2020,recreational,34
Walworth,46129,2020,snowmobile,72
Walworth,46129,2020,titles,2433
Walworth,46129,2020,trailer,2549
Walworth,46129,2020,truck,568
Walworth,46129,2019,boat,664
Walworth,46129,2019,bus,19
Walworth,46129,2019,commercial_plate,439
Walworth,46129,2019,electric,4
Walworth,46129,2019,gross_vehicle_weight,460
Walworth,46129,2019,gross_vehicle_weight,466
Walworth,46129,2019,irp_with_prorate_plate,27
Walworth,46129,2019,motorcycle,287
Walworth,46129,2019,off_road,364
Walworth,46129,2019,passenger_low_speed,1926
Walworth,46129,2019,pickup_suv_van,4606
Walworth,46129,2019,recreational,34
Walworth,46129,2019,snowmobile,76
Walworth,46129,2019,titles,2341
Walworth,46129,2019,trailer,2452
Walworth,46129,2019,truck,568
Walworth,46129,2018,boat,655
Walworth,46129,2018,bus,22
Walworth,46129,2018,commercial_plate,449
Walworth,46129,2018,electric,4
Walworth,46129,2018,gross_vehicle_weight,475
Walworth,46129,2018,gross_vehicle_weight,481
Walworth,46129,2018,irp_with_prorate_plate,23
Walworth,46129,2018,motorcycle,311
Walworth,46129,2018,off_road,317
Walworth,46129,2018,passenger_low_speed,2111
Walworth,46129,2018,pickup_suv_van,4646
Walworth,46129,2018,recreational,45
Walworth,46129,2018,snowmobile,71
Walworth,46129,2018,titles,2470
Walworth,46129,2018,trailer,2529
Walworth,46129,2018,truck,646
Walworth,46129,2017,boat,701
Walworth,46129,2017,bus,12
Walworth,46129,2017,commercial_plate,461
Walworth,46129,2017,electric,3
Walworth,46129,2017,gross_vehicle_weight,459
Walworth,46129,2017,irp_with_prorate_plate,20
Walworth,46129,2017,motorcycle,318
Walworth,46129,2017,off_road,323
Walworth,46129,2017,passenger_low_speed,2214
Walworth,46129,2017,pickup_suv_van,4528
Walworth,46129,2017,recreational,37
Walworth,46129,2017,snowmobile,69
Walworth,46129,2017,titles,2411
Walworth,46129,2017,trailer,2534
Walworth,46129,2017,truck,618
Walworth,46129,2016,boat,682
Walworth,46129,2016,bus,13
Walworth,46129,2016,commercial_plate,473
Walworth,46129,2016,electric,6
Walworth,46129,2016,gross_vehicle_weight,460
Walworth,46129,2016,irp_with_prorate_plate,20
Walworth,46129,2016,motorcycle,328
Walworth,46129,2016,off_road,332
Walworth,46129,2016,passenger_low_speed,2289
Walworth,46129,2016,pickup_suv_van,4459
Walworth,46129,2016,recreational,41
Walworth,46129,2016,snowmobile,74
Walworth,46129,2016,titles,2259
Walworth,46129,2016,trailer,2499
Walworth,46129,2016,truck,627
Walworth,46129,2015,boat,678
Walworth,46129,2015,bus,49
Walworth,46129,2015,commercial_plate,475
Walworth,46129,2015,electric,6
Walworth,46129,2015,gross_vehicle_weight,492
Walworth,46129,2015,irp_with_prorate_plate,20
Walworth,46129,2015,motorcycle,299
Walworth,46129,2015,off_road,268
Walworth,46129,2015,passenger_low_speed,2359
Walworth,46129,2015,pickup_suv_van,4374
Walworth,46129,2015,recreational,42
Walworth,46129,2015,snowmobile,80
Walworth,46129,2015,titles,2605
Walworth,46129,2015,trailer,2607
Walworth,46129,2015,truck,731
Yankton,46135,2025,boat,233
Yankton,46135,2025,bus,0
Yankton,46135,2025,commercial_plate,167
Yankton,46135,2025,electric,4
Yankton,46135,2025,gross_vehicle_weight,64
Yankton,46135,2025,irp_with_prorate_plate,7
Yankton,46135,2025,motorcycle,143
Yankton,46135,2025,off_road,143
Yankton,46135,2025,passenger_low_speed,827
Yankton,46135,2025,pickup_suv_van,2298
Yankton,46135,2025,recreational,12
Yankton,46135,2025,snowmobile,25
Yankton,46135,2025,titles,568
Yankton,46135,2025,trailer,735
Yankton,46135,2025,truck,81
Yankton,46135,2024,boat,2129
Yankton,46135,2024,bus,15
Yankton,46135,2024,commercial_plate,1078
Yankton,46135,2024,electric,43
Yankton,46135,2024,gross_vehicle_weight,817
Yankton,46135,2024,irp_with_prorate_plate,141
Yankton,46135,2024,motorcycle,1443
Yankton,46135,2024,off_road,1098
Yankton,46135,2024,passenger_low_speed,7107
Yankton,46135,2024,pickup_suv_van,18492
Yankton,46135,2024,recreational,134
Yankton,46135,2024,snowmobile,126
Yankton,46135,2024,titles,7592
Yankton,46135,2024,trailer,6437
Yankton,46135,2024,truck,1086
Yankton,46135,2023,boat,2217
Yankton,46135,2023,bus,15
Yankton,46135,2023,commercial_plate,1139
Yankton,46135,2023,electric,32
Yankton,46135,2023,gross_vehicle_weight,860
Yankton,46135,2023,irp_with_prorate_plate,151
Yankton,46135,2023,motorcycle,1470
Yankton,46135,2023,off_road,1082
Yankton,46135,2023,passenger_low_speed,7718
Yankton,46135,2023,pickup_suv_van,18928
Yankton,46135,2023,recreational,149
Yankton,46135,2023,snowmobile,125
Yankton,46135,2023,titles,8618
Yankton,46135,2023,trailer,6687
Yankton,46135,2023,truck,1145
Yankton,46135,2022,boat,2218
Yankton,46135,2022,bus,13
Yankton,46135,2022,commercial_plate,1178
Yankton,46135,2022,electric,29
Yankton,46135,2022,gross_vehicle_weight,812
Yankton,46135,2022,gross_vehicle_weight,827
Yankton,46135,2022,irp_with_prorate_plate,159
Yankton,46135,2022,motorcycle,1454
Yankton,46135,2022,motorcycle,1453
Yankton,46135,2022,off_road,966
Yankton,46135,2022,passenger_low_speed,7812
Yankton,46135,2022,passenger_low_speed,7816
Yankton,46135,2022,pickup_suv_van,17775
Yankton,46135,2022,pickup_suv_van,17791
Yankton,46135,2022,recreational,146
Yankton,46135,2022,snowmobile,93
Yankton,46135,2022,titles,8042
Yankton,46135,2022,titles,8043
Yankton,46135,2022,trailer,6597
Yankton,46135,2022,trailer,6600
Yankton,46135,2022,truck,1132
Yankton,46135,2021,boat,2296
Yankton,46135,2021,bus,14
Yankton,46135,2021,commercial_plate,1136
Yankton,46135,2021,electric,21
Yankton,46135,2021,gross_vehicle_weight,872
Yankton,46135,2021,gross_vehicle_weight,879
Yankton,46135,2021,irp_with_prorate_plate,174
Yankton,46135,2021,motorcycle,1553
Yankton,46135,2021,motorcycle,1552
Yankton,46135,2021,off_road,909
Yankton,46135,2021,passenger_low_speed,8502
Yankton,46135,2021,pickup_suv_van,17622
Yankton,46135,2021,recreational,154
Yankton,46135,2021,snowmobile,119
Yankton,46135,2021,titles,9279
Yankton,46135,2021,trailer,6698
Yankton,46135,2021,truck,1187
Yankton,46135,2020,boat,2284
Yankton,46135,2020,bus,19
Yankton,46135,2020,commercial_plate,1116
Yankton,46135,2020,electric,9
Yankton,46135,2020,gross_vehicle_weight,843
Yankton,46135,2020,gross_vehicle_weight,851
Yankton,46135,2020,irp_with_prorate_plate,166
Yankton,46135,2020,motorcycle,1432
Yankton,46135,2020,off_road,830
Yankton,46135,2020,passenger_low_speed,8783
Yankton,46135,2020,pickup_suv_van,16991
Yankton,46135,2020,recreational,148
Yankton,46135,2020,snowmobile,98
Yankton,46135,2020,titles,9134
Yankton,46135,2020,trailer,6484
Yankton,46135,2020,truck,1133
Yankton,46135,2019,boat,2163
Yankton,46135,2019,bus,14
Yankton,46135,2019,commercial_plate,1070
Yankton,46135,2019,electric,12
Yankton,46135,2019,gross_vehicle_weight,817
Yankton,46135,2019,gross_vehicle_weight,822
Yankton,46135,2019,irp_with_prorate_plate,200
Yankton,46135,2019,motorcycle,1441
Yankton,46135,2019,off_road,707
Yankton,46135,2019,passenger_low_speed,9131
Yankton,46135,2019,pickup_suv_van,16650
Yankton,46135,2019,recreational,122
Yankton,46135,2019,snowmobile,95
Yankton,46135,2019,titles,8766
Yankton,46135,2019,trailer,6052
Yankton,46135,2019,truck,1121
Yankton,46135,2018,boat,2231
Yankton,46135,2018,bus,47
Yankton,46135,2018,commercial_plate,1102
Yankton,46135,2018,electric,11
Yankton,46135,2018,gross_vehicle_weight,855
Yankton,46135,2018,gross_vehicle_weight,863
Yankton,46135,2018,irp_with_prorate_plate,201
Yankton,46135,2018,motorcycle,1431
Yankton,46135,2018,off_road,610
Yankton,46135,2018,passenger_low_speed,9642
Yankton,46135,2018,pickup_suv_van,16276
Yankton,46135,2018,recreational,129
Yankton,46135,2018,snowmobile,90
Yankton,46135,2018,titles,8752
Yankton,46135,2018,trailer,6298
Yankton,46135,2018,truck,1189
Yankton,46135,2017,boat,2250
Yankton,46135,2017,bus,13
Yankton,46135,2017,commercial_plate,1115
Yankton,46135,2017,electric,7
Yankton,46135,2017,gross_vehicle_weight,886
Yankton,46135,2017,irp_with_prorate_plate,198
Yankton,46135,2017,motorcycle,1409
Yankton,46135,2017,off_road,554
Yankton,46135,2017,passenger_low_speed,9866
Yankton,46135,2017,pickup_suv_van,15542
Yankton,46135,2017,recreational,132
Yankton,46135,2017,snowmobile,92
Yankton,46135,2017,titles,9010
Yankton,46135,2017,trailer,6122
Yankton,46135,2017,truck,1175
Yankton,46135,2016,boat,2227
Yankton,46135,2016,bus,15
Yankton,46135,2016,commercial_plate,1095
Yankton,46135,2016,electric,7
Yankton,46135,2016,gross_vehicle_weight,884
Yankton,46135,2016,irp_with_prorate_plate,225
Yankton,46135,2016,motorcycle,1431
Yankton,46135,2016,off_road,505
Yankton,46135,2016,passenger_low_speed,10263
Yankton,46135,2016,pickup_suv_van,15115
Yankton,46135,2016,recreational,145
Yankton,46135,2016,snowmobile,97
Yankton,46135,2016,titles,8914
Yankton,46135,2016,trailer,6143
Yankton,46135,2016,truck,1201
Yankton,46135,2015,boat,2201
Yankton,46135,2015,bus,7
Yankton,46135,2015,commercial_plate,1077
Yankton,46135,2015,electric,6
Yankton,46135,2015,gross_vehicle_weight,906
Yankton,46135,2015,irp_with_prorate_plate,215
Yankton,46135,2015,motorcycle,1367
Yankton,46135,2015,off_road,465
Yankton,46135,2015,passenger_low_speed,10390
Yankton,46135,2015,pickup_suv_van,14607
Yankton,46135,2015,recreational,139
Yankton,46135,2015,snowmobile,107
Yankton,46135,2015,titles,9372
Yankton,46135,2015,trailer,6009
Yankton,46135,2015,truck,1256
Ziebach,46137,2025,boat,5
Ziebach,46137,2025,bus,0
Ziebach,46137,2025,commercial_plate,3
Ziebach,46137,2025,electric,0
Ziebach,46137,2025,gross_vehicle_weight,19
Ziebach,46137,2025,irp_with_prorate_plate,0
Ziebach,46137,2025,motorcycle,0
Ziebach,46137,2025,off_road,7
Ziebach,46137,2025,passenger_low_speed,41
Ziebach,46137,2025,pickup_suv_van,163
Ziebach,46137,2025,recreational,0
Ziebach,46137,2025,snowmobile,4
Ziebach,46137,2025,titles,35
Ziebach,46137,2025,trailer,83
Ziebach,46137,2025,truck,15
Ziebach,46137,2024,boat,42
Ziebach,46137,2024,bus,3
Ziebach,46137,2024,commercial_plate,11
Ziebach,46137,2024,electric,0
Ziebach,46137,2024,gross_vehicle_weight,218
Ziebach,46137,2024,irp_with_prorate_plate,0
Ziebach,46137,2024,motorcycle,38
Ziebach,46137,2024,off_road,39
Ziebach,46137,2024,passenger_low_speed,496
Ziebach,46137,2024,pickup_suv_van,1643
Ziebach,46137,2024,recreational,5
Ziebach,46137,2024,snowmobile,5
Ziebach,46137,2024,titles,793
Ziebach,46137,2024,trailer,706
Ziebach,46137,2024,truck,182
Ziebach,46137,2023,boat,44
Ziebach,46137,2023,bus,2
Ziebach,46137,2023,commercial_plate,18
Ziebach,46137,2023,electric,0
Ziebach,46137,2023,gross_vehicle_weight,206
Ziebach,46137,2023,irp_with_prorate_plate,2
Ziebach,46137,2023,motorcycle,43
Ziebach,46137,2023,off_road,35
Ziebach,46137,2023,passenger_low_speed,548
Ziebach,46137,2023,pickup_suv_van,1671
Ziebach,46137,2023,recreational,2
Ziebach,46137,2023,snowmobile,13
Ziebach,46137,2023,titles,729
Ziebach,46137,2023,trailer,688
Ziebach,46137,2023,truck,176
Ziebach,46137,2022,boat,42
Ziebach,46137,2022,bus,4
Ziebach,46137,2022,commercial_plate,14
Ziebach,46137,2022,electric,0
Ziebach,46137,2022,gross_vehicle_weight,222
Ziebach,46137,2022,irp_with_prorate_plate,2
Ziebach,46137,2022,motorcycle,47
Ziebach,46137,2022,off_road,34
Ziebach,46137,2022,passenger_low_speed,630
Ziebach,46137,2022,pickup_suv_van,1745
Ziebach,46137,2022,recreational,2
Ziebach,46137,2022,snowmobile,2
Ziebach,46137,2022,titles,796
Ziebach,46137,2022,trailer,681
Ziebach,46137,2022,truck,183
Ziebach,46137,2021,boat,43
Ziebach,46137,2021,bus,4
Ziebach,46137,2021,commercial_plate,12
Ziebach,46137,2021,electric,0
Ziebach,46137,2021,gross_vehicle_weight,236
Ziebach,46137,2021,gross_vehicle_weight,237
Ziebach,46137,2021,irp_with_prorate_plate,4
Ziebach,46137,2021,motorcycle,48
Ziebach,46137,2021,off_road,36
Ziebach,46137,2021,passenger_low_speed,758
Ziebach,46137,2021,pickup_suv_van,1851
Ziebach,46137,2021,recreational,1
Ziebach,46137,2021,snowmobile,5
Ziebach,46137,2021,titles,997
Ziebach,46137,2021,trailer,711
Ziebach,46137,2021,truck,196
Ziebach,46137,2020,boat,37
Ziebach,46137,2020,bus,2
Ziebach,46137,2020,commercial_plate,15
Ziebach,46137,2020,electric,0
Ziebach,46137,2020,gross_vehicle_weight,219
Ziebach,46137,2020,irp_with_prorate_plate,2
Ziebach,46137,2020,motorcycle,51
Ziebach,46137,2020,off_road,27
Ziebach,46137,2020,passenger_low_speed,704
Ziebach,46137,2020,pickup_suv_van,1796
Ziebach,46137,2020,recreational,5
Ziebach,46137,2020,snowmobile,4
Ziebach,46137,2020,titles,831
Ziebach,46137,2020,trailer,694
Ziebach,46137,2020,truck,175
Ziebach,46137,2019,boat,37
Ziebach,46137,2019,bus,2
Ziebach,46137,2019,commercial_plate,13
Ziebach,46137,2019,electric,0
Ziebach,46137,2019,gross_vehicle_weight,241
Ziebach,46137,2019,gross_vehicle_weight,242
Ziebach,46137,2019,irp_with_prorate_plate,2
Ziebach,46137,2019,motorcycle,62
Ziebach,46137,2019,off_road,33
Ziebach,46137,2019,passenger_low_speed,710
Ziebach,46137,2019,pickup_suv_van,1697
Ziebach,46137,2019,recreational,5
Ziebach,46137,2019,snowmobile,6
Ziebach,46137,2019,titles,832
Ziebach,46137,2019,trailer,718
Ziebach,46137,2019,truck,189
Ziebach,46137,2018,boat,42
Ziebach,46137,2018,bus,5
Ziebach,46137,2018,commercial_plate,15
Ziebach,46137,2018,electric,0
Ziebach,46137,2018,gross_vehicle_weight,234
Ziebach,46137,2018,gross_vehicle_weight,236
Ziebach,46137,2018,irp_with_prorate_plate,5
Ziebach,46137,2018,motorcycle,54
Ziebach,46137,2018,off_road,29
Ziebach,46137,2018,passenger_low_speed,734
Ziebach,46137,2018,pickup_suv_van,1704
Ziebach,46137,2018,recreational,4
Ziebach,46137,2018,snowmobile,16
Ziebach,46137,2018,titles,896
Ziebach,46137,2018,trailer,708
Ziebach,46137,2018,truck,216
Ziebach,46137,2017,boat,54
Ziebach,46137,2017,bus,2
Ziebach,46137,2017,commercial_plate,16
Ziebach,46137,2017,electric,0
Ziebach,46137,2017,gross_vehicle_weight,247
Ziebach,46137,2017,irp_with_prorate_plate,5
Ziebach,46137,2017,motorcycle,56
Ziebach,46137,2017,off_road,35
Ziebach,46137,2017,passenger_low_speed,755
Ziebach,46137,2017,pickup_suv_van,1650
Ziebach,46137,2017,recreational,7
Ziebach,46137,2017,snowmobile,19
Ziebach,46137,2017,titles,791
Ziebach,46137,2017,trailer,703
Ziebach,46137,2017,truck,204
Ziebach,46137,2016,boat,64
Ziebach,46137,2016,bus,2
Ziebach,46137,2016,commercial_plate,16
Ziebach,46137,2016,electric,0
Ziebach,46137,2016,gross_vehicle_weight,225
Ziebach,46137,2016,irp_with_prorate_plate,6
Ziebach,46137,2016,motorcycle,51
Ziebach,46137,2016,off_road,30
Ziebach,46137,2016,passenger_low_speed,825
Ziebach,46137,2016,pickup_suv_van,1636
Ziebach,46137,2016,recreational,7
Ziebach,46137,2016,snowmobile,17
Ziebach,46137,2016,titles,812
Ziebach,46137,2016,trailer,719
Ziebach,46137,2016,truck,195
Ziebach,46137,2015,boat,65
Ziebach,46137,2015,bus,0
Ziebach,46137,2015,commercial_plate,13
Ziebach,46137,2015,electric,0
Ziebach,46137,2015,gross_vehicle_weight,248
Ziebach,46137,2015,irp_with_prorate_plate,7
Ziebach,46137,2015,motorcycle,60
Ziebach,46137,2015,off_road,26
Ziebach,46137,2015,passenger_low_speed,877
Ziebach,46137,2015,pickup_suv_van,1706
Ziebach,46137,2015,recreational,4
Ziebach,46137,2015,snowmobile,15
Ziebach,46137,2015,titles,1212
Ziebach,46137,2015,trailer,736
Ziebach,46137,2015,truck,242
